hall_key,hall_name,report_date,weekday,report_url,report_id,event_type,event_note,total_diff,avg_diff,avg_game,featured,collected_at,raw_path
%E3%83%91%E3%83%BC%E3%83%A9%E3%83%BC%E3%82%BE%E3%83%BC%E3%83%B3%E5%A7%AA%E6%B5%9C,パーラーゾーン姪浜,2026-05-12,火,https://min-repo.com/3098106/,3098106,,,-12150,-43,2620,,2026-05-13T14:25:37,data/raw/2026-05-13/_E3_83_91_E3_83_BC_E3_83_A9_E3_83_BC_E3_82_BE_E3_83_BC_E3_83_B3_E5_A7_AA_E6_B5_9C_list.html
%E3%83%91%E3%83%BC%E3%83%A9%E3%83%BC%E3%82%BE%E3%83%BC%E3%83%B3%E5%A7%AA%E6%B5%9C,パーラーゾーン姪浜,2026-05-10,日,https://min-repo.com/3095126/,3095126,,,83360,298,4188,"▲スマスロ ミリオンゴッド-神々の軌跡-
▲スマスロ ゴッドイーター リザレクション
▲スマスロ 甲鉄城のカバネリ 海門決戦
▲スマスロ スーパーブラックジャック",2026-05-13T14:26:10,data/raw/2026-05-13/_E3_83_91_E3_83_BC_E3_83_A9_E3_83_BC_E3_82_BE_E3_83_BC_E3_83_B3_E5_A7_AA_E6_B5_9C_list.html
%E3%83%91%E3%83%BC%E3%83%A9%E3%83%BC%E3%82%BE%E3%83%BC%E3%83%B3%E5%A7%AA%E6%B5%9C,パーラーゾーン姪浜,2026-05-09,土,https://min-repo.com/3091889/,3091889,並び・全台系イベント,1の位が9の日。設定が並び、全台系、かたまり系で入る想定。,73920,264,5651,"◎スマスロ 甲鉄城のカバネリ 海門決戦
▲末尾3",2026-05-13T14:26:10,data/raw/2026-05-13/_E3_83_91_E3_83_BC_E3_83_A9_E3_83_BC_E3_82_BE_E3_83_BC_E3_83_B3_E5_A7_AA_E6_B5_9C_list.html
%E3%83%91%E3%83%BC%E3%83%A9%E3%83%BC%E3%82%BE%E3%83%BC%E3%83%B3%E5%A7%AA%E6%B5%9C,パーラーゾーン姪浜,2026-05-08,金,https://min-repo.com/3091192/,3091192,,,,,2628,◯L戦国乙女４　戦乱に閃く炯眼の軍師,2026-05-13T14:23:03,data/raw/2026-05-13/_E3_83_91_E3_83_BC_E3_83_A9_E3_83_BC_E3_82_BE_E3_83_BC_E3_83_B3_E5_A7_AA_E6_B5_9C_list.html
%E3%83%91%E3%83%BC%E3%83%A9%E3%83%BC%E3%82%BE%E3%83%BC%E3%83%B3%E5%A7%AA%E6%B5%9C,パーラーゾーン姪浜,2026-05-07,木,https://min-repo.com/3088259/,3088259,,,46510,166,3254,◯末尾1,2026-05-13T14:23:03,data/raw/2026-05-13/_E3_83_91_E3_83_BC_E3_83_A9_E3_83_BC_E3_82_BE_E3_83_BC_E3_83_B3_E5_A7_AA_E6_B5_9C_list.html
%E3%83%91%E3%83%BC%E3%83%A9%E3%83%BC%E3%82%BE%E3%83%BC%E3%83%B3%E5%A7%AA%E6%B5%9C,パーラーゾーン姪浜,2026-05-06,水,https://min-repo.com/3085974/,3085974,メリハリ設定,1の位が6の日。設定1でなければ6の可能性が高い想定。,8400,30,5404,"☆ハッピージャグラーＶＩＩＩ
▲スマスロ秘宝伝
▲スマスロ スーパーブラックジャック",2026-05-13T14:26:10,data/raw/2026-05-13/_E3_83_91_E3_83_BC_E3_83_A9_E3_83_BC_E3_82_BE_E3_83_BC_E3_83_B3_E5_A7_AA_E6_B5_9C_list.html
%E3%83%91%E3%83%BC%E3%83%A9%E3%83%BC%E3%82%BE%E3%83%BC%E3%83%B3%E5%A7%AA%E6%B5%9C,パーラーゾーン姪浜,2026-05-05,火,https://min-repo.com/3083570/,3083570,ジャグラー強め,1の位が5の日。比較的ジャグラー系が強い想定。,74550,266,6235,"◎Lパチスロ 機動戦士ガンダムユニコーン 覚醒DRIVE
◯ゴーゴージャグラー３
▲スマスロ痛いのは嫌なので防御力に極振りしたいと思います。
◯末尾0",2026-05-13T14:23:03,data/raw/2026-05-13/_E3_83_91_E3_83_BC_E3_83_A9_E3_83_BC_E3_82_BE_E3_83_BC_E3_83_B3_E5_A7_AA_E6_B5_9C_list.html
%E3%83%91%E3%83%BC%E3%83%A9%E3%83%BC%E3%82%BE%E3%83%BC%E3%83%B3%E5%A7%AA%E6%B5%9C,パーラーゾーン姪浜,2026-05-04,月,https://min-repo.com/3082046/,3082046,,,,,3933,▲吉宗,2026-05-13T14:23:03,data/raw/2026-05-13/_E3_83_91_E3_83_BC_E3_83_A9_E3_83_BC_E3_82_BE_E3_83_BC_E3_83_B3_E5_A7_AA_E6_B5_9C_list.html
%E3%83%91%E3%83%BC%E3%83%A9%E3%83%BC%E3%82%BE%E3%83%BC%E3%83%B3%E5%A7%AA%E6%B5%9C,パーラーゾーン姪浜,2026-05-03,日,https://min-repo.com/3079545/,3079545,末尾系イベント,1の位が3の日。末尾の台番号に当たりがある想定。,41530,148,5130,"◯スマスロ化物語
▲Lパチスロ革命機ヴァルヴレイヴ2",2026-05-13T14:26:10,data/raw/2026-05-13/_E3_83_91_E3_83_BC_E3_83_A9_E3_83_BC_E3_82_BE_E3_83_BC_E3_83_B3_E5_A7_AA_E6_B5_9C_list.html
%E3%83%91%E3%83%BC%E3%83%A9%E3%83%BC%E3%82%BE%E3%83%BC%E3%83%B3%E5%A7%AA%E6%B5%9C,パーラーゾーン姪浜,2026-05-02,土,https://min-repo.com/3078172/,3078172,,,23870,85,4316,"☆スマスロ 沖ドキ!DUO アンコール
◎スマスロ 東京リベンジャーズ
▲スマスロ痛いのは嫌なので防御力に極振りしたいと思います。
▲スマスロ新鬼武者3",2026-05-13T14:26:10,data/raw/2026-05-13/_E3_83_91_E3_83_BC_E3_83_A9_E3_83_BC_E3_82_BE_E3_83_BC_E3_83_B3_E5_A7_AA_E6_B5_9C_list.html
%E3%83%91%E3%83%BC%E3%83%A9%E3%83%BC%E3%82%BE%E3%83%BC%E3%83%B3%E5%A7%AA%E6%B5%9C,パーラーゾーン姪浜,2026-05-01,金,https://min-repo.com/3077228/,3077228,,,9150,33,4870,"☆吉宗
◎スマスロ 東京リベンジャーズ
◯スマスロ ハナビ
▲スマスロ 沖ドキ!DUO アンコール",2026-05-13T14:23:03,data/raw/2026-05-13/_E3_83_91_E3_83_BC_E3_83_A9_E3_83_BC_E3_82_BE_E3_83_BC_E3_83_B3_E5_A7_AA_E6_B5_9C_list.html
%E3%83%91%E3%83%BC%E3%83%A9%E3%83%BC%E3%82%BE%E3%83%BC%E3%83%B3%E5%A7%AA%E6%B5%9C,パーラーゾーン姪浜,2026-04-30,木,https://min-repo.com/3075133/,3075133,,,23160,83,3815,☆マイジャグラーV,2026-05-13T14:23:03,data/raw/2026-05-13/_E3_83_91_E3_83_BC_E3_83_A9_E3_83_BC_E3_82_BE_E3_83_BC_E3_83_B3_E5_A7_AA_E6_B5_9C_list.html
%E3%83%91%E3%83%BC%E3%83%A9%E3%83%BC%E3%82%BE%E3%83%BC%E3%83%B3%E5%A7%AA%E6%B5%9C,パーラーゾーン姪浜,2026-04-29,水,https://min-repo.com/3072722/,3072722,並び・全台系イベント,1の位が9の日。設定が並び、全台系、かたまり系で入る想定。,18710,67,5508,"◎Lパチスロ 機動戦士ガンダムユニコーン 覚醒DRIVE
◯スマスロ ハナビ
◯L戦国乙女４　戦乱に閃く炯眼の軍師
▲スマスロ 沖ドキ!DUO アンコール
▲チバリヨ2
▲スマスロ鉄拳6
▲スマスロ ゴッドイーター リザレクション
▲Lパチスロ革命機ヴァルヴレイヴ",2026-05-13T14:26:10,data/raw/2026-05-13/_E3_83_91_E3_83_BC_E3_83_A9_E3_83_BC_E3_82_BE_E3_83_BC_E3_83_B3_E5_A7_AA_E6_B5_9C_list.html
%E3%83%91%E3%83%BC%E3%83%A9%E3%83%BC%E3%82%BE%E3%83%BC%E3%83%B3%E5%A7%AA%E6%B5%9C,パーラーゾーン姪浜,2026-04-28,火,https://min-repo.com/3070758/,3070758,,,,,3018,,2026-05-13T14:23:03,data/raw/2026-05-13/_E3_83_91_E3_83_BC_E3_83_A9_E3_83_BC_E3_82_BE_E3_83_BC_E3_83_B3_E5_A7_AA_E6_B5_9C_list.html
%E3%83%91%E3%83%BC%E3%83%A9%E3%83%BC%E3%82%BE%E3%83%BC%E3%83%B3%E5%A7%AA%E6%B5%9C,パーラーゾーン姪浜,2026-04-27,月,https://min-repo.com/3068736/,3068736,,,46060,165,2873,"☆Lパチスロ 機動戦士ガンダムユニコーン 覚醒DRIVE
▲末尾8",2026-05-13T14:23:03,data/raw/2026-05-13/_E3_83_91_E3_83_BC_E3_83_A9_E3_83_BC_E3_82_BE_E3_83_BC_E3_83_B3_E5_A7_AA_E6_B5_9C_list.html
%E3%83%91%E3%83%BC%E3%83%A9%E3%83%BC%E3%82%BE%E3%83%BC%E3%83%B3%E5%A7%AA%E6%B5%9C,パーラーゾーン姪浜,2026-04-26,日,https://min-repo.com/3065165/,3065165,メリハリ設定,1の位が6の日。設定1でなければ6の可能性が高い想定。,76660,274,4944,"☆L南国育ち
▲スマスロ鉄拳6
▲チバリヨ2
▲スマスロ秘宝伝
▲スマスロモンキーターンV",2026-05-13T14:26:10,data/raw/2026-05-13/_E3_83_91_E3_83_BC_E3_83_A9_E3_83_BC_E3_82_BE_E3_83_BC_E3_83_B3_E5_A7_AA_E6_B5_9C_list.html
%E3%83%91%E3%83%BC%E3%83%A9%E3%83%BC%E3%82%BE%E3%83%BC%E3%83%B3%E5%A7%AA%E6%B5%9C,パーラーゾーン姪浜,2026-04-25,土,https://min-repo.com/3063150/,3063150,ジャグラー強め,1の位が5の日。比較的ジャグラー系が強い想定。,-3750,-13,5023,"◎スマスロ ミリオンゴッド-神々の軌跡-
▲スマスロ痛いのは嫌なので防御力に極振りしたいと思います。
▲吉宗
▲スマスロ 沖ドキ!DUO アンコール",2026-05-13T14:26:10,data/raw/2026-05-13/_E3_83_91_E3_83_BC_E3_83_A9_E3_83_BC_E3_82_BE_E3_83_BC_E3_83_B3_E5_A7_AA_E6_B5_9C_list.html
%E3%83%91%E3%83%BC%E3%83%A9%E3%83%BC%E3%82%BE%E3%83%BC%E3%83%B3%E5%A7%AA%E6%B5%9C,パーラーゾーン姪浜,2026-04-24,金,https://min-repo.com/3062046/,3062046,,,,,2910,,2026-05-13T14:23:03,data/raw/2026-05-13/_E3_83_91_E3_83_BC_E3_83_A9_E3_83_BC_E3_82_BE_E3_83_BC_E3_83_B3_E5_A7_AA_E6_B5_9C_list.html
%E3%83%91%E3%83%BC%E3%83%A9%E3%83%BC%E3%82%BE%E3%83%BC%E3%83%B3%E5%A7%AA%E6%B5%9C,パーラーゾーン姪浜,2026-04-23,木,https://min-repo.com/3059373/,3059373,末尾系イベント,1の位が3の日。末尾の台番号に当たりがある想定。,-3100,-11,3566,▲スマスロ鉄拳6,2026-05-13T14:26:10,data/raw/2026-05-13/_E3_83_91_E3_83_BC_E3_83_A9_E3_83_BC_E3_82_BE_E3_83_BC_E3_83_B3_E5_A7_AA_E6_B5_9C_list.html
%E3%83%91%E3%83%BC%E3%83%A9%E3%83%BC%E3%82%BE%E3%83%BC%E3%83%B3%E5%A7%AA%E6%B5%9C,パーラーゾーン姪浜,2026-04-22,水,https://min-repo.com/3057166/,3057166,,,,,3425,▲沖ドキ！ＧＯＬＤ,2026-05-13T14:23:03,data/raw/2026-05-13/_E3_83_91_E3_83_BC_E3_83_A9_E3_83_BC_E3_82_BE_E3_83_BC_E3_83_B3_E5_A7_AA_E6_B5_9C_list.html
%E3%83%91%E3%83%BC%E3%83%A9%E3%83%BC%E3%82%BE%E3%83%BC%E3%83%B3%E5%A7%AA%E6%B5%9C,パーラーゾーン姪浜,2026-04-20,月,https://min-repo.com/3054568/,3054568,,,5100,18,2908,▲スマスロモンキーターンV,2026-05-13T14:23:03,data/raw/2026-05-13/_E3_83_91_E3_83_BC_E3_83_A9_E3_83_BC_E3_82_BE_E3_83_BC_E3_83_B3_E5_A7_AA_E6_B5_9C_list.html
%E3%83%91%E3%83%BC%E3%83%A9%E3%83%BC%E3%82%BE%E3%83%BC%E3%83%B3%E5%A7%AA%E6%B5%9C,パーラーゾーン姪浜,2026-04-19,日,https://min-repo.com/3051254/,3051254,並び・全台系イベント,1の位が9の日。設定が並び、全台系、かたまり系で入る想定。,-13240,-47,5169,"◯スマスロ 東京リベンジャーズ
▲L南国育ち",2026-05-13T14:26:10,data/raw/2026-05-13/_E3_83_91_E3_83_BC_E3_83_A9_E3_83_BC_E3_82_BE_E3_83_BC_E3_83_B3_E5_A7_AA_E6_B5_9C_list.html
%E3%83%91%E3%83%BC%E3%83%A9%E3%83%BC%E3%82%BE%E3%83%BC%E3%83%B3%E5%A7%AA%E6%B5%9C,パーラーゾーン姪浜,2026-04-18,土,https://min-repo.com/3049345/,3049345,,,86200,308,4762,"◯スマスロ 東京リベンジャーズ
▲チバリヨ2
▲スマスロ痛いのは嫌なので防御力に極振りしたいと思います。
▲スマスロ スーパーブラックジャック
▲Lパチスロ かぐや様は告らせたい",2026-05-13T14:26:10,data/raw/2026-05-13/_E3_83_91_E3_83_BC_E3_83_A9_E3_83_BC_E3_82_BE_E3_83_BC_E3_83_B3_E5_A7_AA_E6_B5_9C_list.html
%E3%83%91%E3%83%BC%E3%83%A9%E3%83%BC%E3%82%BE%E3%83%BC%E3%83%B3%E5%A7%AA%E6%B5%9C,パーラーゾーン姪浜,2026-04-17,金,https://min-repo.com/3048434/,3048434,,,26130,93,2647,"☆スマスロ 攻殻機動隊
▲スマスロ秘宝伝
▲吉宗",2026-05-13T14:23:03,data/raw/2026-05-13/_E3_83_91_E3_83_BC_E3_83_A9_E3_83_BC_E3_82_BE_E3_83_BC_E3_83_B3_E5_A7_AA_E6_B5_9C_list.html
%E3%83%91%E3%83%BC%E3%83%A9%E3%83%BC%E3%82%BE%E3%83%BC%E3%83%B3%E5%A7%AA%E6%B5%9C,パーラーゾーン姪浜,2026-04-16,木,https://min-repo.com/3045034/,3045034,メリハリ設定,1の位が6の日。設定1でなければ6の可能性が高い想定。,-11580,-41,3855,"▲スマスロ 攻殻機動隊
▲スマスロ北斗の拳 転生の章2",2026-05-13T14:26:10,data/raw/2026-05-13/_E3_83_91_E3_83_BC_E3_83_A9_E3_83_BC_E3_82_BE_E3_83_BC_E3_83_B3_E5_A7_AA_E6_B5_9C_list.html
%E3%83%91%E3%83%BC%E3%83%A9%E3%83%BC%E3%82%BE%E3%83%BC%E3%83%B3%E5%A7%AA%E6%B5%9C,パーラーゾーン姪浜,2026-04-15,水,https://min-repo.com/3044351/,3044351,ジャグラー強め,1の位が5の日。比較的ジャグラー系が強い想定。,20060,72,3160,▲スマスロ 攻殻機動隊,2026-05-13T14:23:03,data/raw/2026-05-13/_E3_83_91_E3_83_BC_E3_83_A9_E3_83_BC_E3_82_BE_E3_83_BC_E3_83_B3_E5_A7_AA_E6_B5_9C_list.html
%E3%83%91%E3%83%BC%E3%83%A9%E3%83%BC%E3%82%BE%E3%83%BC%E3%83%B3%E5%A7%AA%E6%B5%9C,パーラーゾーン姪浜,2026-04-14,火,https://min-repo.com/3041804/,3041804,,,,,1946,,2026-05-13T14:23:03,data/raw/2026-05-13/_E3_83_91_E3_83_BC_E3_83_A9_E3_83_BC_E3_82_BE_E3_83_BC_E3_83_B3_E5_A7_AA_E6_B5_9C_list.html
%E3%83%91%E3%83%BC%E3%83%A9%E3%83%BC%E3%82%BE%E3%83%BC%E3%83%B3%E5%A7%AA%E6%B5%9C,パーラーゾーン姪浜,2026-04-13,月,https://min-repo.com/3038957/,3038957,末尾系イベント,1の位が3の日。末尾の台番号に当たりがある想定。,12530,45,3598,"▲スマスロ北斗の拳 転生の章2
▲スマスロ 沖ドキ!DUO アンコール
▲チバリヨ2
▲スマスロ マギアレコード 魔法少女まどか☆マギカ外伝
▲Lスマスロ北斗の拳",2026-05-13T14:26:10,data/raw/2026-05-13/_E3_83_91_E3_83_BC_E3_83_A9_E3_83_BC_E3_82_BE_E3_83_BC_E3_83_B3_E5_A7_AA_E6_B5_9C_list.html
%E3%83%91%E3%83%BC%E3%83%A9%E3%83%BC%E3%82%BE%E3%83%BC%E3%83%B3%E5%A7%AA%E6%B5%9C,パーラーゾーン姪浜,2026-04-12,日,https://min-repo.com/3037734/,3037734,,,129610,463,4056,"◎Lスマスロ北斗の拳
◯スマスロ化物語
◯スマスロ 甲鉄城のカバネリ 海門決戦
▲吉宗
▲スマスロ痛いのは嫌なので防御力に極振りしたいと思います。
▲Lパチスロ革命機ヴァルヴレイヴ2",2026-05-13T14:23:03,data/raw/2026-05-13/_E3_83_91_E3_83_BC_E3_83_A9_E3_83_BC_E3_82_BE_E3_83_BC_E3_83_B3_E5_A7_AA_E6_B5_9C_list.html
%E3%83%91%E3%83%BC%E3%83%A9%E3%83%BC%E3%82%BE%E3%83%BC%E3%83%B3%E5%A7%AA%E6%B5%9C,パーラーゾーン姪浜,2026-04-11,土,https://min-repo.com/3035022/,3035022,,,,,5204,"☆スマスロ 東京リベンジャーズ
▲スマスロ秘宝伝",2026-05-13T14:23:03,data/raw/2026-05-13/_E3_83_91_E3_83_BC_E3_83_A9_E3_83_BC_E3_82_BE_E3_83_BC_E3_83_B3_E5_A7_AA_E6_B5_9C_list.html
%E3%83%91%E3%83%BC%E3%83%A9%E3%83%BC%E3%82%BE%E3%83%BC%E3%83%B3%E5%A7%AA%E6%B5%9C,パーラーゾーン姪浜,2026-04-10,金,https://min-repo.com/3034166/,3034166,,,,,2714,,2026-05-13T14:23:03,data/raw/2026-05-13/_E3_83_91_E3_83_BC_E3_83_A9_E3_83_BC_E3_82_BE_E3_83_BC_E3_83_B3_E5_A7_AA_E6_B5_9C_list.html
%E3%83%91%E3%83%BC%E3%83%A9%E3%83%BC%E3%82%BE%E3%83%BC%E3%83%B3%E5%A7%AA%E6%B5%9C,パーラーゾーン姪浜,2026-04-09,木,https://min-repo.com/3030889/,3030889,並び・全台系イベント,1の位が9の日。設定が並び、全台系、かたまり系で入る想定。,37560,134,4403,"▲L戦国乙女４　戦乱に閃く炯眼の軍師
▲スマスロ鉄拳6",2026-05-13T14:26:10,data/raw/2026-05-13/_E3_83_91_E3_83_BC_E3_83_A9_E3_83_BC_E3_82_BE_E3_83_BC_E3_83_B3_E5_A7_AA_E6_B5_9C_list.html
%E3%83%91%E3%83%BC%E3%83%A9%E3%83%BC%E3%82%BE%E3%83%BC%E3%83%B3%E5%A7%AA%E6%B5%9C,パーラーゾーン姪浜,2026-04-07,火,https://min-repo.com/3028026/,3028026,,,11180,40,2649,"◯沖ドキ！ＧＯＬＤ
▲スマスロモンキーターンV",2026-05-13T14:23:03,data/raw/2026-05-13/_E3_83_91_E3_83_BC_E3_83_A9_E3_83_BC_E3_82_BE_E3_83_BC_E3_83_B3_E5_A7_AA_E6_B5_9C_list.html
%E3%83%91%E3%83%BC%E3%83%A9%E3%83%BC%E3%82%BE%E3%83%BC%E3%83%B3%E5%A7%AA%E6%B5%9C,パーラーゾーン姪浜,2026-04-06,月,https://min-repo.com/3025015/,3025015,メリハリ設定,1の位が6の日。設定1でなければ6の可能性が高い想定。,-5670,-20,4138,"◎チバリヨ2
◯スマスロ化物語
▲スマスロ スーパーブラックジャック",2026-05-13T14:26:10,data/raw/2026-05-13/_E3_83_91_E3_83_BC_E3_83_A9_E3_83_BC_E3_82_BE_E3_83_BC_E3_83_B3_E5_A7_AA_E6_B5_9C_list.html
%E3%83%91%E3%83%BC%E3%83%A9%E3%83%BC%E3%82%BE%E3%83%BC%E3%83%B3%E5%A7%AA%E6%B5%9C,パーラーゾーン姪浜,2026-04-05,日,https://min-repo.com/3023934/,3023934,ジャグラー強め,1の位が5の日。比較的ジャグラー系が強い想定。,6350,23,3796,"◯ハッピージャグラーＶＩＩＩ
▲吉宗
▲スマスロ ゴッドイーター リザレクション
▲Lパチスロ かぐや様は告らせたい
▲スマスロモンキーターンV",2026-05-13T14:23:03,data/raw/2026-05-13/_E3_83_91_E3_83_BC_E3_83_A9_E3_83_BC_E3_82_BE_E3_83_BC_E3_83_B3_E5_A7_AA_E6_B5_9C_list.html
%E3%83%91%E3%83%BC%E3%83%A9%E3%83%BC%E3%82%BE%E3%83%BC%E3%83%B3%E5%A7%AA%E6%B5%9C,パーラーゾーン姪浜,2026-04-04,土,https://min-repo.com/3020876/,3020876,,,102420,366,5748,"☆スマスロ 攻殻機動隊
☆L南国育ち
▲Lパチスロ革命機ヴァルヴレイヴ
◎末尾ゾロ目",2026-05-13T14:23:03,data/raw/2026-05-13/_E3_83_91_E3_83_BC_E3_83_A9_E3_83_BC_E3_82_BE_E3_83_BC_E3_83_B3_E5_A7_AA_E6_B5_9C_list.html
%E3%83%91%E3%83%BC%E3%83%A9%E3%83%BC%E3%82%BE%E3%83%BC%E3%83%B3%E5%A7%AA%E6%B5%9C,パーラーゾーン姪浜,2026-04-03,金,https://min-repo.com/3019172/,3019172,末尾系イベント,1の位が3の日。末尾の台番号に当たりがある想定。,34730,124,3768,"◯スマスロ ハナビ
▲スマスロ モンスターハンターライズ
▲スマスロモンキーターンV",2026-05-13T14:26:10,data/raw/2026-05-13/_E3_83_91_E3_83_BC_E3_83_A9_E3_83_BC_E3_82_BE_E3_83_BC_E3_83_B3_E5_A7_AA_E6_B5_9C_list.html
%E3%83%91%E3%83%BC%E3%83%A9%E3%83%BC%E3%82%BE%E3%83%BC%E3%83%B3%E5%A7%AA%E6%B5%9C,パーラーゾーン姪浜,2026-04-02,木,https://min-repo.com/3017671/,3017671,,,,,2693,▲スマスロモンキーターンV,2026-05-13T14:23:03,data/raw/2026-05-13/_E3_83_91_E3_83_BC_E3_83_A9_E3_83_BC_E3_82_BE_E3_83_BC_E3_83_B3_E5_A7_AA_E6_B5_9C_list.html
%E3%83%91%E3%83%BC%E3%83%A9%E3%83%BC%E3%82%BE%E3%83%BC%E3%83%B3%E5%A7%AA%E6%B5%9C,パーラーゾーン姪浜,2026-04-01,水,https://min-repo.com/3016087/,3016087,,,28310,101,2659,"☆スマスロ 攻殻機動隊
▲スマスロモンキーターンV",2026-05-13T14:23:03,data/raw/2026-05-13/_E3_83_91_E3_83_BC_E3_83_A9_E3_83_BC_E3_82_BE_E3_83_BC_E3_83_B3_E5_A7_AA_E6_B5_9C_list.html
%E3%83%91%E3%83%BC%E3%83%A9%E3%83%BC%E3%82%BE%E3%83%BC%E3%83%B3%E5%A7%AA%E6%B5%9C,パーラーゾーン姪浜,2026-03-31,火,https://min-repo.com/3014056/,3014056,,,,,3091,"◯スマスロ ハナビ
▲スマスロ痛いのは嫌なので防御力に極振りしたいと思います。",2026-05-13T14:23:03,data/raw/2026-05-13/_E3_83_91_E3_83_BC_E3_83_A9_E3_83_BC_E3_82_BE_E3_83_BC_E3_83_B3_E5_A7_AA_E6_B5_9C_list.html
%E3%83%91%E3%83%BC%E3%83%A9%E3%83%BC%E3%82%BE%E3%83%BC%E3%83%B3%E5%A7%AA%E6%B5%9C,パーラーゾーン姪浜,2026-03-30,月,https://min-repo.com/3012043/,3012043,,,,,2385,◯スマスロ ハナビ,2026-05-13T14:23:03,data/raw/2026-05-13/_E3_83_91_E3_83_BC_E3_83_A9_E3_83_BC_E3_82_BE_E3_83_BC_E3_83_B3_E5_A7_AA_E6_B5_9C_list.html
%E3%83%91%E3%83%BC%E3%83%A9%E3%83%BC%E3%82%BE%E3%83%BC%E3%83%B3%E5%A7%AA%E6%B5%9C,パーラーゾーン姪浜,2026-03-29,日,https://min-repo.com/3008735/,3008735,並び・全台系イベント,1の位が9の日。設定が並び、全台系、かたまり系で入る想定。,59840,214,4971,"◯沖ドキ！ＧＯＬＤ
▲Lパチスロ かぐや様は告らせたい
▲Lパチスロからくりサーカス
▲スマスロ新鬼武者3
▲スマスロ 沖ドキ!DUO アンコール",2026-05-13T14:23:03,data/raw/2026-05-13/_E3_83_91_E3_83_BC_E3_83_A9_E3_83_BC_E3_82_BE_E3_83_BC_E3_83_B3_E5_A7_AA_E6_B5_9C_list.html
%E3%83%91%E3%83%BC%E3%83%A9%E3%83%BC%E3%82%BE%E3%83%BC%E3%83%B3%E5%A7%AA%E6%B5%9C,パーラーゾーン姪浜,2026-03-28,土,https://min-repo.com/3006833/,3006833,,,,,4005,"☆吉宗
▲スマスロ 攻殻機動隊
▲L ToLOVEるダークネス",2026-05-13T14:23:03,data/raw/2026-05-13/_E3_83_91_E3_83_BC_E3_83_A9_E3_83_BC_E3_82_BE_E3_83_BC_E3_83_B3_E5_A7_AA_E6_B5_9C_list.html
%E3%83%91%E3%83%BC%E3%83%A9%E3%83%BC%E3%82%BE%E3%83%BC%E3%83%B3%E5%A7%AA%E6%B5%9C,パーラーゾーン姪浜,2026-03-27,金,https://min-repo.com/3006076/,3006076,,,13000,46,2189,▲スマスロ北斗の拳 転生の章2,2026-05-13T14:23:03,data/raw/2026-05-13/_E3_83_91_E3_83_BC_E3_83_A9_E3_83_BC_E3_82_BE_E3_83_BC_E3_83_B3_E5_A7_AA_E6_B5_9C_list.html
%E3%83%91%E3%83%BC%E3%83%A9%E3%83%BC%E3%82%BE%E3%83%BC%E3%83%B3%E5%A7%AA%E6%B5%9C,パーラーゾーン姪浜,2026-03-26,木,https://min-repo.com/3002661/,3002661,メリハリ設定,1の位が6の日。設定1でなければ6の可能性が高い想定。,,,3809,"▲L ToLOVEるダークネス
▲スマスロ マギアレコード 魔法少女まどか☆マギカ外伝",2026-05-13T14:23:03,data/raw/2026-05-13/_E3_83_91_E3_83_BC_E3_83_A9_E3_83_BC_E3_82_BE_E3_83_BC_E3_83_B3_E5_A7_AA_E6_B5_9C_list.html
%E3%83%91%E3%83%BC%E3%83%A9%E3%83%BC%E3%82%BE%E3%83%BC%E3%83%B3%E5%A7%AA%E6%B5%9C,パーラーゾーン姪浜,2026-03-25,水,https://min-repo.com/3001847/,3001847,ジャグラー強め,1の位が5の日。比較的ジャグラー系が強い想定。,,,3028,"◯スマスロ 甲鉄城のカバネリ 海門決戦
▲スマスロ化物語",2026-05-13T14:23:03,data/raw/2026-05-13/_E3_83_91_E3_83_BC_E3_83_A9_E3_83_BC_E3_82_BE_E3_83_BC_E3_83_B3_E5_A7_AA_E6_B5_9C_list.html
%E3%83%91%E3%83%BC%E3%83%A9%E3%83%BC%E3%82%BE%E3%83%BC%E3%83%B3%E5%A7%AA%E6%B5%9C,パーラーゾーン姪浜,2026-03-24,火,https://min-repo.com/2998909/,2998909,,,,,2418,▲L ToLOVEるダークネス,2026-05-13T14:23:03,data/raw/2026-05-13/_E3_83_91_E3_83_BC_E3_83_A9_E3_83_BC_E3_82_BE_E3_83_BC_E3_83_B3_E5_A7_AA_E6_B5_9C_list.html
%E3%83%91%E3%83%BC%E3%83%A9%E3%83%BC%E3%82%BE%E3%83%BC%E3%83%B3%E5%A7%AA%E6%B5%9C,パーラーゾーン姪浜,2026-03-23,月,https://min-repo.com/2996357/,2996357,末尾系イベント,1の位が3の日。末尾の台番号に当たりがある想定。,26490,95,3509,"▲スマスロ モンスターハンターライズ
▲末尾5",2026-05-13T14:23:03,data/raw/2026-05-13/_E3_83_91_E3_83_BC_E3_83_A9_E3_83_BC_E3_82_BE_E3_83_BC_E3_83_B3_E5_A7_AA_E6_B5_9C_list.html
%E3%83%91%E3%83%BC%E3%83%A9%E3%83%BC%E3%82%BE%E3%83%BC%E3%83%B3%E5%A7%AA%E6%B5%9C,パーラーゾーン姪浜,2026-03-22,日,https://min-repo.com/2994386/,2994386,,,93600,334,4269,"◯ファンキージャグラー２ＫＴ
◯スマスロ ハナビ
▲Lパチスロ革命機ヴァルヴレイヴ2
▲L戦国乙女４　戦乱に閃く炯眼の軍師
▲スマスロ ゴッドイーター リザレクション
▲スマスロ モンスターハンターライズ
▲スマスロモンキーターンV",2026-05-13T14:23:03,data/raw/2026-05-13/_E3_83_91_E3_83_BC_E3_83_A9_E3_83_BC_E3_82_BE_E3_83_BC_E3_83_B3_E5_A7_AA_E6_B5_9C_list.html
%E3%83%91%E3%83%BC%E3%83%A9%E3%83%BC%E3%82%BE%E3%83%BC%E3%83%B3%E5%A7%AA%E6%B5%9C,パーラーゾーン姪浜,2026-03-21,土,https://min-repo.com/2992341/,2992341,,,25630,92,4832,"☆L ToLOVEるダークネス
▲L戦国乙女４　戦乱に閃く炯眼の軍師
▲L東京喰種
▲Lパチスロからくりサーカス",2026-05-13T14:23:03,data/raw/2026-05-13/_E3_83_91_E3_83_BC_E3_83_A9_E3_83_BC_E3_82_BE_E3_83_BC_E3_83_B3_E5_A7_AA_E6_B5_9C_list.html
%E3%83%91%E3%83%BC%E3%83%A9%E3%83%BC%E3%82%BE%E3%83%BC%E3%83%B3%E5%A7%AA%E6%B5%9C,パーラーゾーン姪浜,2026-03-20,金,https://min-repo.com/2991617/,2991617,,,27660,99,4020,"☆スマスロ 沖ドキ!DUO アンコール
☆沖ドキ！ＧＯＬＤ
◯スマスロ ハナビ
▲スマスロ 攻殻機動隊",2026-05-13T14:23:03,data/raw/2026-05-13/_E3_83_91_E3_83_BC_E3_83_A9_E3_83_BC_E3_82_BE_E3_83_BC_E3_83_B3_E5_A7_AA_E6_B5_9C_list.html
%E3%83%91%E3%83%BC%E3%83%A9%E3%83%BC%E3%82%BE%E3%83%BC%E3%83%B3%E5%A7%AA%E6%B5%9C,パーラーゾーン姪浜,2026-03-19,木,https://min-repo.com/2988149/,2988149,並び・全台系イベント,1の位が9の日。設定が並び、全台系、かたまり系で入る想定。,4140,15,4122,▲スマスロ ゴッドイーター リザレクション,2026-05-13T14:23:03,data/raw/2026-05-13/_E3_83_91_E3_83_BC_E3_83_A9_E3_83_BC_E3_82_BE_E3_83_BC_E3_83_B3_E5_A7_AA_E6_B5_9C_list.html
%E3%83%91%E3%83%BC%E3%83%A9%E3%83%BC%E3%82%BE%E3%83%BC%E3%83%B3%E5%A7%AA%E6%B5%9C,パーラーゾーン姪浜,2026-03-18,水,https://min-repo.com/2987636/,2987636,,,13740,49,2267,,2026-05-13T14:23:03,data/raw/2026-05-13/_E3_83_91_E3_83_BC_E3_83_A9_E3_83_BC_E3_82_BE_E3_83_BC_E3_83_B3_E5_A7_AA_E6_B5_9C_list.html
%E3%83%91%E3%83%BC%E3%83%A9%E3%83%BC%E3%82%BE%E3%83%BC%E3%83%B3%E5%A7%AA%E6%B5%9C,パーラーゾーン姪浜,2026-03-17,火,https://min-repo.com/2984900/,2984900,,,,,2033,▲スマスロ北斗の拳 転生の章2,2026-05-13T14:23:03,data/raw/2026-05-13/_E3_83_91_E3_83_BC_E3_83_A9_E3_83_BC_E3_82_BE_E3_83_BC_E3_83_B3_E5_A7_AA_E6_B5_9C_list.html
%E3%83%91%E3%83%BC%E3%83%A9%E3%83%BC%E3%82%BE%E3%83%BC%E3%83%B3%E5%A7%AA%E6%B5%9C,パーラーゾーン姪浜,2026-03-16,月,https://min-repo.com/2982162/,2982162,メリハリ設定,1の位が6の日。設定1でなければ6の可能性が高い想定。,24370,87,3574,▲スマスロ 攻殻機動隊,2026-05-13T14:23:03,data/raw/2026-05-13/_E3_83_91_E3_83_BC_E3_83_A9_E3_83_BC_E3_82_BE_E3_83_BC_E3_83_B3_E5_A7_AA_E6_B5_9C_list.html
%E3%83%91%E3%83%BC%E3%83%A9%E3%83%BC%E3%82%BE%E3%83%BC%E3%83%B3%E5%A7%AA%E6%B5%9C,パーラーゾーン姪浜,2026-03-15,日,https://min-repo.com/2981251/,2981251,ジャグラー強め,1の位が5の日。比較的ジャグラー系が強い想定。,,,3922,☆スマスロ痛いのは嫌なので防御力に極振りしたいと思います。,2026-05-13T14:23:03,data/raw/2026-05-13/_E3_83_91_E3_83_BC_E3_83_A9_E3_83_BC_E3_82_BE_E3_83_BC_E3_83_B3_E5_A7_AA_E6_B5_9C_list.html
%E3%83%91%E3%83%BC%E3%83%A9%E3%83%BC%E3%82%BE%E3%83%BC%E3%83%B3%E5%A7%AA%E6%B5%9C,パーラーゾーン姪浜,2026-03-14,土,https://min-repo.com/2978046/,2978046,,,48490,173,4329,"◎スマスロ 甲鉄城のカバネリ 海門決戦
▲スマスロ北斗の拳 転生の章2
▲チバリヨ2
▲スマスロ ゴッドイーター リザレクション
▲Lパチスロ革命機ヴァルヴレイヴ2",2026-05-13T14:23:03,data/raw/2026-05-13/_E3_83_91_E3_83_BC_E3_83_A9_E3_83_BC_E3_82_BE_E3_83_BC_E3_83_B3_E5_A7_AA_E6_B5_9C_list.html
%E3%83%91%E3%83%BC%E3%83%A9%E3%83%BC%E3%82%BE%E3%83%BC%E3%83%B3%E5%A7%AA%E6%B5%9C,パーラーゾーン姪浜,2026-03-13,金,https://min-repo.com/2976605/,2976605,末尾系イベント,1の位が3の日。末尾の台番号に当たりがある想定。,3230,12,3962,"▲スマスロ 攻殻機動隊
▲スマスロ鉄拳6",2026-05-13T14:23:03,data/raw/2026-05-13/_E3_83_91_E3_83_BC_E3_83_A9_E3_83_BC_E3_82_BE_E3_83_BC_E3_83_B3_E5_A7_AA_E6_B5_9C_list.html
%E3%83%91%E3%83%BC%E3%83%A9%E3%83%BC%E3%82%BE%E3%83%BC%E3%83%B3%E5%A7%AA%E6%B5%9C,パーラーゾーン姪浜,2026-03-12,木,https://min-repo.com/2974815/,2974815,,,,,2676,▲スマスロ化物語,2026-05-13T14:23:03,data/raw/2026-05-13/_E3_83_91_E3_83_BC_E3_83_A9_E3_83_BC_E3_82_BE_E3_83_BC_E3_83_B3_E5_A7_AA_E6_B5_9C_list.html
%E3%83%91%E3%83%BC%E3%83%A9%E3%83%BC%E3%82%BE%E3%83%BC%E3%83%B3%E5%A7%AA%E6%B5%9C,パーラーゾーン姪浜,2026-03-11,水,https://min-repo.com/2972038/,2972038,,,,,2697,,2026-05-13T14:23:03,data/raw/2026-05-13/_E3_83_91_E3_83_BC_E3_83_A9_E3_83_BC_E3_82_BE_E3_83_BC_E3_83_B3_E5_A7_AA_E6_B5_9C_list.html
%E3%83%91%E3%83%BC%E3%83%A9%E3%83%BC%E3%82%BE%E3%83%BC%E3%83%B3%E5%A7%AA%E6%B5%9C,パーラーゾーン姪浜,2026-03-10,火,https://min-repo.com/2970983/,2970983,,,3900,14,2666,"◯ハッピージャグラーＶＩＩＩ
▲スマスロ北斗の拳 転生の章2
▲末尾1",2026-05-13T14:23:03,data/raw/2026-05-13/_E3_83_91_E3_83_BC_E3_83_A9_E3_83_BC_E3_82_BE_E3_83_BC_E3_83_B3_E5_A7_AA_E6_B5_9C_list.html
%E3%83%91%E3%83%BC%E3%83%A9%E3%83%BC%E3%82%BE%E3%83%BC%E3%83%B3%E5%A7%AA%E6%B5%9C,パーラーゾーン姪浜,2026-03-09,月,https://min-repo.com/2967898/,2967898,並び・全台系イベント,1の位が9の日。設定が並び、全台系、かたまり系で入る想定。,98550,352,5173,"☆スマスロ痛いのは嫌なので防御力に極振りしたいと思います。
☆マイジャグラーV
▲スマスロ モンスターハンターライズ
▲スマスロ 沖ドキ!DUO アンコール
▲スマスロ 東京リベンジャーズ
◯末尾6",2026-05-13T14:23:03,data/raw/2026-05-13/_E3_83_91_E3_83_BC_E3_83_A9_E3_83_BC_E3_82_BE_E3_83_BC_E3_83_B3_E5_A7_AA_E6_B5_9C_list.html
%E3%83%91%E3%83%BC%E3%83%A9%E3%83%BC%E3%82%BE%E3%83%BC%E3%83%B3%E5%A7%AA%E6%B5%9C,パーラーゾーン姪浜,2026-03-08,日,https://min-repo.com/2966967/,2966967,,,37290,133,3086,"☆スマスロ ハナビ
▲スマスロ 沖ドキ!DUO アンコール
▲スマスロ北斗の拳 転生の章2",2026-05-13T14:23:03,data/raw/2026-05-13/_E3_83_91_E3_83_BC_E3_83_A9_E3_83_BC_E3_82_BE_E3_83_BC_E3_83_B3_E5_A7_AA_E6_B5_9C_list.html
%E3%83%91%E3%83%BC%E3%83%A9%E3%83%BC%E3%82%BE%E3%83%BC%E3%83%B3%E5%A7%AA%E6%B5%9C,パーラーゾーン姪浜,2026-03-07,土,https://min-repo.com/2963721/,2963721,,,46370,166,4672,☆スマスロ鉄拳6,2026-05-13T14:23:03,data/raw/2026-05-13/_E3_83_91_E3_83_BC_E3_83_A9_E3_83_BC_E3_82_BE_E3_83_BC_E3_83_B3_E5_A7_AA_E6_B5_9C_list.html
%E3%83%91%E3%83%BC%E3%83%A9%E3%83%BC%E3%82%BE%E3%83%BC%E3%83%B3%E5%A7%AA%E6%B5%9C,パーラーゾーン姪浜,2026-03-06,金,https://min-repo.com/2961746/,2961746,メリハリ設定,1の位が6の日。設定1でなければ6の可能性が高い想定。,,,3873,"▲吉宗
▲Lパチスロ革命機ヴァルヴレイヴ2",2026-05-13T14:23:03,data/raw/2026-05-13/_E3_83_91_E3_83_BC_E3_83_A9_E3_83_BC_E3_82_BE_E3_83_BC_E3_83_B3_E5_A7_AA_E6_B5_9C_list.html
%E3%83%91%E3%83%BC%E3%83%A9%E3%83%BC%E3%82%BE%E3%83%BC%E3%83%B3%E5%A7%AA%E6%B5%9C,パーラーゾーン姪浜,2026-03-05,木,https://min-repo.com/2960316/,2960316,ジャグラー強め,1の位が5の日。比較的ジャグラー系が強い想定。,,,3613,,2026-05-13T14:23:03,data/raw/2026-05-13/_E3_83_91_E3_83_BC_E3_83_A9_E3_83_BC_E3_82_BE_E3_83_BC_E3_83_B3_E5_A7_AA_E6_B5_9C_list.html
%E3%83%91%E3%83%BC%E3%83%A9%E3%83%BC%E3%82%BE%E3%83%BC%E3%83%B3%E5%A7%AA%E6%B5%9C,パーラーゾーン姪浜,2026-03-03,火,https://min-repo.com/2955867/,2955867,末尾系イベント,1の位が3の日。末尾の台番号に当たりがある想定。,77610,277,5595,"▲L戦国乙女４　戦乱に閃く炯眼の軍師
▲チバリヨ2
▲L東京喰種
▲スマスロ 東京リベンジャーズ
▲スマスロ スーパーブラックジャック",2026-05-13T14:23:03,data/raw/2026-05-13/_E3_83_91_E3_83_BC_E3_83_A9_E3_83_BC_E3_82_BE_E3_83_BC_E3_83_B3_E5_A7_AA_E6_B5_9C_list.html
%E3%83%91%E3%83%BC%E3%83%A9%E3%83%BC%E3%82%BE%E3%83%BC%E3%83%B3%E5%A7%AA%E6%B5%9C,パーラーゾーン姪浜,2026-03-02,月,https://min-repo.com/2954644/,2954644,,,,,2839,▲スマスロ北斗の拳 転生の章2,2026-05-13T14:23:03,data/raw/2026-05-13/_E3_83_91_E3_83_BC_E3_83_A9_E3_83_BC_E3_82_BE_E3_83_BC_E3_83_B3_E5_A7_AA_E6_B5_9C_list.html
%E3%83%91%E3%83%BC%E3%83%A9%E3%83%BC%E3%82%BE%E3%83%BC%E3%83%B3%E5%A7%AA%E6%B5%9C,パーラーゾーン姪浜,2026-03-01,日,https://min-repo.com/2952689/,2952689,,,28870,103,3881,"◎スマスロ痛いのは嫌なので防御力に極振りしたいと思います。
▲スマスロ北斗の拳 転生の章2",2026-05-13T14:23:03,data/raw/2026-05-13/_E3_83_91_E3_83_BC_E3_83_A9_E3_83_BC_E3_82_BE_E3_83_BC_E3_83_B3_E5_A7_AA_E6_B5_9C_list.html
%E3%83%91%E3%83%BC%E3%83%A9%E3%83%BC%E3%82%BE%E3%83%BC%E3%83%B3%E5%A7%AA%E6%B5%9C,パーラーゾーン姪浜,2026-02-28,土,https://min-repo.com/2949569/,2949569,,,65320,233,4142,"▲スマスロ 攻殻機動隊
▲スマスロ スーパーブラックジャック
▲チバリヨ2
▲スマスロ 東京リベンジャーズ",2026-05-13T14:23:03,data/raw/2026-05-13/_E3_83_91_E3_83_BC_E3_83_A9_E3_83_BC_E3_82_BE_E3_83_BC_E3_83_B3_E5_A7_AA_E6_B5_9C_list.html
%E3%83%91%E3%83%BC%E3%83%A9%E3%83%BC%E3%82%BE%E3%83%BC%E3%83%B3%E5%A7%AA%E6%B5%9C,パーラーゾーン姪浜,2026-02-27,金,https://min-repo.com/2948619/,2948619,,,,,3141,▲スマスロ化物語,2026-05-13T14:23:03,data/raw/2026-05-13/_E3_83_91_E3_83_BC_E3_83_A9_E3_83_BC_E3_82_BE_E3_83_BC_E3_83_B3_E5_A7_AA_E6_B5_9C_list.html
%E3%83%91%E3%83%BC%E3%83%A9%E3%83%BC%E3%82%BE%E3%83%BC%E3%83%B3%E5%A7%AA%E6%B5%9C,パーラーゾーン姪浜,2026-02-26,木,https://min-repo.com/2945357/,2945357,メリハリ設定,1の位が6の日。設定1でなければ6の可能性が高い想定。,,,3716,"◯ファンキージャグラー２ＫＴ
▲スマスロ マギアレコード 魔法少女まどか☆マギカ外伝",2026-05-13T14:23:03,data/raw/2026-05-13/_E3_83_91_E3_83_BC_E3_83_A9_E3_83_BC_E3_82_BE_E3_83_BC_E3_83_B3_E5_A7_AA_E6_B5_9C_list.html
%E3%83%91%E3%83%BC%E3%83%A9%E3%83%BC%E3%82%BE%E3%83%BC%E3%83%B3%E5%A7%AA%E6%B5%9C,パーラーゾーン姪浜,2026-02-25,水,https://min-repo.com/2944256/,2944256,ジャグラー強め,1の位が5の日。比較的ジャグラー系が強い想定。,22870,82,3224,"◯スマスロ 攻殻機動隊
▲スマスロ ゴッドイーター リザレクション",2026-05-13T14:23:03,data/raw/2026-05-13/_E3_83_91_E3_83_BC_E3_83_A9_E3_83_BC_E3_82_BE_E3_83_BC_E3_83_B3_E5_A7_AA_E6_B5_9C_list.html
%E3%83%91%E3%83%BC%E3%83%A9%E3%83%BC%E3%82%BE%E3%83%BC%E3%83%B3%E5%A7%AA%E6%B5%9C,パーラーゾーン姪浜,2026-02-24,火,https://min-repo.com/2941726/,2941726,,,,,2788,"◎Lパチスロ革命機ヴァルヴレイヴ2
▲スマスロ モンスターハンターライズ",2026-05-13T14:23:03,data/raw/2026-05-13/_E3_83_91_E3_83_BC_E3_83_A9_E3_83_BC_E3_82_BE_E3_83_BC_E3_83_B3_E5_A7_AA_E6_B5_9C_list.html
%E3%83%91%E3%83%BC%E3%83%A9%E3%83%BC%E3%82%BE%E3%83%BC%E3%83%B3%E5%A7%AA%E6%B5%9C,パーラーゾーン姪浜,2026-02-23,月,https://min-repo.com/2939087/,2939087,末尾系イベント,1の位が3の日。末尾の台番号に当たりがある想定。,,,4637,"◯スマスロ ハナビ
▲L戦国乙女４　戦乱に閃く炯眼の軍師",2026-05-13T14:23:03,data/raw/2026-05-13/_E3_83_91_E3_83_BC_E3_83_A9_E3_83_BC_E3_82_BE_E3_83_BC_E3_83_B3_E5_A7_AA_E6_B5_9C_list.html
%E3%83%91%E3%83%BC%E3%83%A9%E3%83%BC%E3%82%BE%E3%83%BC%E3%83%B3%E5%A7%AA%E6%B5%9C,パーラーゾーン姪浜,2026-02-22,日,https://min-repo.com/2937155/,2937155,,,90480,323,6431,"◯スマスロ ハナビ
▲Lパチスロ革命機ヴァルヴレイヴ2
▲スマスロ北斗の拳 転生の章2
▲チバリヨ2
▲スマスロモンキーターンV",2026-05-13T14:23:03,data/raw/2026-05-13/_E3_83_91_E3_83_BC_E3_83_A9_E3_83_BC_E3_82_BE_E3_83_BC_E3_83_B3_E5_A7_AA_E6_B5_9C_list.html
%E3%83%91%E3%83%BC%E3%83%A9%E3%83%BC%E3%82%BE%E3%83%BC%E3%83%B3%E5%A7%AA%E6%B5%9C,パーラーゾーン姪浜,2026-02-21,土,https://min-repo.com/2935008/,2935008,,,126850,453,4681,"☆チバリヨ2
◯スマスロ ゴッドイーター リザレクション
▲L ToLOVEるダークネス
▲スマスロ痛いのは嫌なので防御力に極振りしたいと思います。
▲L東京喰種
▲スマスロ マギアレコード 魔法少女まどか☆マギカ外伝
▲スマスロ秘宝伝
◯末尾0
◯末尾9",2026-05-13T14:23:03,data/raw/2026-05-13/_E3_83_91_E3_83_BC_E3_83_A9_E3_83_BC_E3_82_BE_E3_83_BC_E3_83_B3_E5_A7_AA_E6_B5_9C_list.html
%E3%83%91%E3%83%BC%E3%83%A9%E3%83%BC%E3%82%BE%E3%83%BC%E3%83%B3%E5%A7%AA%E6%B5%9C,パーラーゾーン姪浜,2026-02-20,金,https://min-repo.com/2933708/,2933708,,,31840,114,2402,▲吉宗,2026-05-13T14:23:03,data/raw/2026-05-13/_E3_83_91_E3_83_BC_E3_83_A9_E3_83_BC_E3_82_BE_E3_83_BC_E3_83_B3_E5_A7_AA_E6_B5_9C_list.html
%E3%83%91%E3%83%BC%E3%83%A9%E3%83%BC%E3%82%BE%E3%83%BC%E3%83%B3%E5%A7%AA%E6%B5%9C,パーラーゾーン姪浜,2026-02-19,木,https://min-repo.com/2930882/,2930882,並び・全台系イベント,1の位が9の日。設定が並び、全台系、かたまり系で入る想定。,19440,69,3527,"◎ハッピージャグラーＶＩＩＩ
◯Lパチスロ炎炎ノ消防隊2
◯スマスロ化物語
▲チバリヨ2
▲Lパチスロ革命機ヴァルヴレイヴ2
◯末尾8",2026-05-13T14:23:03,data/raw/2026-05-13/_E3_83_91_E3_83_BC_E3_83_A9_E3_83_BC_E3_82_BE_E3_83_BC_E3_83_B3_E5_A7_AA_E6_B5_9C_list.html
%E3%83%91%E3%83%BC%E3%83%A9%E3%83%BC%E3%82%BE%E3%83%BC%E3%83%B3%E5%A7%AA%E6%B5%9C,パーラーゾーン姪浜,2026-02-18,水,https://min-repo.com/2930148/,2930148,,,13550,48,2044,▲チバリヨ2,2026-05-13T14:23:03,data/raw/2026-05-13/_E3_83_91_E3_83_BC_E3_83_A9_E3_83_BC_E3_82_BE_E3_83_BC_E3_83_B3_E5_A7_AA_E6_B5_9C_list.html
%E3%83%91%E3%83%BC%E3%83%A9%E3%83%BC%E3%82%BE%E3%83%BC%E3%83%B3%E5%A7%AA%E6%B5%9C,パーラーゾーン姪浜,2026-02-17,火,https://min-repo.com/2927511/,2927511,,,,,2260,◯スマスロ ハナビ,2026-05-13T14:23:03,data/raw/2026-05-13/_E3_83_91_E3_83_BC_E3_83_A9_E3_83_BC_E3_82_BE_E3_83_BC_E3_83_B3_E5_A7_AA_E6_B5_9C_list.html
%E3%83%91%E3%83%BC%E3%83%A9%E3%83%BC%E3%82%BE%E3%83%BC%E3%83%B3%E5%A7%AA%E6%B5%9C,パーラーゾーン姪浜,2026-02-16,月,https://min-repo.com/2924616/,2924616,メリハリ設定,1の位が6の日。設定1でなければ6の可能性が高い想定。,56270,201,3309,"◎スマスロ ゴッドイーター リザレクション
◯スマスロ ハナビ
▲L東京喰種
▲スマスロ スーパーブラックジャック",2026-05-13T14:23:03,data/raw/2026-05-13/_E3_83_91_E3_83_BC_E3_83_A9_E3_83_BC_E3_82_BE_E3_83_BC_E3_83_B3_E5_A7_AA_E6_B5_9C_list.html
%E3%83%91%E3%83%BC%E3%83%A9%E3%83%BC%E3%82%BE%E3%83%BC%E3%83%B3%E5%A7%AA%E6%B5%9C,パーラーゾーン姪浜,2026-02-15,日,https://min-repo.com/2923364/,2923364,ジャグラー強め,1の位が5の日。比較的ジャグラー系が強い想定。,113740,406,4080,"☆スマスロ鉄拳6
◯ハッピージャグラーＶＩＩＩ
▲チバリヨ2
▲スマスロ ゴッドイーター リザレクション
▲末尾9",2026-05-13T14:23:03,data/raw/2026-05-13/_E3_83_91_E3_83_BC_E3_83_A9_E3_83_BC_E3_82_BE_E3_83_BC_E3_83_B3_E5_A7_AA_E6_B5_9C_list.html
%E3%83%91%E3%83%BC%E3%83%A9%E3%83%BC%E3%82%BE%E3%83%BC%E3%83%B3%E5%A7%AA%E6%B5%9C,パーラーゾーン姪浜,2026-02-14,土,https://min-repo.com/2920473/,2920473,,,61910,221,4388,"☆スマスロ北斗の拳 転生の章2
◎スマスロ スーパーブラックジャック
◎チバリヨ2
◯Lパチスロ炎炎ノ消防隊2
▲Lパチスロ かぐや様は告らせたい
▲スマスロ ゴッドイーター リザレクション",2026-05-13T14:23:03,data/raw/2026-05-13/_E3_83_91_E3_83_BC_E3_83_A9_E3_83_BC_E3_82_BE_E3_83_BC_E3_83_B3_E5_A7_AA_E6_B5_9C_list.html
%E3%83%91%E3%83%BC%E3%83%A9%E3%83%BC%E3%82%BE%E3%83%BC%E3%83%B3%E5%A7%AA%E6%B5%9C,パーラーゾーン姪浜,2026-02-13,金,https://min-repo.com/2918358/,2918358,末尾系イベント,1の位が3の日。末尾の台番号に当たりがある想定。,9300,33,3746,"▲L ToLOVEるダークネス
◯末尾2",2026-05-13T14:23:03,data/raw/2026-05-13/_E3_83_91_E3_83_BC_E3_83_A9_E3_83_BC_E3_82_BE_E3_83_BC_E3_83_B3_E5_A7_AA_E6_B5_9C_list.html
%E3%83%91%E3%83%BC%E3%83%A9%E3%83%BC%E3%82%BE%E3%83%BC%E3%83%B3%E5%A7%AA%E6%B5%9C,パーラーゾーン姪浜,2026-02-12,木,https://min-repo.com/2916874/,2916874,,,63280,226,2295,"▲Lパチスロ革命機ヴァルヴレイヴ2
▲L東京喰種
▲末尾6",2026-05-13T14:23:03,data/raw/2026-05-13/_E3_83_91_E3_83_BC_E3_83_A9_E3_83_BC_E3_82_BE_E3_83_BC_E3_83_B3_E5_A7_AA_E6_B5_9C_list.html
%E3%83%91%E3%83%BC%E3%83%A9%E3%83%BC%E3%82%BE%E3%83%BC%E3%83%B3%E5%A7%AA%E6%B5%9C,パーラーゾーン姪浜,2026-02-11,水,https://min-repo.com/2914359/,2914359,,,24730,88,4126,"◎沖ドキ！ＧＯＬＤ
▲Lパチスロ かぐや様は告らせたい
▲Lパチスロからくりサーカス
▲L戦国乙女４　戦乱に閃く炯眼の軍師",2026-05-13T14:23:03,data/raw/2026-05-13/_E3_83_91_E3_83_BC_E3_83_A9_E3_83_BC_E3_82_BE_E3_83_BC_E3_83_B3_E5_A7_AA_E6_B5_9C_list.html
%E3%83%91%E3%83%BC%E3%83%A9%E3%83%BC%E3%82%BE%E3%83%BC%E3%83%B3%E5%A7%AA%E6%B5%9C,パーラーゾーン姪浜,2026-02-10,火,https://min-repo.com/2913344/,2913344,,,640,2,2786,,2026-05-13T14:23:03,data/raw/2026-05-13/_E3_83_91_E3_83_BC_E3_83_A9_E3_83_BC_E3_82_BE_E3_83_BC_E3_83_B3_E5_A7_AA_E6_B5_9C_list.html
%E3%83%91%E3%83%BC%E3%83%A9%E3%83%BC%E3%82%BE%E3%83%BC%E3%83%B3%E5%A7%AA%E6%B5%9C,パーラーゾーン姪浜,2026-02-09,月,https://min-repo.com/2910199/,2910199,並び・全台系イベント,1の位が9の日。設定が並び、全台系、かたまり系で入る想定。,,,3781,▲スマスロ秘宝伝,2026-05-13T14:23:03,data/raw/2026-05-13/_E3_83_91_E3_83_BC_E3_83_A9_E3_83_BC_E3_82_BE_E3_83_BC_E3_83_B3_E5_A7_AA_E6_B5_9C_list.html
%E3%83%91%E3%83%BC%E3%83%A9%E3%83%BC%E3%82%BE%E3%83%BC%E3%83%B3%E5%A7%AA%E6%B5%9C,パーラーゾーン姪浜,2026-02-08,日,https://min-repo.com/2909195/,2909195,,,,,3420,▲スマスロ北斗の拳 転生の章2,2026-05-13T14:23:03,data/raw/2026-05-13/_E3_83_91_E3_83_BC_E3_83_A9_E3_83_BC_E3_82_BE_E3_83_BC_E3_83_B3_E5_A7_AA_E6_B5_9C_list.html
%E3%83%91%E3%83%BC%E3%83%A9%E3%83%BC%E3%82%BE%E3%83%BC%E3%83%B3%E5%A7%AA%E6%B5%9C,パーラーゾーン姪浜,2026-02-07,土,https://min-repo.com/2906048/,2906048,,,,,4075,"◯Lパチスロ炎炎ノ消防隊2
▲L東京喰種",2026-05-13T14:23:03,data/raw/2026-05-13/_E3_83_91_E3_83_BC_E3_83_A9_E3_83_BC_E3_82_BE_E3_83_BC_E3_83_B3_E5_A7_AA_E6_B5_9C_list.html
%E3%83%91%E3%83%BC%E3%83%A9%E3%83%BC%E3%82%BE%E3%83%BC%E3%83%B3%E5%A7%AA%E6%B5%9C,パーラーゾーン姪浜,2026-02-06,金,https://min-repo.com/2903947/,2903947,メリハリ設定,1の位が6の日。設定1でなければ6の可能性が高い想定。,7920,28,3832,"▲スマスロ 攻殻機動隊
▲スマスロ鉄拳6",2026-05-13T14:23:03,data/raw/2026-05-13/_E3_83_91_E3_83_BC_E3_83_A9_E3_83_BC_E3_82_BE_E3_83_BC_E3_83_B3_E5_A7_AA_E6_B5_9C_list.html
%E3%83%91%E3%83%BC%E3%83%A9%E3%83%BC%E3%82%BE%E3%83%BC%E3%83%B3%E5%A7%AA%E6%B5%9C,パーラーゾーン姪浜,2026-02-05,木,https://min-repo.com/2902407/,2902407,ジャグラー強め,1の位が5の日。比較的ジャグラー系が強い想定。,,,3237,,2026-05-13T14:23:03,data/raw/2026-05-13/_E3_83_91_E3_83_BC_E3_83_A9_E3_83_BC_E3_82_BE_E3_83_BC_E3_83_B3_E5_A7_AA_E6_B5_9C_list.html
%E3%83%91%E3%83%BC%E3%83%A9%E3%83%BC%E3%82%BE%E3%83%BC%E3%83%B3%E5%A7%AA%E6%B5%9C,パーラーゾーン姪浜,2026-02-03,火,https://min-repo.com/2897995/,2897995,末尾系イベント,1の位が3の日。末尾の台番号に当たりがある想定。,103230,369,4022,"▲L戦国乙女４　戦乱に閃く炯眼の軍師
▲スマスロモンキーターンV
▲スマスロ新鬼武者3
▲吉宗
◎末尾3",2026-05-13T14:23:03,data/raw/2026-05-13/_E3_83_91_E3_83_BC_E3_83_A9_E3_83_BC_E3_82_BE_E3_83_BC_E3_83_B3_E5_A7_AA_E6_B5_9C_list.html
%E3%83%91%E3%83%BC%E3%83%A9%E3%83%BC%E3%82%BE%E3%83%BC%E3%83%B3%E5%A7%AA%E6%B5%9C,パーラーゾーン姪浜,2026-02-02,月,https://min-repo.com/2896032/,2896032,,,,,4124,"▲Lパチスロ かぐや様は告らせたい
▲L戦国乙女４　戦乱に閃く炯眼の軍師",2026-05-13T14:23:03,data/raw/2026-05-13/_E3_83_91_E3_83_BC_E3_83_A9_E3_83_BC_E3_82_BE_E3_83_BC_E3_83_B3_E5_A7_AA_E6_B5_9C_list.html
%E3%83%91%E3%83%BC%E3%83%A9%E3%83%BC%E3%82%BE%E3%83%BC%E3%83%B3%E5%A7%AA%E6%B5%9C,パーラーゾーン姪浜,2026-02-01,日,https://min-repo.com/2894625/,2894625,,,55180,197,3871,"☆スマスロ マギアレコード 魔法少女まどか☆マギカ外伝
◯LBパチスロ ヱヴァンゲリヲン～約束の扉～
▲スマスロ鉄拳6",2026-05-13T14:23:03,data/raw/2026-05-13/_E3_83_91_E3_83_BC_E3_83_A9_E3_83_BC_E3_82_BE_E3_83_BC_E3_83_B3_E5_A7_AA_E6_B5_9C_list.html
%E3%83%91%E3%83%BC%E3%83%A9%E3%83%BC%E3%82%BE%E3%83%BC%E3%83%B3%E5%A7%AA%E6%B5%9C,パーラーゾーン姪浜,2026-01-31,土,https://min-repo.com/2891913/,2891913,,,,,4297,"▲スマスロ 東京リベンジャーズ
▲スマスロ ゴッドイーター リザレクション",2026-05-13T14:23:03,data/raw/2026-05-13/_E3_83_91_E3_83_BC_E3_83_A9_E3_83_BC_E3_82_BE_E3_83_BC_E3_83_B3_E5_A7_AA_E6_B5_9C_list.html
%E3%83%91%E3%83%BC%E3%83%A9%E3%83%BC%E3%82%BE%E3%83%BC%E3%83%B3%E5%A7%AA%E6%B5%9C,パーラーゾーン姪浜,2026-01-30,金,https://min-repo.com/2890864/,2890864,,,,,2705,,2026-05-13T14:23:03,data/raw/2026-05-13/_E3_83_91_E3_83_BC_E3_83_A9_E3_83_BC_E3_82_BE_E3_83_BC_E3_83_B3_E5_A7_AA_E6_B5_9C_list.html
%E3%83%91%E3%83%BC%E3%83%A9%E3%83%BC%E3%82%BE%E3%83%BC%E3%83%B3%E5%A7%AA%E6%B5%9C,パーラーゾーン姪浜,2026-01-29,木,https://min-repo.com/2887714/,2887714,並び・全台系イベント,1の位が9の日。設定が並び、全台系、かたまり系で入る想定。,80120,286,3726,"☆L戦国乙女４　戦乱に閃く炯眼の軍師
☆スマスロ化物語
◯スマスロ痛いのは嫌なので防御力に極振りしたいと思います。
▲スマスロ モンスターハンターライズ
▲スマスロ鉄拳6
▲LBパチスロ ヱヴァンゲリヲン～約束の扉～
◯末尾2",2026-05-13T14:23:03,data/raw/2026-05-13/_E3_83_91_E3_83_BC_E3_83_A9_E3_83_BC_E3_82_BE_E3_83_BC_E3_83_B3_E5_A7_AA_E6_B5_9C_list.html
%E3%83%91%E3%83%BC%E3%83%A9%E3%83%BC%E3%82%BE%E3%83%BC%E3%83%B3%E5%A7%AA%E6%B5%9C,パーラーゾーン姪浜,2026-01-28,水,https://min-repo.com/2886986/,2886986,,,,,2066,☆スマスロ鉄拳6,2026-05-13T14:23:03,data/raw/2026-05-13/_E3_83_91_E3_83_BC_E3_83_A9_E3_83_BC_E3_82_BE_E3_83_BC_E3_83_B3_E5_A7_AA_E6_B5_9C_list.html
%E3%83%91%E3%83%BC%E3%83%A9%E3%83%BC%E3%82%BE%E3%83%BC%E3%83%B3%E5%A7%AA%E6%B5%9C,パーラーゾーン姪浜,2026-01-27,火,https://min-repo.com/2884469/,2884469,,,,,2659,◎スマスロ スーパーブラックジャック,2026-05-13T14:23:03,data/raw/2026-05-13/_E3_83_91_E3_83_BC_E3_83_A9_E3_83_BC_E3_82_BE_E3_83_BC_E3_83_B3_E5_A7_AA_E6_B5_9C_list.html
%E3%83%91%E3%83%BC%E3%83%A9%E3%83%BC%E3%82%BE%E3%83%BC%E3%83%B3%E5%A7%AA%E6%B5%9C,パーラーゾーン姪浜,2026-01-26,月,https://min-repo.com/2881491/,2881491,メリハリ設定,1の位が6の日。設定1でなければ6の可能性が高い想定。,,,3820,"▲LBパチスロ ヱヴァンゲリヲン～約束の扉～
▲L ToLOVEるダークネス",2026-05-13T14:23:03,data/raw/2026-05-13/_E3_83_91_E3_83_BC_E3_83_A9_E3_83_BC_E3_82_BE_E3_83_BC_E3_83_B3_E5_A7_AA_E6_B5_9C_list.html
%E3%83%91%E3%83%BC%E3%83%A9%E3%83%BC%E3%82%BE%E3%83%BC%E3%83%B3%E5%A7%AA%E6%B5%9C,パーラーゾーン姪浜,2026-01-25,日,https://min-repo.com/2880307/,2880307,ジャグラー強め,1の位が5の日。比較的ジャグラー系が強い想定。,16300,58,3909,,2026-05-13T14:23:03,data/raw/2026-05-13/_E3_83_91_E3_83_BC_E3_83_A9_E3_83_BC_E3_82_BE_E3_83_BC_E3_83_B3_E5_A7_AA_E6_B5_9C_list.html
%E3%83%91%E3%83%BC%E3%83%A9%E3%83%BC%E3%82%BE%E3%83%BC%E3%83%B3%E5%A7%AA%E6%B5%9C,パーラーゾーン姪浜,2026-01-24,土,https://min-repo.com/2877363/,2877363,,,51450,184,4532,"☆スマスロ北斗の拳 転生の章2
◯LBパチスロ ヱヴァンゲリヲン～約束の扉～
▲スマスロ ゴッドイーター リザレクション",2026-05-13T14:23:03,data/raw/2026-05-13/_E3_83_91_E3_83_BC_E3_83_A9_E3_83_BC_E3_82_BE_E3_83_BC_E3_83_B3_E5_A7_AA_E6_B5_9C_list.html
%E3%83%91%E3%83%BC%E3%83%A9%E3%83%BC%E3%82%BE%E3%83%BC%E3%83%B3%E5%A7%AA%E6%B5%9C,パーラーゾーン姪浜,2026-01-23,金,https://min-repo.com/2875335/,2875335,末尾系イベント,1の位が3の日。末尾の台番号に当たりがある想定。,,,4128,"◯スマスロ北斗の拳 転生の章2
◯マイジャグラーV",2026-05-13T14:23:03,data/raw/2026-05-13/_E3_83_91_E3_83_BC_E3_83_A9_E3_83_BC_E3_82_BE_E3_83_BC_E3_83_B3_E5_A7_AA_E6_B5_9C_list.html
%E3%83%91%E3%83%BC%E3%83%A9%E3%83%BC%E3%82%BE%E3%83%BC%E3%83%B3%E5%A7%AA%E6%B5%9C,パーラーゾーン姪浜,2026-01-21,水,https://min-repo.com/2872599/,2872599,,,,,2273,"☆スマスロ北斗の拳 転生の章2
◯ハッピージャグラーＶＩＩＩ",2026-05-13T14:23:03,data/raw/2026-05-13/_E3_83_91_E3_83_BC_E3_83_A9_E3_83_BC_E3_82_BE_E3_83_BC_E3_83_B3_E5_A7_AA_E6_B5_9C_list.html
%E3%83%91%E3%83%BC%E3%83%A9%E3%83%BC%E3%82%BE%E3%83%BC%E3%83%B3%E5%A7%AA%E6%B5%9C,パーラーゾーン姪浜,2026-01-20,火,https://min-repo.com/2870349/,2870349,,,,,2125,◎スマスロ鉄拳6,2026-05-13T14:23:03,data/raw/2026-05-13/_E3_83_91_E3_83_BC_E3_83_A9_E3_83_BC_E3_82_BE_E3_83_BC_E3_83_B3_E5_A7_AA_E6_B5_9C_list.html
%E3%83%91%E3%83%BC%E3%83%A9%E3%83%BC%E3%82%BE%E3%83%BC%E3%83%B3%E5%A7%AA%E6%B5%9C,パーラーゾーン姪浜,2026-01-19,月,https://min-repo.com/2867227/,2867227,並び・全台系イベント,1の位が9の日。設定が並び、全台系、かたまり系で入る想定。,34190,122,4386,"☆吉宗
◎スマスロ 東京リベンジャーズ
▲L戦国乙女４　戦乱に閃く炯眼の軍師
▲スマスロ化物語",2026-05-13T14:23:03,data/raw/2026-05-13/_E3_83_91_E3_83_BC_E3_83_A9_E3_83_BC_E3_82_BE_E3_83_BC_E3_83_B3_E5_A7_AA_E6_B5_9C_list.html
%E3%83%91%E3%83%BC%E3%83%A9%E3%83%BC%E3%82%BE%E3%83%BC%E3%83%B3%E5%A7%AA%E6%B5%9C,パーラーゾーン姪浜,2026-01-18,日,https://min-repo.com/2866099/,2866099,,,,,3803,◎スマスロ秘宝伝,2026-05-13T14:23:03,data/raw/2026-05-13/_E3_83_91_E3_83_BC_E3_83_A9_E3_83_BC_E3_82_BE_E3_83_BC_E3_83_B3_E5_A7_AA_E6_B5_9C_list.html
%E3%83%91%E3%83%BC%E3%83%A9%E3%83%BC%E3%82%BE%E3%83%BC%E3%83%B3%E5%A7%AA%E6%B5%9C,パーラーゾーン姪浜,2026-01-17,土,https://min-repo.com/2863027/,2863027,,,69690,249,4467,"▲スマスロ マギアレコード 魔法少女まどか☆マギカ外伝
▲スマスロモンキーターンV",2026-05-13T14:23:03,data/raw/2026-05-13/_E3_83_91_E3_83_BC_E3_83_A9_E3_83_BC_E3_82_BE_E3_83_BC_E3_83_B3_E5_A7_AA_E6_B5_9C_list.html
%E3%83%91%E3%83%BC%E3%83%A9%E3%83%BC%E3%82%BE%E3%83%BC%E3%83%B3%E5%A7%AA%E6%B5%9C,パーラーゾーン姪浜,2026-01-16,金,https://min-repo.com/2861173/,2861173,メリハリ設定,1の位が6の日。設定1でなければ6の可能性が高い想定。,,,3740,"▲スマスロ北斗の拳 転生の章2
▲スマスロ化物語
▲スマスロ ゴッドイーター リザレクション
▲L南国育ち",2026-05-13T14:23:03,data/raw/2026-05-13/_E3_83_91_E3_83_BC_E3_83_A9_E3_83_BC_E3_82_BE_E3_83_BC_E3_83_B3_E5_A7_AA_E6_B5_9C_list.html
%E3%83%91%E3%83%BC%E3%83%A9%E3%83%BC%E3%82%BE%E3%83%BC%E3%83%B3%E5%A7%AA%E6%B5%9C,パーラーゾーン姪浜,2026-01-15,木,https://min-repo.com/2860163/,2860163,ジャグラー強め,1の位が5の日。比較的ジャグラー系が強い想定。,,,2770,,2026-05-13T14:23:03,data/raw/2026-05-13/_E3_83_91_E3_83_BC_E3_83_A9_E3_83_BC_E3_82_BE_E3_83_BC_E3_83_B3_E5_A7_AA_E6_B5_9C_list.html
%E3%83%91%E3%83%BC%E3%83%A9%E3%83%BC%E3%82%BE%E3%83%BC%E3%83%B3%E5%A7%AA%E6%B5%9C,パーラーゾーン姪浜,2026-01-14,水,https://min-repo.com/2857120/,2857120,,,,,2259,,2026-05-13T14:23:03,data/raw/2026-05-13/_E3_83_91_E3_83_BC_E3_83_A9_E3_83_BC_E3_82_BE_E3_83_BC_E3_83_B3_E5_A7_AA_E6_B5_9C_list.html
%E3%83%91%E3%83%BC%E3%83%A9%E3%83%BC%E3%82%BE%E3%83%BC%E3%83%B3%E5%A7%AA%E6%B5%9C,パーラーゾーン姪浜,2026-01-13,火,https://min-repo.com/2854964/,2854964,末尾系イベント,1の位が3の日。末尾の台番号に当たりがある想定。,70970,253,3762,"◎L東京喰種
◯末尾9",2026-05-13T14:23:03,data/raw/2026-05-13/_E3_83_91_E3_83_BC_E3_83_A9_E3_83_BC_E3_82_BE_E3_83_BC_E3_83_B3_E5_A7_AA_E6_B5_9C_list.html
%E3%83%91%E3%83%BC%E3%83%A9%E3%83%BC%E3%82%BE%E3%83%BC%E3%83%B3%E5%A7%AA%E6%B5%9C,パーラーゾーン姪浜,2026-01-12,月,https://min-repo.com/2853540/,2853540,,,,,3386,"▲吉宗
▲Lパチスロ革命機ヴァルヴレイヴ2
▲スマスロモンキーターンV",2026-05-13T14:23:03,data/raw/2026-05-13/_E3_83_91_E3_83_BC_E3_83_A9_E3_83_BC_E3_82_BE_E3_83_BC_E3_83_B3_E5_A7_AA_E6_B5_9C_list.html
%E3%83%91%E3%83%BC%E3%83%A9%E3%83%BC%E3%82%BE%E3%83%BC%E3%83%B3%E5%A7%AA%E6%B5%9C,パーラーゾーン姪浜,2026-01-11,日,https://min-repo.com/2850737/,2850737,,,46030,164,5886,"☆スマスロ マギアレコード 魔法少女まどか☆マギカ外伝
◯ファンキージャグラー２ＫＴ
▲スマスロ北斗の拳 転生の章2
▲スマスロ モンスターハンターライズ
▲スマスロ化物語
◯末尾2",2026-05-13T14:23:03,data/raw/2026-05-13/_E3_83_91_E3_83_BC_E3_83_A9_E3_83_BC_E3_82_BE_E3_83_BC_E3_83_B3_E5_A7_AA_E6_B5_9C_list.html
%E3%83%91%E3%83%BC%E3%83%A9%E3%83%BC%E3%82%BE%E3%83%BC%E3%83%B3%E5%A7%AA%E6%B5%9C,パーラーゾーン姪浜,2026-01-10,土,https://min-repo.com/2849232/,2849232,,,,,4785,"▲スマスロ鉄拳6
▲スマスロ ゴッドイーター リザレクション",2026-05-13T14:23:03,data/raw/2026-05-13/_E3_83_91_E3_83_BC_E3_83_A9_E3_83_BC_E3_82_BE_E3_83_BC_E3_83_B3_E5_A7_AA_E6_B5_9C_list.html
%E3%83%91%E3%83%BC%E3%83%A9%E3%83%BC%E3%82%BE%E3%83%BC%E3%83%B3%E5%A7%AA%E6%B5%9C,パーラーゾーン姪浜,2026-01-09,金,https://min-repo.com/2848510/,2848510,並び・全台系イベント,1の位が9の日。設定が並び、全台系、かたまり系で入る想定。,79090,282,4371,"▲Lパチスロ革命機ヴァルヴレイヴ2
▲Lパチスロからくりサーカス
▲L戦国乙女４　戦乱に閃く炯眼の軍師",2026-05-13T14:23:03,data/raw/2026-05-13/_E3_83_91_E3_83_BC_E3_83_A9_E3_83_BC_E3_82_BE_E3_83_BC_E3_83_B3_E5_A7_AA_E6_B5_9C_list.html
%E3%83%91%E3%83%BC%E3%83%A9%E3%83%BC%E3%82%BE%E3%83%BC%E3%83%B3%E5%A7%AA%E6%B5%9C,パーラーゾーン姪浜,2026-01-07,水,https://min-repo.com/2843523/,2843523,,,,,2511,,2026-05-13T14:23:03,data/raw/2026-05-13/_E3_83_91_E3_83_BC_E3_83_A9_E3_83_BC_E3_82_BE_E3_83_BC_E3_83_B3_E5_A7_AA_E6_B5_9C_list.html
%E3%83%91%E3%83%BC%E3%83%A9%E3%83%BC%E3%82%BE%E3%83%BC%E3%83%B3%E5%A7%AA%E6%B5%9C,パーラーゾーン姪浜,2026-01-06,火,https://min-repo.com/2840618/,2840618,メリハリ設定,1の位が6の日。設定1でなければ6の可能性が高い想定。,26010,93,4545,"▲L戦国乙女４　戦乱に閃く炯眼の軍師
▲スマスロ マギアレコード 魔法少女まどか☆マギカ外伝",2026-05-13T14:23:03,data/raw/2026-05-13/_E3_83_91_E3_83_BC_E3_83_A9_E3_83_BC_E3_82_BE_E3_83_BC_E3_83_B3_E5_A7_AA_E6_B5_9C_list.html
%E3%83%91%E3%83%BC%E3%83%A9%E3%83%BC%E3%82%BE%E3%83%BC%E3%83%B3%E5%A7%AA%E6%B5%9C,パーラーゾーン姪浜,2026-01-05,月,https://min-repo.com/2839311/,2839311,ジャグラー強め,1の位が5の日。比較的ジャグラー系が強い想定。,,,3634,◯マイジャグラーV,2026-05-13T14:23:03,data/raw/2026-05-13/_E3_83_91_E3_83_BC_E3_83_A9_E3_83_BC_E3_82_BE_E3_83_BC_E3_83_B3_E5_A7_AA_E6_B5_9C_list.html
%E3%83%91%E3%83%BC%E3%83%A9%E3%83%BC%E3%82%BE%E3%83%BC%E3%83%B3%E5%A7%AA%E6%B5%9C,パーラーゾーン姪浜,2026-01-04,日,https://min-repo.com/2836790/,2836790,,,33380,119,4604,"☆パチスロ　甲鉄城のカバネリ
◎Lパチスロ革命機ヴァルヴレイヴ2
▲スマスロ化物語
▲スマスロ新鬼武者3
▲スマスロモンキーターンV",2026-05-13T14:23:03,data/raw/2026-05-13/_E3_83_91_E3_83_BC_E3_83_A9_E3_83_BC_E3_82_BE_E3_83_BC_E3_83_B3_E5_A7_AA_E6_B5_9C_list.html
%E3%83%91%E3%83%BC%E3%83%A9%E3%83%BC%E3%82%BE%E3%83%BC%E3%83%B3%E5%A7%AA%E6%B5%9C,パーラーゾーン姪浜,2026-01-03,土,https://min-repo.com/2834725/,2834725,末尾系イベント,1の位が3の日。末尾の台番号に当たりがある想定。,60600,216,5931,"☆パチスロ　ケロット４
▲Lパチスロ かぐや様は告らせたい
▲吉宗
▲L南国育ち
▲スマスロ ゴッドイーター リザレクション
◎末尾8",2026-05-13T14:23:03,data/raw/2026-05-13/_E3_83_91_E3_83_BC_E3_83_A9_E3_83_BC_E3_82_BE_E3_83_BC_E3_83_B3_E5_A7_AA_E6_B5_9C_list.html
%E3%83%91%E3%83%BC%E3%83%A9%E3%83%BC%E3%82%BE%E3%83%BC%E3%83%B3%E5%A7%AA%E6%B5%9C,パーラーゾーン姪浜,2026-01-02,金,https://min-repo.com/2832907/,2832907,,,,,3267,"▲スマスロ化物語
▲Lパチスロからくりサーカス
▲スマスロ マギアレコード 魔法少女まどか☆マギカ外伝",2026-05-13T14:23:03,data/raw/2026-05-13/_E3_83_91_E3_83_BC_E3_83_A9_E3_83_BC_E3_82_BE_E3_83_BC_E3_83_B3_E5_A7_AA_E6_B5_9C_list.html
%E3%83%91%E3%83%BC%E3%83%A9%E3%83%BC%E3%82%BE%E3%83%BC%E3%83%B3%E5%A7%AA%E6%B5%9C,パーラーゾーン姪浜,2026-01-01,木,https://min-repo.com/2830464/,2830464,,,57780,206,3021,"☆スマスロ秘宝伝
◯Lスマスロ北斗の拳
▲Lパチスロ かぐや様は告らせたい
▲スマスロ マギアレコード 魔法少女まどか☆マギカ外伝",2026-05-13T14:23:03,data/raw/2026-05-13/_E3_83_91_E3_83_BC_E3_83_A9_E3_83_BC_E3_82_BE_E3_83_BC_E3_83_B3_E5_A7_AA_E6_B5_9C_list.html
%E3%83%91%E3%83%BC%E3%83%A9%E3%83%BC%E3%82%BE%E3%83%BC%E3%83%B3%E5%A7%AA%E6%B5%9C,パーラーゾーン姪浜,2025-12-31,水,https://min-repo.com/2828826/,2828826,,,4080,15,4090,"◯ネオアイムジャグラーEX
▲Lパチスロ革命機ヴァルヴレイヴ2
▲スマスロ 東京リベンジャーズ
▲L ToLOVEるダークネス",2026-05-13T14:23:03,data/raw/2026-05-13/_E3_83_91_E3_83_BC_E3_83_A9_E3_83_BC_E3_82_BE_E3_83_BC_E3_83_B3_E5_A7_AA_E6_B5_9C_list.html
%E3%83%91%E3%83%BC%E3%83%A9%E3%83%BC%E3%82%BE%E3%83%BC%E3%83%B3%E5%A7%AA%E6%B5%9C,パーラーゾーン姪浜,2025-12-30,火,https://min-repo.com/2827604/,2827604,,,,,4176,"◯ハッピージャグラーＶＩＩＩ
▲Lダーリン・イン・ザ・フランキス",2026-05-13T14:23:03,data/raw/2026-05-13/_E3_83_91_E3_83_BC_E3_83_A9_E3_83_BC_E3_82_BE_E3_83_BC_E3_83_B3_E5_A7_AA_E6_B5_9C_list.html
%E3%83%91%E3%83%BC%E3%83%A9%E3%83%BC%E3%82%BE%E3%83%BC%E3%83%B3%E5%A7%AA%E6%B5%9C,パーラーゾーン姪浜,2025-12-29,月,https://min-repo.com/2824337/,2824337,並び・全台系イベント,1の位が9の日。設定が並び、全台系、かたまり系で入る想定。,11580,41,5446,"◯ニューパルサーＳＰＩＩＩ
◯パチスロ　ケロット４
▲Lパチスロ革命機ヴァルヴレイヴ",2026-05-13T14:23:03,data/raw/2026-05-13/_E3_83_91_E3_83_BC_E3_83_A9_E3_83_BC_E3_82_BE_E3_83_BC_E3_83_B3_E5_A7_AA_E6_B5_9C_list.html
%E3%83%91%E3%83%BC%E3%83%A9%E3%83%BC%E3%82%BE%E3%83%BC%E3%83%B3%E5%A7%AA%E6%B5%9C,パーラーゾーン姪浜,2025-12-28,日,https://min-repo.com/2823232/,2823232,,,44600,159,3998,"◯LBパチスロ ヱヴァンゲリヲン～約束の扉～
▲Lパチスロからくりサーカス
▲Lパチスロ革命機ヴァルヴレイヴ2
▲スマスロ マギアレコード 魔法少女まどか☆マギカ外伝",2026-05-13T14:23:03,data/raw/2026-05-13/_E3_83_91_E3_83_BC_E3_83_A9_E3_83_BC_E3_82_BE_E3_83_BC_E3_83_B3_E5_A7_AA_E6_B5_9C_list.html
%E3%83%91%E3%83%BC%E3%83%A9%E3%83%BC%E3%82%BE%E3%83%BC%E3%83%B3%E5%A7%AA%E6%B5%9C,パーラーゾーン姪浜,2025-12-27,土,https://min-repo.com/2820231/,2820231,,,42970,153,4475,"▲L ToLOVEるダークネス
▲L戦国乙女４　戦乱に閃く炯眼の軍師
▲Lダーリン・イン・ザ・フランキス
▲Lパチスロからくりサーカス
▲Lパチスロ かぐや様は告らせたい",2026-05-13T14:23:03,data/raw/2026-05-13/_E3_83_91_E3_83_BC_E3_83_A9_E3_83_BC_E3_82_BE_E3_83_BC_E3_83_B3_E5_A7_AA_E6_B5_9C_list.html
%E3%83%91%E3%83%BC%E3%83%A9%E3%83%BC%E3%82%BE%E3%83%BC%E3%83%B3%E5%A7%AA%E6%B5%9C,パーラーゾーン姪浜,2025-12-26,金,https://min-repo.com/2818143/,2818143,メリハリ設定,1の位が6の日。設定1でなければ6の可能性が高い想定。,,,4309,"▲スマスロ秘宝伝
▲スマスロ スーパーブラックジャック
▲スマスロ ゴッドイーター リザレクション
▲LBパチスロ ヱヴァンゲリヲン～約束の扉～",2026-05-13T14:23:03,data/raw/2026-05-13/_E3_83_91_E3_83_BC_E3_83_A9_E3_83_BC_E3_82_BE_E3_83_BC_E3_83_B3_E5_A7_AA_E6_B5_9C_list.html
%E3%83%91%E3%83%BC%E3%83%A9%E3%83%BC%E3%82%BE%E3%83%BC%E3%83%B3%E5%A7%AA%E6%B5%9C,パーラーゾーン姪浜,2025-12-25,木,https://min-repo.com/2816584/,2816584,ジャグラー強め,1の位が5の日。比較的ジャグラー系が強い想定。,,,3367,,2026-05-13T14:23:03,data/raw/2026-05-13/_E3_83_91_E3_83_BC_E3_83_A9_E3_83_BC_E3_82_BE_E3_83_BC_E3_83_B3_E5_A7_AA_E6_B5_9C_list.html
%E3%83%91%E3%83%BC%E3%83%A9%E3%83%BC%E3%82%BE%E3%83%BC%E3%83%B3%E5%A7%AA%E6%B5%9C,パーラーゾーン姪浜,2025-12-23,火,https://min-repo.com/2812029/,2812029,末尾系イベント,1の位が3の日。末尾の台番号に当たりがある想定。,,,3970,"▲L ToLOVEるダークネス
▲L戦国乙女４　戦乱に閃く炯眼の軍師
▲沖ドキ！ＧＯＬＤ
▲スマスロ モンスターハンターライズ",2026-05-13T14:23:03,data/raw/2026-05-13/_E3_83_91_E3_83_BC_E3_83_A9_E3_83_BC_E3_82_BE_E3_83_BC_E3_83_B3_E5_A7_AA_E6_B5_9C_list.html
%E3%83%91%E3%83%BC%E3%83%A9%E3%83%BC%E3%82%BE%E3%83%BC%E3%83%B3%E5%A7%AA%E6%B5%9C,パーラーゾーン姪浜,2025-12-22,月,https://min-repo.com/2810046/,2810046,,,,,3417,"◯パチスロ　ケロット４
▲L戦国乙女４　戦乱に閃く炯眼の軍師
▲スマスロ 東京リベンジャーズ",2026-05-13T14:23:03,data/raw/2026-05-13/_E3_83_91_E3_83_BC_E3_83_A9_E3_83_BC_E3_82_BE_E3_83_BC_E3_83_B3_E5_A7_AA_E6_B5_9C_list.html
%E3%83%91%E3%83%BC%E3%83%A9%E3%83%BC%E3%82%BE%E3%83%BC%E3%83%B3%E5%A7%AA%E6%B5%9C,パーラーゾーン姪浜,2025-12-21,日,https://min-repo.com/2808706/,2808706,,,10580,38,3234,"☆スマスロ マギアレコード 魔法少女まどか☆マギカ外伝
☆回胴黙示録カイジ 狂宴
▲Lパチスロ革命機ヴァルヴレイヴ2",2026-05-13T14:23:03,data/raw/2026-05-13/_E3_83_91_E3_83_BC_E3_83_A9_E3_83_BC_E3_82_BE_E3_83_BC_E3_83_B3_E5_A7_AA_E6_B5_9C_list.html
%E3%83%91%E3%83%BC%E3%83%A9%E3%83%BC%E3%82%BE%E3%83%BC%E3%83%B3%E5%A7%AA%E6%B5%9C,パーラーゾーン姪浜,2025-12-20,土,https://min-repo.com/2805953/,2805953,,,50320,180,5079,"◎L東京喰種
▲Lダーリン・イン・ザ・フランキス
▲回胴黙示録カイジ 狂宴
▲スマスロ シャーマンキング
▲スマスロ モンスターハンターライズ",2026-05-13T14:23:03,data/raw/2026-05-13/_E3_83_91_E3_83_BC_E3_83_A9_E3_83_BC_E3_82_BE_E3_83_BC_E3_83_B3_E5_A7_AA_E6_B5_9C_list.html
%E3%83%91%E3%83%BC%E3%83%A9%E3%83%BC%E3%82%BE%E3%83%BC%E3%83%B3%E5%A7%AA%E6%B5%9C,パーラーゾーン姪浜,2025-12-19,金,https://min-repo.com/2804219/,2804219,並び・全台系イベント,1の位が9の日。設定が並び、全台系、かたまり系で入る想定。,41650,149,4046,"◎ハッピージャグラーＶＩＩＩ
▲スマスロモンキーターンV
◯末尾1",2026-05-13T14:23:03,data/raw/2026-05-13/_E3_83_91_E3_83_BC_E3_83_A9_E3_83_BC_E3_82_BE_E3_83_BC_E3_83_B3_E5_A7_AA_E6_B5_9C_list.html
%E3%83%91%E3%83%BC%E3%83%A9%E3%83%BC%E3%82%BE%E3%83%BC%E3%83%B3%E5%A7%AA%E6%B5%9C,パーラーゾーン姪浜,2025-12-18,木,https://min-repo.com/2803194/,2803194,,,,,2207,,2026-05-13T14:23:03,data/raw/2026-05-13/_E3_83_91_E3_83_BC_E3_83_A9_E3_83_BC_E3_82_BE_E3_83_BC_E3_83_B3_E5_A7_AA_E6_B5_9C_list.html
%E3%83%91%E3%83%BC%E3%83%A9%E3%83%BC%E3%82%BE%E3%83%BC%E3%83%B3%E5%A7%AA%E6%B5%9C,パーラーゾーン姪浜,2025-12-17,水,https://min-repo.com/2800552/,2800552,,,,,2416,,2026-05-13T14:23:03,data/raw/2026-05-13/_E3_83_91_E3_83_BC_E3_83_A9_E3_83_BC_E3_82_BE_E3_83_BC_E3_83_B3_E5_A7_AA_E6_B5_9C_list.html
%E3%83%91%E3%83%BC%E3%83%A9%E3%83%BC%E3%82%BE%E3%83%BC%E3%83%B3%E5%A7%AA%E6%B5%9C,パーラーゾーン姪浜,2025-12-16,火,https://min-repo.com/2797752/,2797752,メリハリ設定,1の位が6の日。設定1でなければ6の可能性が高い想定。,56700,203,3771,"▲スマスロ化物語
▲Lパチスロからくりサーカス
▲スマスロモンキーターンV",2026-05-13T14:23:03,data/raw/2026-05-13/_E3_83_91_E3_83_BC_E3_83_A9_E3_83_BC_E3_82_BE_E3_83_BC_E3_83_B3_E5_A7_AA_E6_B5_9C_list.html
%E3%83%91%E3%83%BC%E3%83%A9%E3%83%BC%E3%82%BE%E3%83%BC%E3%83%B3%E5%A7%AA%E6%B5%9C,パーラーゾーン姪浜,2025-12-15,月,https://min-repo.com/2796954/,2796954,ジャグラー強め,1の位が5の日。比較的ジャグラー系が強い想定。,28810,103,2937,☆スマスロ化物語,2026-05-13T14:23:03,data/raw/2026-05-13/_E3_83_91_E3_83_BC_E3_83_A9_E3_83_BC_E3_82_BE_E3_83_BC_E3_83_B3_E5_A7_AA_E6_B5_9C_list.html
%E3%83%91%E3%83%BC%E3%83%A9%E3%83%BC%E3%82%BE%E3%83%BC%E3%83%B3%E5%A7%AA%E6%B5%9C,パーラーゾーン姪浜,2025-12-14,日,https://min-repo.com/2794074/,2794074,,,,,3888,◯パチスロ　ケロット４,2026-05-13T14:23:03,data/raw/2026-05-13/_E3_83_91_E3_83_BC_E3_83_A9_E3_83_BC_E3_82_BE_E3_83_BC_E3_83_B3_E5_A7_AA_E6_B5_9C_list.html
%E3%83%91%E3%83%BC%E3%83%A9%E3%83%BC%E3%82%BE%E3%83%BC%E3%83%B3%E5%A7%AA%E6%B5%9C,パーラーゾーン姪浜,2025-12-13,土,https://min-repo.com/2791623/,2791623,末尾系イベント,1の位が3の日。末尾の台番号に当たりがある想定。,44810,160,5332,"☆スマスロ化物語
◯L ToLOVEるダークネス
▲スマスロ 東京リベンジャーズ
▲吉宗
▲Lダーリン・イン・ザ・フランキス
◯末尾4",2026-05-13T14:23:03,data/raw/2026-05-13/_E3_83_91_E3_83_BC_E3_83_A9_E3_83_BC_E3_82_BE_E3_83_BC_E3_83_B3_E5_A7_AA_E6_B5_9C_list.html
%E3%83%91%E3%83%BC%E3%83%A9%E3%83%BC%E3%82%BE%E3%83%BC%E3%83%B3%E5%A7%AA%E6%B5%9C,パーラーゾーン姪浜,2025-12-12,金,https://min-repo.com/2789656/,2789656,,,4010,14,3380,"◯沖ドキ！ＧＯＬＤ
▲L南国育ち
▲L東京喰種",2026-05-13T14:23:03,data/raw/2026-05-13/_E3_83_91_E3_83_BC_E3_83_A9_E3_83_BC_E3_82_BE_E3_83_BC_E3_83_B3_E5_A7_AA_E6_B5_9C_list.html
%E3%83%91%E3%83%BC%E3%83%A9%E3%83%BC%E3%82%BE%E3%83%BC%E3%83%B3%E5%A7%AA%E6%B5%9C,パーラーゾーン姪浜,2025-12-11,木,https://min-repo.com/2787563/,2787563,,,,,2838,"☆沖ドキ！ＧＯＬＤ
☆L南国育ち",2026-05-13T14:23:03,data/raw/2026-05-13/_E3_83_91_E3_83_BC_E3_83_A9_E3_83_BC_E3_82_BE_E3_83_BC_E3_83_B3_E5_A7_AA_E6_B5_9C_list.html
%E3%83%91%E3%83%BC%E3%83%A9%E3%83%BC%E3%82%BE%E3%83%BC%E3%83%B3%E5%A7%AA%E6%B5%9C,パーラーゾーン姪浜,2025-12-09,火,https://min-repo.com/2783748/,2783748,並び・全台系イベント,1の位が9の日。設定が並び、全台系、かたまり系で入る想定。,32870,117,4017,"◯SアイムジャグラーＥＸ
▲Lパチスロ革命機ヴァルヴレイヴ2",2026-05-13T14:23:03,data/raw/2026-05-13/_E3_83_91_E3_83_BC_E3_83_A9_E3_83_BC_E3_82_BE_E3_83_BC_E3_83_B3_E5_A7_AA_E6_B5_9C_list.html
%E3%83%91%E3%83%BC%E3%83%A9%E3%83%BC%E3%82%BE%E3%83%BC%E3%83%B3%E5%A7%AA%E6%B5%9C,パーラーゾーン姪浜,2025-12-08,月,https://min-repo.com/2782702/,2782702,,,,,2482,,2026-05-13T14:23:03,data/raw/2026-05-13/_E3_83_91_E3_83_BC_E3_83_A9_E3_83_BC_E3_82_BE_E3_83_BC_E3_83_B3_E5_A7_AA_E6_B5_9C_list.html
%E3%83%91%E3%83%BC%E3%83%A9%E3%83%BC%E3%82%BE%E3%83%BC%E3%83%B3%E5%A7%AA%E6%B5%9C,パーラーゾーン姪浜,2025-12-07,日,https://min-repo.com/2780462/,2780462,,,61020,218,3570,"◎スマスロ 東京リベンジャーズ
◯マイジャグラーV
▲L ToLOVEるダークネス
▲末尾1",2026-05-13T14:23:03,data/raw/2026-05-13/_E3_83_91_E3_83_BC_E3_83_A9_E3_83_BC_E3_82_BE_E3_83_BC_E3_83_B3_E5_A7_AA_E6_B5_9C_list.html
%E3%83%91%E3%83%BC%E3%83%A9%E3%83%BC%E3%82%BE%E3%83%BC%E3%83%B3%E5%A7%AA%E6%B5%9C,パーラーゾーン姪浜,2025-12-06,土,https://min-repo.com/2777551/,2777551,メリハリ設定,1の位が6の日。設定1でなければ6の可能性が高い想定。,,,5021,"☆L南国育ち
◯沖ドキ！ＧＯＬＤ
▲スマスロ シャーマンキング
▲パチスロ　ケロット４",2026-05-13T14:23:03,data/raw/2026-05-13/_E3_83_91_E3_83_BC_E3_83_A9_E3_83_BC_E3_82_BE_E3_83_BC_E3_83_B3_E5_A7_AA_E6_B5_9C_list.html
%E3%83%91%E3%83%BC%E3%83%A9%E3%83%BC%E3%82%BE%E3%83%BC%E3%83%B3%E5%A7%AA%E6%B5%9C,パーラーゾーン姪浜,2025-12-05,金,https://min-repo.com/2776744/,2776744,ジャグラー強め,1の位が5の日。比較的ジャグラー系が強い想定。,,,2883,"☆L南国育ち
◯ニューパルサーＳＰＩＩＩ
▲L ToLOVEるダークネス",2026-05-13T14:23:03,data/raw/2026-05-13/_E3_83_91_E3_83_BC_E3_83_A9_E3_83_BC_E3_82_BE_E3_83_BC_E3_83_B3_E5_A7_AA_E6_B5_9C_list.html
%E3%83%91%E3%83%BC%E3%83%A9%E3%83%BC%E3%82%BE%E3%83%BC%E3%83%B3%E5%A7%AA%E6%B5%9C,パーラーゾーン姪浜,2025-12-04,木,https://min-repo.com/2773563/,2773563,,,5020,18,2436,▲スマスロ新鬼武者3,2026-05-13T14:23:03,data/raw/2026-05-13/_E3_83_91_E3_83_BC_E3_83_A9_E3_83_BC_E3_82_BE_E3_83_BC_E3_83_B3_E5_A7_AA_E6_B5_9C_list.html
%E3%83%91%E3%83%BC%E3%83%A9%E3%83%BC%E3%82%BE%E3%83%BC%E3%83%B3%E5%A7%AA%E6%B5%9C,パーラーゾーン姪浜,2025-12-03,水,https://min-repo.com/2771486/,2771486,末尾系イベント,1の位が3の日。末尾の台番号に当たりがある想定。,79420,284,6313,"◎沖ドキ！ＧＯＬＤ
◯末尾9",2026-05-13T14:23:03,data/raw/2026-05-13/_E3_83_91_E3_83_BC_E3_83_A9_E3_83_BC_E3_82_BE_E3_83_BC_E3_83_B3_E5_A7_AA_E6_B5_9C_list.html
%E3%83%91%E3%83%BC%E3%83%A9%E3%83%BC%E3%82%BE%E3%83%BC%E3%83%B3%E5%A7%AA%E6%B5%9C,パーラーゾーン姪浜,2025-12-02,火,https://min-repo.com/2769992/,2769992,,,,,2661,,2026-05-13T14:23:03,data/raw/2026-05-13/_E3_83_91_E3_83_BC_E3_83_A9_E3_83_BC_E3_82_BE_E3_83_BC_E3_83_B3_E5_A7_AA_E6_B5_9C_list.html
%E3%83%91%E3%83%BC%E3%83%A9%E3%83%BC%E3%82%BE%E3%83%BC%E3%83%B3%E5%A7%AA%E6%B5%9C,パーラーゾーン姪浜,2025-12-01,月,https://min-repo.com/2768819/,2768819,,,14150,51,2559,"▲Lパチスロ革命機ヴァルヴレイヴ2
▲L東京喰種",2026-05-13T14:23:03,data/raw/2026-05-13/_E3_83_91_E3_83_BC_E3_83_A9_E3_83_BC_E3_82_BE_E3_83_BC_E3_83_B3_E5_A7_AA_E6_B5_9C_list.html
%E3%83%91%E3%83%BC%E3%83%A9%E3%83%BC%E3%82%BE%E3%83%BC%E3%83%B3%E5%A7%AA%E6%B5%9C,パーラーゾーン姪浜,2025-11-30,日,https://min-repo.com/2766243/,2766243,,,,,2959,"◯回胴黙示録カイジ 狂宴
▲スマスロ ゴッドイーター リザレクション",2026-05-13T14:23:03,data/raw/2026-05-13/_E3_83_91_E3_83_BC_E3_83_A9_E3_83_BC_E3_82_BE_E3_83_BC_E3_83_B3_E5_A7_AA_E6_B5_9C_list.html
%E3%83%91%E3%83%BC%E3%83%A9%E3%83%BC%E3%82%BE%E3%83%BC%E3%83%B3%E5%A7%AA%E6%B5%9C,パーラーゾーン姪浜,2025-11-29,土,https://min-repo.com/2763363/,2763363,並び・全台系イベント,1の位が9の日。設定が並び、全台系、かたまり系で入る想定。,73320,262,5262,"☆マイジャグラーV
◎パチスロ　甲鉄城のカバネリ
▲Lダーリン・イン・ザ・フランキス
▲スマスロ新鬼武者3
▲L南国育ち
▲スマスロモンキーターンV",2026-05-13T14:23:03,data/raw/2026-05-13/_E3_83_91_E3_83_BC_E3_83_A9_E3_83_BC_E3_82_BE_E3_83_BC_E3_83_B3_E5_A7_AA_E6_B5_9C_list.html
%E3%83%91%E3%83%BC%E3%83%A9%E3%83%BC%E3%82%BE%E3%83%BC%E3%83%B3%E5%A7%AA%E6%B5%9C,パーラーゾーン姪浜,2025-11-28,金,https://min-repo.com/2762583/,2762583,,,30300,108,1809,▲スマスロ モンスターハンターライズ,2026-05-13T14:23:03,data/raw/2026-05-13/_E3_83_91_E3_83_BC_E3_83_A9_E3_83_BC_E3_82_BE_E3_83_BC_E3_83_B3_E5_A7_AA_E6_B5_9C_list.html
%E3%83%91%E3%83%BC%E3%83%A9%E3%83%BC%E3%82%BE%E3%83%BC%E3%83%B3%E5%A7%AA%E6%B5%9C,パーラーゾーン姪浜,2025-11-27,木,https://min-repo.com/2760140/,2760140,,,21500,77,2208,▲末尾7,2026-05-13T14:23:03,data/raw/2026-05-13/_E3_83_91_E3_83_BC_E3_83_A9_E3_83_BC_E3_82_BE_E3_83_BC_E3_83_B3_E5_A7_AA_E6_B5_9C_list.html
%E3%83%91%E3%83%BC%E3%83%A9%E3%83%BC%E3%82%BE%E3%83%BC%E3%83%B3%E5%A7%AA%E6%B5%9C,パーラーゾーン姪浜,2025-11-26,水,https://min-repo.com/2757209/,2757209,メリハリ設定,1の位が6の日。設定1でなければ6の可能性が高い想定。,19940,71,3631,"◯パチスロ　ケロット４
▲スマスロ シャーマンキング
▲Lパチスロ かぐや様は告らせたい",2026-05-13T14:23:03,data/raw/2026-05-13/_E3_83_91_E3_83_BC_E3_83_A9_E3_83_BC_E3_82_BE_E3_83_BC_E3_83_B3_E5_A7_AA_E6_B5_9C_list.html
%E3%83%91%E3%83%BC%E3%83%A9%E3%83%BC%E3%82%BE%E3%83%BC%E3%83%B3%E5%A7%AA%E6%B5%9C,パーラーゾーン姪浜,2025-11-25,火,https://min-repo.com/2756424/,2756424,ジャグラー強め,1の位が5の日。比較的ジャグラー系が強い想定。,,,2464,,2026-05-13T14:23:03,data/raw/2026-05-13/_E3_83_91_E3_83_BC_E3_83_A9_E3_83_BC_E3_82_BE_E3_83_BC_E3_83_B3_E5_A7_AA_E6_B5_9C_list.html
%E3%83%91%E3%83%BC%E3%83%A9%E3%83%BC%E3%82%BE%E3%83%BC%E3%83%B3%E5%A7%AA%E6%B5%9C,パーラーゾーン姪浜,2025-11-24,月,https://min-repo.com/2753648/,2753648,,,19740,71,2842,"◎スマスロ痛いのは嫌なので防御力に極振りしたいと思います。
▲スマスロ マギアレコード 魔法少女まどか☆マギカ外伝",2026-05-13T14:23:03,data/raw/2026-05-13/_E3_83_91_E3_83_BC_E3_83_A9_E3_83_BC_E3_82_BE_E3_83_BC_E3_83_B3_E5_A7_AA_E6_B5_9C_list.html
%E3%83%91%E3%83%BC%E3%83%A9%E3%83%BC%E3%82%BE%E3%83%BC%E3%83%B3%E5%A7%AA%E6%B5%9C,パーラーゾーン姪浜,2025-11-23,日,https://min-repo.com/2751115/,2751115,末尾系イベント,1の位が3の日。末尾の台番号に当たりがある想定。,25010,89,4236,"☆回胴黙示録カイジ 狂宴
▲L ToLOVEるダークネス
▲L南国育ち
▲Lパチスロ かぐや様は告らせたい
◎末尾8",2026-05-13T14:23:03,data/raw/2026-05-13/_E3_83_91_E3_83_BC_E3_83_A9_E3_83_BC_E3_82_BE_E3_83_BC_E3_83_B3_E5_A7_AA_E6_B5_9C_list.html
%E3%83%91%E3%83%BC%E3%83%A9%E3%83%BC%E3%82%BE%E3%83%BC%E3%83%B3%E5%A7%AA%E6%B5%9C,パーラーゾーン姪浜,2025-11-22,土,https://min-repo.com/2749063/,2749063,,,26920,96,4610,"◎スマスロ ゴッドイーター リザレクション
◎スマスロ 東京リベンジャーズ
◯スマスロ シャーマンキング",2026-05-13T14:23:03,data/raw/2026-05-13/_E3_83_91_E3_83_BC_E3_83_A9_E3_83_BC_E3_82_BE_E3_83_BC_E3_83_B3_E5_A7_AA_E6_B5_9C_list.html
%E3%83%91%E3%83%BC%E3%83%A9%E3%83%BC%E3%82%BE%E3%83%BC%E3%83%B3%E5%A7%AA%E6%B5%9C,パーラーゾーン姪浜,2025-11-21,金,https://min-repo.com/2748084/,2748084,,,,,3038,▲L戦国乙女４　戦乱に閃く炯眼の軍師,2026-05-13T14:23:03,data/raw/2026-05-13/_E3_83_91_E3_83_BC_E3_83_A9_E3_83_BC_E3_82_BE_E3_83_BC_E3_83_B3_E5_A7_AA_E6_B5_9C_list.html
%E3%83%91%E3%83%BC%E3%83%A9%E3%83%BC%E3%82%BE%E3%83%BC%E3%83%B3%E5%A7%AA%E6%B5%9C,パーラーゾーン姪浜,2025-11-19,水,https://min-repo.com/2743035/,2743035,並び・全台系イベント,1の位が9の日。設定が並び、全台系、かたまり系で入る想定。,,,3659,◯回胴黙示録カイジ 狂宴,2026-05-13T14:23:03,data/raw/2026-05-13/_E3_83_91_E3_83_BC_E3_83_A9_E3_83_BC_E3_82_BE_E3_83_BC_E3_83_B3_E5_A7_AA_E6_B5_9C_list.html
%E3%83%91%E3%83%BC%E3%83%A9%E3%83%BC%E3%82%BE%E3%83%BC%E3%83%B3%E5%A7%AA%E6%B5%9C,パーラーゾーン姪浜,2025-11-18,火,https://min-repo.com/2742426/,2742426,,,,,1927,,2026-05-13T14:23:03,data/raw/2026-05-13/_E3_83_91_E3_83_BC_E3_83_A9_E3_83_BC_E3_82_BE_E3_83_BC_E3_83_B3_E5_A7_AA_E6_B5_9C_list.html
%E3%83%91%E3%83%BC%E3%83%A9%E3%83%BC%E3%82%BE%E3%83%BC%E3%83%B3%E5%A7%AA%E6%B5%9C,パーラーゾーン姪浜,2025-11-17,月,https://min-repo.com/2739629/,2739629,,,22230,79,2203,,2026-05-13T14:23:03,data/raw/2026-05-13/_E3_83_91_E3_83_BC_E3_83_A9_E3_83_BC_E3_82_BE_E3_83_BC_E3_83_B3_E5_A7_AA_E6_B5_9C_list.html
%E3%83%91%E3%83%BC%E3%83%A9%E3%83%BC%E3%82%BE%E3%83%BC%E3%83%B3%E5%A7%AA%E6%B5%9C,パーラーゾーン姪浜,2025-11-16,日,https://min-repo.com/2736939/,2736939,メリハリ設定,1の位が6の日。設定1でなければ6の可能性が高い想定。,77220,276,4413,"▲スマスロ シャーマンキング
▲吉宗
▲L ToLOVEるダークネス
▲L東京喰種
▲L戦国乙女４　戦乱に閃く炯眼の軍師
▲末尾4",2026-05-13T14:23:03,data/raw/2026-05-13/_E3_83_91_E3_83_BC_E3_83_A9_E3_83_BC_E3_82_BE_E3_83_BC_E3_83_B3_E5_A7_AA_E6_B5_9C_list.html
%E3%83%91%E3%83%BC%E3%83%A9%E3%83%BC%E3%82%BE%E3%83%BC%E3%83%B3%E5%A7%AA%E6%B5%9C,パーラーゾーン姪浜,2025-11-15,土,https://min-repo.com/2734840/,2734840,ジャグラー強め,1の位が5の日。比較的ジャグラー系が強い想定。,79790,285,5009,"◯回胴黙示録カイジ 狂宴
◯パチスロ　ケロット４
▲Lダーリン・イン・ザ・フランキス
▲吉宗
▲沖ドキ！ＧＯＬＤ",2026-05-13T14:23:03,data/raw/2026-05-13/_E3_83_91_E3_83_BC_E3_83_A9_E3_83_BC_E3_82_BE_E3_83_BC_E3_83_B3_E5_A7_AA_E6_B5_9C_list.html
%E3%83%91%E3%83%BC%E3%83%A9%E3%83%BC%E3%82%BE%E3%83%BC%E3%83%B3%E5%A7%AA%E6%B5%9C,パーラーゾーン姪浜,2025-11-14,金,https://min-repo.com/2733309/,2733309,,,,,2168,,2026-05-13T14:23:03,data/raw/2026-05-13/_E3_83_91_E3_83_BC_E3_83_A9_E3_83_BC_E3_82_BE_E3_83_BC_E3_83_B3_E5_A7_AA_E6_B5_9C_list.html
%E3%83%91%E3%83%BC%E3%83%A9%E3%83%BC%E3%82%BE%E3%83%BC%E3%83%B3%E5%A7%AA%E6%B5%9C,パーラーゾーン姪浜,2025-11-13,木,https://min-repo.com/2730893/,2730893,末尾系イベント,1の位が3の日。末尾の台番号に当たりがある想定。,,,3249,◯末尾5,2026-05-13T14:23:03,data/raw/2026-05-13/_E3_83_91_E3_83_BC_E3_83_A9_E3_83_BC_E3_82_BE_E3_83_BC_E3_83_B3_E5_A7_AA_E6_B5_9C_list.html
%E3%83%91%E3%83%BC%E3%83%A9%E3%83%BC%E3%82%BE%E3%83%BC%E3%83%B3%E5%A7%AA%E6%B5%9C,パーラーゾーン姪浜,2025-11-12,水,https://min-repo.com/2729435/,2729435,,,,,2040,,2026-05-13T14:23:03,data/raw/2026-05-13/_E3_83_91_E3_83_BC_E3_83_A9_E3_83_BC_E3_82_BE_E3_83_BC_E3_83_B3_E5_A7_AA_E6_B5_9C_list.html
%E3%83%91%E3%83%BC%E3%83%A9%E3%83%BC%E3%82%BE%E3%83%BC%E3%83%B3%E5%A7%AA%E6%B5%9C,パーラーゾーン姪浜,2025-11-11,火,https://min-repo.com/2726911/,2726911,,,,,4831,"☆スマスロ シャーマンキング
☆吉宗
◯パチスロ　甲鉄城のカバネリ
▲L戦国乙女４　戦乱に閃く炯眼の軍師",2026-05-13T14:23:03,data/raw/2026-05-13/_E3_83_91_E3_83_BC_E3_83_A9_E3_83_BC_E3_82_BE_E3_83_BC_E3_83_B3_E5_A7_AA_E6_B5_9C_list.html
%E3%83%91%E3%83%BC%E3%83%A9%E3%83%BC%E3%82%BE%E3%83%BC%E3%83%B3%E5%A7%AA%E6%B5%9C,パーラーゾーン姪浜,2025-11-10,月,https://min-repo.com/2726017/,2726017,,,47170,168,2329,,2026-05-13T14:23:03,data/raw/2026-05-13/_E3_83_91_E3_83_BC_E3_83_A9_E3_83_BC_E3_82_BE_E3_83_BC_E3_83_B3_E5_A7_AA_E6_B5_9C_list.html
%E3%83%91%E3%83%BC%E3%83%A9%E3%83%BC%E3%82%BE%E3%83%BC%E3%83%B3%E5%A7%AA%E6%B5%9C,パーラーゾーン姪浜,2025-11-09,日,https://min-repo.com/2722675/,2722675,並び・全台系イベント,1の位が9の日。設定が並び、全台系、かたまり系で入る想定。,,,4506,,2026-05-13T14:23:03,data/raw/2026-05-13/_E3_83_91_E3_83_BC_E3_83_A9_E3_83_BC_E3_82_BE_E3_83_BC_E3_83_B3_E5_A7_AA_E6_B5_9C_list.html
%E3%83%91%E3%83%BC%E3%83%A9%E3%83%BC%E3%82%BE%E3%83%BC%E3%83%B3%E5%A7%AA%E6%B5%9C,パーラーゾーン姪浜,2025-11-08,土,https://min-repo.com/2720719/,2720719,,,,,3805,◯ニューパルサーＳＰＩＩＩ,2026-05-13T14:23:03,data/raw/2026-05-13/_E3_83_91_E3_83_BC_E3_83_A9_E3_83_BC_E3_82_BE_E3_83_BC_E3_83_B3_E5_A7_AA_E6_B5_9C_list.html
%E3%83%91%E3%83%BC%E3%83%A9%E3%83%BC%E3%82%BE%E3%83%BC%E3%83%B3%E5%A7%AA%E6%B5%9C,パーラーゾーン姪浜,2025-11-07,金,https://min-repo.com/2719055/,2719055,,,18990,68,2152,,2026-05-13T14:23:03,data/raw/2026-05-13/_E3_83_91_E3_83_BC_E3_83_A9_E3_83_BC_E3_82_BE_E3_83_BC_E3_83_B3_E5_A7_AA_E6_B5_9C_list.html
%E3%83%91%E3%83%BC%E3%83%A9%E3%83%BC%E3%82%BE%E3%83%BC%E3%83%B3%E5%A7%AA%E6%B5%9C,パーラーゾーン姪浜,2025-11-06,木,https://min-repo.com/2716566/,2716566,メリハリ設定,1の位が6の日。設定1でなければ6の可能性が高い想定。,107450,384,3906,"◯スマスロ 東京リベンジャーズ
▲Lパチスロ革命機ヴァルヴレイヴ2
▲L東京喰種
▲スマスロ シャーマンキング
▲末尾8",2026-05-13T14:23:03,data/raw/2026-05-13/_E3_83_91_E3_83_BC_E3_83_A9_E3_83_BC_E3_82_BE_E3_83_BC_E3_83_B3_E5_A7_AA_E6_B5_9C_list.html
%E3%83%91%E3%83%BC%E3%83%A9%E3%83%BC%E3%82%BE%E3%83%BC%E3%83%B3%E5%A7%AA%E6%B5%9C,パーラーゾーン姪浜,2025-11-05,水,https://min-repo.com/2715323/,2715323,ジャグラー強め,1の位が5の日。比較的ジャグラー系が強い想定。,24480,87,3540,"◎沖ドキ！ＧＯＬＤ
▲L ToLOVEるダークネス",2026-05-13T14:23:03,data/raw/2026-05-13/_E3_83_91_E3_83_BC_E3_83_A9_E3_83_BC_E3_82_BE_E3_83_BC_E3_83_B3_E5_A7_AA_E6_B5_9C_list.html
%E3%83%91%E3%83%BC%E3%83%A9%E3%83%BC%E3%82%BE%E3%83%BC%E3%83%B3%E5%A7%AA%E6%B5%9C,パーラーゾーン姪浜,2025-11-03,月,https://min-repo.com/2710684/,2710684,末尾系イベント,1の位が3の日。末尾の台番号に当たりがある想定。,41950,150,4999,"◎スマスロ 東京リベンジャーズ
◯マイジャグラーV
◯回胴黙示録カイジ 狂宴
▲L戦国乙女４　戦乱に閃く炯眼の軍師
▲L南国育ち
▲Lダーリン・イン・ザ・フランキス
▲スマスロ スーパーブラックジャック
◯末尾9",2026-05-13T14:23:03,data/raw/2026-05-13/_E3_83_91_E3_83_BC_E3_83_A9_E3_83_BC_E3_82_BE_E3_83_BC_E3_83_B3_E5_A7_AA_E6_B5_9C_list.html
%E3%83%91%E3%83%BC%E3%83%A9%E3%83%BC%E3%82%BE%E3%83%BC%E3%83%B3%E5%A7%AA%E6%B5%9C,パーラーゾーン姪浜,2025-11-02,日,https://min-repo.com/2709222/,2709222,,,27260,97,3996,"☆L ToLOVEるダークネス
◎沖ドキ！ＧＯＬＤ",2026-05-13T14:23:03,data/raw/2026-05-13/_E3_83_91_E3_83_BC_E3_83_A9_E3_83_BC_E3_82_BE_E3_83_BC_E3_83_B3_E5_A7_AA_E6_B5_9C_list.html
%E3%83%91%E3%83%BC%E3%83%A9%E3%83%BC%E3%82%BE%E3%83%BC%E3%83%B3%E5%A7%AA%E6%B5%9C,パーラーゾーン姪浜,2025-11-01,土,https://min-repo.com/2706695/,2706695,,,35970,128,4980,"◯LBパチスロ ヱヴァンゲリヲン～約束の扉～
▲スマスロ ゴッドイーター リザレクション
▲吉宗
▲L東京喰種
◯末尾1
◯末尾ゾロ目",2026-05-13T14:23:03,data/raw/2026-05-13/_E3_83_91_E3_83_BC_E3_83_A9_E3_83_BC_E3_82_BE_E3_83_BC_E3_83_B3_E5_A7_AA_E6_B5_9C_list.html
%E3%83%91%E3%83%BC%E3%83%A9%E3%83%BC%E3%82%BE%E3%83%BC%E3%83%B3%E5%A7%AA%E6%B5%9C,パーラーゾーン姪浜,2025-10-31,金,https://min-repo.com/2705267/,2705267,,,,,3186,"▲スマスロ ゴッドイーター リザレクション
▲Lパチスロからくりサーカス",2026-05-13T14:23:03,data/raw/2026-05-13/_E3_83_91_E3_83_BC_E3_83_A9_E3_83_BC_E3_82_BE_E3_83_BC_E3_83_B3_E5_A7_AA_E6_B5_9C_list.html
%E3%83%91%E3%83%BC%E3%83%A9%E3%83%BC%E3%82%BE%E3%83%BC%E3%83%B3%E5%A7%AA%E6%B5%9C,パーラーゾーン姪浜,2025-10-30,木,https://min-repo.com/2703670/,2703670,,,,,2508,"☆ニューパルサーＳＰＩＩＩ
☆パチスロ　ケロット４
◯マイジャグラーV",2026-05-13T14:23:03,data/raw/2026-05-13/_E3_83_91_E3_83_BC_E3_83_A9_E3_83_BC_E3_82_BE_E3_83_BC_E3_83_B3_E5_A7_AA_E6_B5_9C_list.html
%E3%83%91%E3%83%BC%E3%83%A9%E3%83%BC%E3%82%BE%E3%83%BC%E3%83%B3%E5%A7%AA%E6%B5%9C,パーラーゾーン姪浜,2025-10-29,水,https://min-repo.com/2700534/,2700534,並び・全台系イベント,1の位が9の日。設定が並び、全台系、かたまり系で入る想定。,11270,40,3969,"☆沖ドキ！ＧＯＬＤ
◯SアイムジャグラーＥＸ",2026-05-13T14:23:03,data/raw/2026-05-13/_E3_83_91_E3_83_BC_E3_83_A9_E3_83_BC_E3_82_BE_E3_83_BC_E3_83_B3_E5_A7_AA_E6_B5_9C_list.html
%E3%83%91%E3%83%BC%E3%83%A9%E3%83%BC%E3%82%BE%E3%83%BC%E3%83%B3%E5%A7%AA%E6%B5%9C,パーラーゾーン姪浜,2025-10-28,火,https://min-repo.com/2699760/,2699760,,,,,2114,▲末尾3,2026-05-13T14:23:03,data/raw/2026-05-13/_E3_83_91_E3_83_BC_E3_83_A9_E3_83_BC_E3_82_BE_E3_83_BC_E3_83_B3_E5_A7_AA_E6_B5_9C_list.html
%E3%83%91%E3%83%BC%E3%83%A9%E3%83%BC%E3%82%BE%E3%83%BC%E3%83%B3%E5%A7%AA%E6%B5%9C,パーラーゾーン姪浜,2025-10-27,月,https://min-repo.com/2697183/,2697183,,,,,2454,,2026-05-13T14:23:03,data/raw/2026-05-13/_E3_83_91_E3_83_BC_E3_83_A9_E3_83_BC_E3_82_BE_E3_83_BC_E3_83_B3_E5_A7_AA_E6_B5_9C_list.html
%E3%83%91%E3%83%BC%E3%83%A9%E3%83%BC%E3%82%BE%E3%83%BC%E3%83%B3%E5%A7%AA%E6%B5%9C,パーラーゾーン姪浜,2025-10-26,日,https://min-repo.com/2694318/,2694318,メリハリ設定,1の位が6の日。設定1でなければ6の可能性が高い想定。,78530,280,4832,"▲スマスロ シャーマンキング
▲スマスロ モンスターハンターライズ
▲Lダーリン・イン・ザ・フランキス
▲吉宗",2026-05-13T14:23:03,data/raw/2026-05-13/_E3_83_91_E3_83_BC_E3_83_A9_E3_83_BC_E3_82_BE_E3_83_BC_E3_83_B3_E5_A7_AA_E6_B5_9C_list.html
%E3%83%91%E3%83%BC%E3%83%A9%E3%83%BC%E3%82%BE%E3%83%BC%E3%83%B3%E5%A7%AA%E6%B5%9C,パーラーゾーン姪浜,2025-10-25,土,https://min-repo.com/2692284/,2692284,ジャグラー強め,1の位が5の日。比較的ジャグラー系が強い想定。,40740,146,4798,"☆L南国育ち
▲L ToLOVEるダークネス
▲スマスロ ゴッドイーター リザレクション
▲パチスロ　ケロット４",2026-05-13T14:23:03,data/raw/2026-05-13/_E3_83_91_E3_83_BC_E3_83_A9_E3_83_BC_E3_82_BE_E3_83_BC_E3_83_B3_E5_A7_AA_E6_B5_9C_list.html
%E3%83%91%E3%83%BC%E3%83%A9%E3%83%BC%E3%82%BE%E3%83%BC%E3%83%B3%E5%A7%AA%E6%B5%9C,パーラーゾーン姪浜,2025-10-24,金,https://min-repo.com/2690791/,2690791,,,44580,159,2453,"☆パチスロ　ケロット４
◎沖ドキ！ＧＯＬＤ
▲L東京喰種",2026-05-13T14:23:03,data/raw/2026-05-13/_E3_83_91_E3_83_BC_E3_83_A9_E3_83_BC_E3_82_BE_E3_83_BC_E3_83_B3_E5_A7_AA_E6_B5_9C_list.html
%E3%83%91%E3%83%BC%E3%83%A9%E3%83%BC%E3%82%BE%E3%83%BC%E3%83%B3%E5%A7%AA%E6%B5%9C,パーラーゾーン姪浜,2025-10-23,木,https://min-repo.com/2688284/,2688284,末尾系イベント,1の位が3の日。末尾の台番号に当たりがある想定。,,,3841,◯パチスロ　ケロット４,2026-05-13T14:23:03,data/raw/2026-05-13/_E3_83_91_E3_83_BC_E3_83_A9_E3_83_BC_E3_82_BE_E3_83_BC_E3_83_B3_E5_A7_AA_E6_B5_9C_list.html
%E3%83%91%E3%83%BC%E3%83%A9%E3%83%BC%E3%82%BE%E3%83%BC%E3%83%B3%E5%A7%AA%E6%B5%9C,パーラーゾーン姪浜,2025-10-22,水,https://min-repo.com/2686339/,2686339,,,,,3246,◎スマスロ痛いのは嫌なので防御力に極振りしたいと思います。,2026-05-13T14:23:03,data/raw/2026-05-13/_E3_83_91_E3_83_BC_E3_83_A9_E3_83_BC_E3_82_BE_E3_83_BC_E3_83_B3_E5_A7_AA_E6_B5_9C_list.html
%E3%83%91%E3%83%BC%E3%83%A9%E3%83%BC%E3%82%BE%E3%83%BC%E3%83%B3%E5%A7%AA%E6%B5%9C,パーラーゾーン姪浜,2025-10-21,火,https://min-repo.com/2685497/,2685497,,,,,2502,,2026-05-13T14:23:03,data/raw/2026-05-13/_E3_83_91_E3_83_BC_E3_83_A9_E3_83_BC_E3_82_BE_E3_83_BC_E3_83_B3_E5_A7_AA_E6_B5_9C_list.html
%E3%83%91%E3%83%BC%E3%83%A9%E3%83%BC%E3%82%BE%E3%83%BC%E3%83%B3%E5%A7%AA%E6%B5%9C,パーラーゾーン姪浜,2025-10-19,日,https://min-repo.com/2680274/,2680274,並び・全台系イベント,1の位が9の日。設定が並び、全台系、かたまり系で入る想定。,48870,175,4470,"◯L東京喰種
▲L ToLOVEるダークネス
▲Lスマスロ北斗の拳",2026-05-13T14:23:03,data/raw/2026-05-13/_E3_83_91_E3_83_BC_E3_83_A9_E3_83_BC_E3_82_BE_E3_83_BC_E3_83_B3_E5_A7_AA_E6_B5_9C_list.html
%E3%83%91%E3%83%BC%E3%83%A9%E3%83%BC%E3%82%BE%E3%83%BC%E3%83%B3%E5%A7%AA%E6%B5%9C,パーラーゾーン姪浜,2025-10-18,土,https://min-repo.com/2678346/,2678346,,,,,4471,"◎スマスロ 東京リベンジャーズ
▲スマスロ マギアレコード 魔法少女まどか☆マギカ外伝
▲Lダーリン・イン・ザ・フランキス",2026-05-13T14:23:03,data/raw/2026-05-13/_E3_83_91_E3_83_BC_E3_83_A9_E3_83_BC_E3_82_BE_E3_83_BC_E3_83_B3_E5_A7_AA_E6_B5_9C_list.html
%E3%83%91%E3%83%BC%E3%83%A9%E3%83%BC%E3%82%BE%E3%83%BC%E3%83%B3%E5%A7%AA%E6%B5%9C,パーラーゾーン姪浜,2025-10-17,金,https://min-repo.com/2677006/,2677006,,,,,1949,,2026-05-13T14:23:03,data/raw/2026-05-13/_E3_83_91_E3_83_BC_E3_83_A9_E3_83_BC_E3_82_BE_E3_83_BC_E3_83_B3_E5_A7_AA_E6_B5_9C_list.html
%E3%83%91%E3%83%BC%E3%83%A9%E3%83%BC%E3%82%BE%E3%83%BC%E3%83%B3%E5%A7%AA%E6%B5%9C,パーラーゾーン姪浜,2025-10-16,木,https://min-repo.com/2674101/,2674101,メリハリ設定,1の位が6の日。設定1でなければ6の可能性が高い想定。,,,3637,"◯パチスロ　ケロット４
▲L ToLOVEるダークネス",2026-05-13T14:23:03,data/raw/2026-05-13/_E3_83_91_E3_83_BC_E3_83_A9_E3_83_BC_E3_82_BE_E3_83_BC_E3_83_B3_E5_A7_AA_E6_B5_9C_list.html
%E3%83%91%E3%83%BC%E3%83%A9%E3%83%BC%E3%82%BE%E3%83%BC%E3%83%B3%E5%A7%AA%E6%B5%9C,パーラーゾーン姪浜,2025-10-15,水,https://min-repo.com/2673259/,2673259,ジャグラー強め,1の位が5の日。比較的ジャグラー系が強い想定。,,,3242,◯ニューパルサーＳＰＩＩＩ,2026-05-13T14:23:03,data/raw/2026-05-13/_E3_83_91_E3_83_BC_E3_83_A9_E3_83_BC_E3_82_BE_E3_83_BC_E3_83_B3_E5_A7_AA_E6_B5_9C_list.html
%E3%83%91%E3%83%BC%E3%83%A9%E3%83%BC%E3%82%BE%E3%83%BC%E3%83%B3%E5%A7%AA%E6%B5%9C,パーラーゾーン姪浜,2025-10-14,火,https://min-repo.com/2670358/,2670358,,,18930,68,1873,,2026-05-13T14:23:03,data/raw/2026-05-13/_E3_83_91_E3_83_BC_E3_83_A9_E3_83_BC_E3_82_BE_E3_83_BC_E3_83_B3_E5_A7_AA_E6_B5_9C_list.html
%E3%83%91%E3%83%BC%E3%83%A9%E3%83%BC%E3%82%BE%E3%83%BC%E3%83%B3%E5%A7%AA%E6%B5%9C,パーラーゾーン姪浜,2025-10-13,月,https://min-repo.com/2667981/,2667981,末尾系イベント,1の位が3の日。末尾の台番号に当たりがある想定。,75500,270,4921,"☆スマスロ バイオハザード5
◎パチスロ　甲鉄城のカバネリ
▲Lパチスロ かぐや様は告らせたい
▲スマスロ ギルティクラウン2
▲スマスロ スーパーブラックジャック
▲L戦国乙女４　戦乱に閃く炯眼の軍師
◎末尾9",2026-05-13T14:23:03,data/raw/2026-05-13/_E3_83_91_E3_83_BC_E3_83_A9_E3_83_BC_E3_82_BE_E3_83_BC_E3_83_B3_E5_A7_AA_E6_B5_9C_list.html
%E3%83%91%E3%83%BC%E3%83%A9%E3%83%BC%E3%82%BE%E3%83%BC%E3%83%B3%E5%A7%AA%E6%B5%9C,パーラーゾーン姪浜,2025-10-12,日,https://min-repo.com/2666669/,2666669,,,350,1,3336,"☆回胴黙示録カイジ 狂宴
▲L戦国乙女４　戦乱に閃く炯眼の軍師",2026-05-13T14:23:03,data/raw/2026-05-13/_E3_83_91_E3_83_BC_E3_83_A9_E3_83_BC_E3_82_BE_E3_83_BC_E3_83_B3_E5_A7_AA_E6_B5_9C_list.html
%E3%83%91%E3%83%BC%E3%83%A9%E3%83%BC%E3%82%BE%E3%83%BC%E3%83%B3%E5%A7%AA%E6%B5%9C,パーラーゾーン姪浜,2025-10-11,土,https://min-repo.com/2663893/,2663893,,,75670,270,4555,"◯パチスロ　甲鉄城のカバネリ
▲スマスロ シャーマンキング
▲吉宗
▲L ToLOVEるダークネス
▲スマスロ ギルティクラウン2
▲Lパチスロからくりサーカス
▲末尾3",2026-05-13T14:23:03,data/raw/2026-05-13/_E3_83_91_E3_83_BC_E3_83_A9_E3_83_BC_E3_82_BE_E3_83_BC_E3_83_B3_E5_A7_AA_E6_B5_9C_list.html
%E3%83%91%E3%83%BC%E3%83%A9%E3%83%BC%E3%82%BE%E3%83%BC%E3%83%B3%E5%A7%AA%E6%B5%9C,パーラーゾーン姪浜,2025-10-10,金,https://min-repo.com/2661928/,2661928,,,67020,239,3868,"☆回胴黙示録カイジ 狂宴
▲スマスロ新鬼武者3
▲Lパチスロ革命機ヴァルヴレイヴ
▲スマスロ ゴッドイーター リザレクション
▲スマスロ モンスターハンターライズ
▲L ToLOVEるダークネス",2026-05-13T14:23:03,data/raw/2026-05-13/_E3_83_91_E3_83_BC_E3_83_A9_E3_83_BC_E3_82_BE_E3_83_BC_E3_83_B3_E5_A7_AA_E6_B5_9C_list.html
%E3%83%91%E3%83%BC%E3%83%A9%E3%83%BC%E3%82%BE%E3%83%BC%E3%83%B3%E5%A7%AA%E6%B5%9C,パーラーゾーン姪浜,2025-10-09,木,https://min-repo.com/2659823/,2659823,並び・全台系イベント,1の位が9の日。設定が並び、全台系、かたまり系で入る想定。,18150,65,3806,"◎スマスロ新鬼武者3
◯ハッピージャグラーＶＩＩＩ",2026-05-13T14:23:03,data/raw/2026-05-13/_E3_83_91_E3_83_BC_E3_83_A9_E3_83_BC_E3_82_BE_E3_83_BC_E3_83_B3_E5_A7_AA_E6_B5_9C_list.html
%E3%83%91%E3%83%BC%E3%83%A9%E3%83%BC%E3%82%BE%E3%83%BC%E3%83%B3%E5%A7%AA%E6%B5%9C,パーラーゾーン姪浜,2025-10-08,水,https://min-repo.com/2658918/,2658918,,,12390,44,2890,"☆スマスロ新鬼武者3
◯スマスロ 東京リベンジャーズ
◯ニューパルサーＳＰＩＩＩ
◯沖ドキ！ＧＯＬＤ",2026-05-13T14:23:03,data/raw/2026-05-13/_E3_83_91_E3_83_BC_E3_83_A9_E3_83_BC_E3_82_BE_E3_83_BC_E3_83_B3_E5_A7_AA_E6_B5_9C_list.html
%E3%83%91%E3%83%BC%E3%83%A9%E3%83%BC%E3%82%BE%E3%83%BC%E3%83%B3%E5%A7%AA%E6%B5%9C,パーラーゾーン姪浜,2025-10-06,月,https://min-repo.com/2653947/,2653947,メリハリ設定,1の位が6の日。設定1でなければ6の可能性が高い想定。,,,4401,◯スマスロ 東京リベンジャーズ,2026-05-13T14:23:03,data/raw/2026-05-13/_E3_83_91_E3_83_BC_E3_83_A9_E3_83_BC_E3_82_BE_E3_83_BC_E3_83_B3_E5_A7_AA_E6_B5_9C_list.html
%E3%83%91%E3%83%BC%E3%83%A9%E3%83%BC%E3%82%BE%E3%83%BC%E3%83%B3%E5%A7%AA%E6%B5%9C,パーラーゾーン姪浜,2025-10-05,日,https://min-repo.com/2652764/,2652764,ジャグラー強め,1の位が5の日。比較的ジャグラー系が強い想定。,31710,113,3708,"☆パチスロ　ケロット４
☆回胴黙示録カイジ 狂宴
◯マイジャグラーV
▲L東京喰種",2026-05-13T14:23:03,data/raw/2026-05-13/_E3_83_91_E3_83_BC_E3_83_A9_E3_83_BC_E3_82_BE_E3_83_BC_E3_83_B3_E5_A7_AA_E6_B5_9C_list.html
%E3%83%91%E3%83%BC%E3%83%A9%E3%83%BC%E3%82%BE%E3%83%BC%E3%83%B3%E5%A7%AA%E6%B5%9C,パーラーゾーン姪浜,2025-10-04,土,https://min-repo.com/2649920/,2649920,,,51850,185,4276,"☆パチスロ　ケロット４
▲スマスロ ゴッドイーター リザレクション
▲Lダーリン・イン・ザ・フランキス
▲スマスロ スーパーブラックジャック
▲スマスロ バイオハザード5
▲吉宗
▲末尾0",2026-05-13T14:23:03,data/raw/2026-05-13/_E3_83_91_E3_83_BC_E3_83_A9_E3_83_BC_E3_82_BE_E3_83_BC_E3_83_B3_E5_A7_AA_E6_B5_9C_list.html
%E3%83%91%E3%83%BC%E3%83%A9%E3%83%BC%E3%82%BE%E3%83%BC%E3%83%B3%E5%A7%AA%E6%B5%9C,パーラーゾーン姪浜,2025-10-03,金,https://min-repo.com/2647952/,2647952,末尾系イベント,1の位が3の日。末尾の台番号に当たりがある想定。,21040,75,4126,"☆スマスロ バイオハザード5
◯スマスロ 東京リベンジャーズ
▲スマスロ ゴッドイーター リザレクション
▲Lパチスロからくりサーカス
▲Lパチスロ革命機ヴァルヴレイヴ
◯末尾8",2026-05-13T14:23:03,data/raw/2026-05-13/_E3_83_91_E3_83_BC_E3_83_A9_E3_83_BC_E3_82_BE_E3_83_BC_E3_83_B3_E5_A7_AA_E6_B5_9C_list.html
%E3%83%91%E3%83%BC%E3%83%A9%E3%83%BC%E3%82%BE%E3%83%BC%E3%83%B3%E5%A7%AA%E6%B5%9C,パーラーゾーン姪浜,2025-10-02,木,https://min-repo.com/2646489/,2646489,,,720,3,2549,◎スマスロ マギアレコード 魔法少女まどか☆マギカ外伝,2026-05-13T14:23:03,data/raw/2026-05-13/_E3_83_91_E3_83_BC_E3_83_A9_E3_83_BC_E3_82_BE_E3_83_BC_E3_83_B3_E5_A7_AA_E6_B5_9C_list.html
%E3%83%91%E3%83%BC%E3%83%A9%E3%83%BC%E3%82%BE%E3%83%BC%E3%83%B3%E5%A7%AA%E6%B5%9C,パーラーゾーン姪浜,2025-10-01,水,https://min-repo.com/2645144/,2645144,,,4480,16,2736,"◯L戦国乙女４　戦乱に閃く炯眼の軍師
▲スマスロ マギアレコード 魔法少女まどか☆マギカ外伝",2026-05-13T14:23:03,data/raw/2026-05-13/_E3_83_91_E3_83_BC_E3_83_A9_E3_83_BC_E3_82_BE_E3_83_BC_E3_83_B3_E5_A7_AA_E6_B5_9C_list.html
%E3%83%91%E3%83%BC%E3%83%A9%E3%83%BC%E3%82%BE%E3%83%BC%E3%83%B3%E5%A7%AA%E6%B5%9C,パーラーゾーン姪浜,2025-09-30,火,https://min-repo.com/2643002/,2643002,,,7810,28,2546,"☆スマスロ 東京リベンジャーズ
▲スマスロ マギアレコード 魔法少女まどか☆マギカ外伝",2026-05-13T14:23:03,data/raw/2026-05-13/_E3_83_91_E3_83_BC_E3_83_A9_E3_83_BC_E3_82_BE_E3_83_BC_E3_83_B3_E5_A7_AA_E6_B5_9C_list.html
%E3%83%91%E3%83%BC%E3%83%A9%E3%83%BC%E3%82%BE%E3%83%BC%E3%83%B3%E5%A7%AA%E6%B5%9C,パーラーゾーン姪浜,2025-09-29,月,https://min-repo.com/2639758/,2639758,並び・全台系イベント,1の位が9の日。設定が並び、全台系、かたまり系で入る想定。,,,4638,▲Lパチスロからくりサーカス,2026-05-13T14:23:03,data/raw/2026-05-13/_E3_83_91_E3_83_BC_E3_83_A9_E3_83_BC_E3_82_BE_E3_83_BC_E3_83_B3_E5_A7_AA_E6_B5_9C_list.html
%E3%83%91%E3%83%BC%E3%83%A9%E3%83%BC%E3%82%BE%E3%83%BC%E3%83%B3%E5%A7%AA%E6%B5%9C,パーラーゾーン姪浜,2025-09-28,日,https://min-repo.com/2638760/,2638760,,,3700,13,3466,,2026-05-13T14:23:03,data/raw/2026-05-13/_E3_83_91_E3_83_BC_E3_83_A9_E3_83_BC_E3_82_BE_E3_83_BC_E3_83_B3_E5_A7_AA_E6_B5_9C_list.html
%E3%83%91%E3%83%BC%E3%83%A9%E3%83%BC%E3%82%BE%E3%83%BC%E3%83%B3%E5%A7%AA%E6%B5%9C,パーラーゾーン姪浜,2025-09-27,土,https://min-repo.com/2635563/,2635563,,,52200,186,4627,"☆回胴黙示録カイジ 狂宴
◯SアイムジャグラーＥＸ
▲L ToLOVEるダークネス
▲スロット ゾンビランドサガ
▲L戦国乙女４　戦乱に閃く炯眼の軍師
▲スマスロ マギアレコード 魔法少女まどか☆マギカ外伝
▲スマスロ シャーマンキング
▲スマスロ ゴッドイーター リザレクション
▲スマスロ痛いのは嫌なので防御力に極振りしたいと思います。",2026-05-13T14:23:03,data/raw/2026-05-13/_E3_83_91_E3_83_BC_E3_83_A9_E3_83_BC_E3_82_BE_E3_83_BC_E3_83_B3_E5_A7_AA_E6_B5_9C_list.html
%E3%83%91%E3%83%BC%E3%83%A9%E3%83%BC%E3%82%BE%E3%83%BC%E3%83%B3%E5%A7%AA%E6%B5%9C,パーラーゾーン姪浜,2025-09-26,金,https://min-repo.com/2633527/,2633527,メリハリ設定,1の位が6の日。設定1でなければ6の可能性が高い想定。,,,4387,"☆L南国育ち
◎スマスロ 東京リベンジャーズ
▲スマスロ バイオハザード5
▲吉宗
▲スマスロ スーパーブラックジャック",2026-05-13T14:23:03,data/raw/2026-05-13/_E3_83_91_E3_83_BC_E3_83_A9_E3_83_BC_E3_82_BE_E3_83_BC_E3_83_B3_E5_A7_AA_E6_B5_9C_list.html
%E3%83%91%E3%83%BC%E3%83%A9%E3%83%BC%E3%82%BE%E3%83%BC%E3%83%B3%E5%A7%AA%E6%B5%9C,パーラーゾーン姪浜,2025-09-25,木,https://min-repo.com/2632758/,2632758,ジャグラー強め,1の位が5の日。比較的ジャグラー系が強い想定。,,,3166,,2026-05-13T14:23:03,data/raw/2026-05-13/_E3_83_91_E3_83_BC_E3_83_A9_E3_83_BC_E3_82_BE_E3_83_BC_E3_83_B3_E5_A7_AA_E6_B5_9C_list.html
%E3%83%91%E3%83%BC%E3%83%A9%E3%83%BC%E3%82%BE%E3%83%BC%E3%83%B3%E5%A7%AA%E6%B5%9C,パーラーゾーン姪浜,2025-09-24,水,https://min-repo.com/2629893/,2629893,,,,,2289,,2026-05-13T14:23:03,data/raw/2026-05-13/_E3_83_91_E3_83_BC_E3_83_A9_E3_83_BC_E3_82_BE_E3_83_BC_E3_83_B3_E5_A7_AA_E6_B5_9C_list.html
%E3%83%91%E3%83%BC%E3%83%A9%E3%83%BC%E3%82%BE%E3%83%BC%E3%83%B3%E5%A7%AA%E6%B5%9C,パーラーゾーン姪浜,2025-09-23,火,https://min-repo.com/2627488/,2627488,末尾系イベント,1の位が3の日。末尾の台番号に当たりがある想定。,20560,73,4846,"◯回胴黙示録カイジ 狂宴
▲Lパチスロからくりサーカス
▲Lパチスロ かぐや様は告らせたい",2026-05-13T14:23:03,data/raw/2026-05-13/_E3_83_91_E3_83_BC_E3_83_A9_E3_83_BC_E3_82_BE_E3_83_BC_E3_83_B3_E5_A7_AA_E6_B5_9C_list.html
%E3%83%91%E3%83%BC%E3%83%A9%E3%83%BC%E3%82%BE%E3%83%BC%E3%83%B3%E5%A7%AA%E6%B5%9C,パーラーゾーン姪浜,2025-09-22,月,https://min-repo.com/2625440/,2625440,,,4300,15,3319,"◯ハッピージャグラーＶＩＩＩ
▲スマスロ バイオハザード5",2026-05-13T14:23:03,data/raw/2026-05-13/_E3_83_91_E3_83_BC_E3_83_A9_E3_83_BC_E3_82_BE_E3_83_BC_E3_83_B3_E5_A7_AA_E6_B5_9C_list.html
%E3%83%91%E3%83%BC%E3%83%A9%E3%83%BC%E3%82%BE%E3%83%BC%E3%83%B3%E5%A7%AA%E6%B5%9C,パーラーゾーン姪浜,2025-09-21,日,https://min-repo.com/2624375/,2624375,,,57620,206,3551,"☆スマスロ バイオハザード5
☆L ToLOVEるダークネス
◎パチスロ　甲鉄城のカバネリ
▲スマスロ モンスターハンターライズ",2026-05-13T14:23:03,data/raw/2026-05-13/_E3_83_91_E3_83_BC_E3_83_A9_E3_83_BC_E3_82_BE_E3_83_BC_E3_83_B3_E5_A7_AA_E6_B5_9C_list.html
%E3%83%91%E3%83%BC%E3%83%A9%E3%83%BC%E3%82%BE%E3%83%BC%E3%83%B3%E5%A7%AA%E6%B5%9C,パーラーゾーン姪浜,2025-09-20,土,https://min-repo.com/2621343/,2621343,,,,,5098,▲スマスロ シャーマンキング,2026-05-13T14:23:03,data/raw/2026-05-13/_E3_83_91_E3_83_BC_E3_83_A9_E3_83_BC_E3_82_BE_E3_83_BC_E3_83_B3_E5_A7_AA_E6_B5_9C_list.html
%E3%83%91%E3%83%BC%E3%83%A9%E3%83%BC%E3%82%BE%E3%83%BC%E3%83%B3%E5%A7%AA%E6%B5%9C,パーラーゾーン姪浜,2025-09-19,金,https://min-repo.com/2619234/,2619234,並び・全台系イベント,1の位が9の日。設定が並び、全台系、かたまり系で入る想定。,44030,157,3890,"☆L南国育ち
◎パチスロ　甲鉄城のカバネリ
▲スマスロ モンスターハンターライズ",2026-05-13T14:23:03,data/raw/2026-05-13/_E3_83_91_E3_83_BC_E3_83_A9_E3_83_BC_E3_82_BE_E3_83_BC_E3_83_B3_E5_A7_AA_E6_B5_9C_list.html
%E3%83%91%E3%83%BC%E3%83%A9%E3%83%BC%E3%82%BE%E3%83%BC%E3%83%B3%E5%A7%AA%E6%B5%9C,パーラーゾーン姪浜,2025-09-18,木,https://min-repo.com/2618432/,2618432,,,25330,90,2188,"▲L戦国乙女４　戦乱に閃く炯眼の軍師
▲スマスロ痛いのは嫌なので防御力に極振りしたいと思います。
▲パチスロ　甲鉄城のカバネリ",2026-05-13T14:23:03,data/raw/2026-05-13/_E3_83_91_E3_83_BC_E3_83_A9_E3_83_BC_E3_82_BE_E3_83_BC_E3_83_B3_E5_A7_AA_E6_B5_9C_list.html
%E3%83%91%E3%83%BC%E3%83%A9%E3%83%BC%E3%82%BE%E3%83%BC%E3%83%B3%E5%A7%AA%E6%B5%9C,パーラーゾーン姪浜,2025-09-17,水,https://min-repo.com/2616069/,2616069,,,59020,211,2337,"☆沖ドキ！ＧＯＬＤ
▲末尾3
▲末尾ゾロ目",2026-05-13T14:23:03,data/raw/2026-05-13/_E3_83_91_E3_83_BC_E3_83_A9_E3_83_BC_E3_82_BE_E3_83_BC_E3_83_B3_E5_A7_AA_E6_B5_9C_list.html
%E3%83%91%E3%83%BC%E3%83%A9%E3%83%BC%E3%82%BE%E3%83%BC%E3%83%B3%E5%A7%AA%E6%B5%9C,パーラーゾーン姪浜,2025-09-16,火,https://min-repo.com/2613072/,2613072,メリハリ設定,1の位が6の日。設定1でなければ6の可能性が高い想定。,15000,54,4040,"▲スマスロ シャーマンキング
▲スマスロ 緑ドン VIVA!情熱南米編 REVIVAL
▲吉宗
◯末尾0",2026-05-13T14:23:03,data/raw/2026-05-13/_E3_83_91_E3_83_BC_E3_83_A9_E3_83_BC_E3_82_BE_E3_83_BC_E3_83_B3_E5_A7_AA_E6_B5_9C_list.html
%E3%83%91%E3%83%BC%E3%83%A9%E3%83%BC%E3%82%BE%E3%83%BC%E3%83%B3%E5%A7%AA%E6%B5%9C,パーラーゾーン姪浜,2025-09-15,月,https://min-repo.com/2612281/,2612281,ジャグラー強め,1の位が5の日。比較的ジャグラー系が強い想定。,66600,238,4350,"☆マイジャグラーV
▲L戦国乙女４　戦乱に閃く炯眼の軍師
▲スマスロ シャーマンキング
▲スマスロ 緑ドン VIVA!情熱南米編 REVIVAL
▲L ToLOVEるダークネス",2026-05-13T14:23:03,data/raw/2026-05-13/_E3_83_91_E3_83_BC_E3_83_A9_E3_83_BC_E3_82_BE_E3_83_BC_E3_83_B3_E5_A7_AA_E6_B5_9C_list.html
%E3%83%91%E3%83%BC%E3%83%A9%E3%83%BC%E3%82%BE%E3%83%BC%E3%83%B3%E5%A7%AA%E6%B5%9C,パーラーゾーン姪浜,2025-09-14,日,https://min-repo.com/2609507/,2609507,,,,,3466,,2026-05-13T14:23:03,data/raw/2026-05-13/_E3_83_91_E3_83_BC_E3_83_A9_E3_83_BC_E3_82_BE_E3_83_BC_E3_83_B3_E5_A7_AA_E6_B5_9C_list.html
%E3%83%91%E3%83%BC%E3%83%A9%E3%83%BC%E3%82%BE%E3%83%BC%E3%83%B3%E5%A7%AA%E6%B5%9C,パーラーゾーン姪浜,2025-09-13,土,https://min-repo.com/2606930/,2606930,末尾系イベント,1の位が3の日。末尾の台番号に当たりがある想定。,22070,79,5185,"◯L戦国乙女４　戦乱に閃く炯眼の軍師
▲スマスロ ギルティクラウン2
▲L ToLOVEるダークネス
▲スマスロ シャーマンキング
▲スロット ゾンビランドサガ
◎末尾0",2026-05-13T14:23:03,data/raw/2026-05-13/_E3_83_91_E3_83_BC_E3_83_A9_E3_83_BC_E3_82_BE_E3_83_BC_E3_83_B3_E5_A7_AA_E6_B5_9C_list.html
%E3%83%91%E3%83%BC%E3%83%A9%E3%83%BC%E3%82%BE%E3%83%BC%E3%83%B3%E5%A7%AA%E6%B5%9C,パーラーゾーン姪浜,2025-09-12,金,https://min-repo.com/2605697/,2605697,,,5100,18,2946,▲スマスロ 東京リベンジャーズ,2026-05-13T14:23:03,data/raw/2026-05-13/_E3_83_91_E3_83_BC_E3_83_A9_E3_83_BC_E3_82_BE_E3_83_BC_E3_83_B3_E5_A7_AA_E6_B5_9C_list.html
%E3%83%91%E3%83%BC%E3%83%A9%E3%83%BC%E3%82%BE%E3%83%BC%E3%83%B3%E5%A7%AA%E6%B5%9C,パーラーゾーン姪浜,2025-09-10,水,https://min-repo.com/2601871/,2601871,,,4490,16,2674,▲Lパチスロ革命機ヴァルヴレイヴ,2026-05-13T14:23:03,data/raw/2026-05-13/_E3_83_91_E3_83_BC_E3_83_A9_E3_83_BC_E3_82_BE_E3_83_BC_E3_83_B3_E5_A7_AA_E6_B5_9C_list.html
%E3%83%91%E3%83%BC%E3%83%A9%E3%83%BC%E3%82%BE%E3%83%BC%E3%83%B3%E5%A7%AA%E6%B5%9C,パーラーゾーン姪浜,2025-09-09,火,https://min-repo.com/2598992/,2598992,並び・全台系イベント,1の位が9の日。設定が並び、全台系、かたまり系で入る想定。,81710,292,5734,"☆L南国育ち
☆回胴黙示録カイジ 狂宴
☆スマスロ マギアレコード 魔法少女まどか☆マギカ外伝
◯スマスロ ギルティクラウン2
◯末尾6",2026-05-13T14:23:03,data/raw/2026-05-13/_E3_83_91_E3_83_BC_E3_83_A9_E3_83_BC_E3_82_BE_E3_83_BC_E3_83_B3_E5_A7_AA_E6_B5_9C_list.html
%E3%83%91%E3%83%BC%E3%83%A9%E3%83%BC%E3%82%BE%E3%83%BC%E3%83%B3%E5%A7%AA%E6%B5%9C,パーラーゾーン姪浜,2025-09-08,月,https://min-repo.com/2598305/,2598305,,,60030,214,2867,◯沖ドキ！ＧＯＬＤ,2026-05-13T14:23:03,data/raw/2026-05-13/_E3_83_91_E3_83_BC_E3_83_A9_E3_83_BC_E3_82_BE_E3_83_BC_E3_83_B3_E5_A7_AA_E6_B5_9C_list.html
%E3%83%91%E3%83%BC%E3%83%A9%E3%83%BC%E3%82%BE%E3%83%BC%E3%83%B3%E5%A7%AA%E6%B5%9C,パーラーゾーン姪浜,2025-09-07,日,https://min-repo.com/2595419/,2595419,,,,,3631,▲回胴黙示録カイジ 狂宴,2026-05-13T14:23:03,data/raw/2026-05-13/_E3_83_91_E3_83_BC_E3_83_A9_E3_83_BC_E3_82_BE_E3_83_BC_E3_83_B3_E5_A7_AA_E6_B5_9C_list.html
%E3%83%91%E3%83%BC%E3%83%A9%E3%83%BC%E3%82%BE%E3%83%BC%E3%83%B3%E5%A7%AA%E6%B5%9C,パーラーゾーン姪浜,2025-09-06,土,https://min-repo.com/2592882/,2592882,メリハリ設定,1の位が6の日。設定1でなければ6の可能性が高い想定。,90170,322,5811,"◯回胴黙示録カイジ 狂宴
◯沖ドキ！ＧＯＬＤ
▲スマスロ シャーマンキング
▲スマスロ バイオハザード5
▲スマスロ 緑ドン VIVA!情熱南米編 REVIVAL
▲Lゴジラ
▲Lパチスロからくりサーカス
▲L南国育ち",2026-05-13T14:23:03,data/raw/2026-05-13/_E3_83_91_E3_83_BC_E3_83_A9_E3_83_BC_E3_82_BE_E3_83_BC_E3_83_B3_E5_A7_AA_E6_B5_9C_list.html
%E3%83%91%E3%83%BC%E3%83%A9%E3%83%BC%E3%82%BE%E3%83%BC%E3%83%B3%E5%A7%AA%E6%B5%9C,パーラーゾーン姪浜,2025-09-05,金,https://min-repo.com/2592212/,2592212,ジャグラー強め,1の位が5の日。比較的ジャグラー系が強い想定。,30150,108,3020,◎スマスロ スーパーブラックジャック,2026-05-13T14:23:03,data/raw/2026-05-13/_E3_83_91_E3_83_BC_E3_83_A9_E3_83_BC_E3_82_BE_E3_83_BC_E3_83_B3_E5_A7_AA_E6_B5_9C_list.html
%E3%83%91%E3%83%BC%E3%83%A9%E3%83%BC%E3%82%BE%E3%83%BC%E3%83%B3%E5%A7%AA%E6%B5%9C,パーラーゾーン姪浜,2025-09-04,木,https://min-repo.com/2589217/,2589217,,,,,2412,▲L東京喰種,2026-05-13T14:23:03,data/raw/2026-05-13/_E3_83_91_E3_83_BC_E3_83_A9_E3_83_BC_E3_82_BE_E3_83_BC_E3_83_B3_E5_A7_AA_E6_B5_9C_list.html
%E3%83%91%E3%83%BC%E3%83%A9%E3%83%BC%E3%82%BE%E3%83%BC%E3%83%B3%E5%A7%AA%E6%B5%9C,パーラーゾーン姪浜,2025-09-03,水,https://min-repo.com/2586867/,2586867,末尾系イベント,1の位が3の日。末尾の台番号に当たりがある想定。,62750,224,3431,"▲スマスロモンキーターンV
◯末尾8",2026-05-13T14:23:03,data/raw/2026-05-13/_E3_83_91_E3_83_BC_E3_83_A9_E3_83_BC_E3_82_BE_E3_83_BC_E3_83_B3_E5_A7_AA_E6_B5_9C_list.html
%E3%83%91%E3%83%BC%E3%83%A9%E3%83%BC%E3%82%BE%E3%83%BC%E3%83%B3%E5%A7%AA%E6%B5%9C,パーラーゾーン姪浜,2025-09-02,火,https://min-repo.com/2585508/,2585508,,,,,2718,"◯パチスロ　ケロット４
◯回胴黙示録カイジ 狂宴",2026-05-13T14:23:03,data/raw/2026-05-13/_E3_83_91_E3_83_BC_E3_83_A9_E3_83_BC_E3_82_BE_E3_83_BC_E3_83_B3_E5_A7_AA_E6_B5_9C_list.html
%E3%83%91%E3%83%BC%E3%83%A9%E3%83%BC%E3%82%BE%E3%83%BC%E3%83%B3%E5%A7%AA%E6%B5%9C,パーラーゾーン姪浜,2025-09-01,月,https://min-repo.com/2583824/,2583824,,,10270,37,2759,"◯マイジャグラーV
▲L南国育ち",2026-05-13T14:23:03,data/raw/2026-05-13/_E3_83_91_E3_83_BC_E3_83_A9_E3_83_BC_E3_82_BE_E3_83_BC_E3_83_B3_E5_A7_AA_E6_B5_9C_list.html
%E3%83%91%E3%83%BC%E3%83%A9%E3%83%BC%E3%82%BE%E3%83%BC%E3%83%B3%E5%A7%AA%E6%B5%9C,パーラーゾーン姪浜,2025-08-31,日,https://min-repo.com/2581125/,2581125,,,9970,36,3053,▲L戦国乙女４　戦乱に閃く炯眼の軍師,2026-05-13T14:23:03,data/raw/2026-05-13/_E3_83_91_E3_83_BC_E3_83_A9_E3_83_BC_E3_82_BE_E3_83_BC_E3_83_B3_E5_A7_AA_E6_B5_9C_list.html
%E3%83%91%E3%83%BC%E3%83%A9%E3%83%BC%E3%82%BE%E3%83%BC%E3%83%B3%E5%A7%AA%E6%B5%9C,パーラーゾーン姪浜,2025-08-30,土,https://min-repo.com/2578746/,2578746,,,90240,322,4706,"☆スマスロ ギルティクラウン2
☆パチスロ　甲鉄城のカバネリ
◎L東京喰種
▲スマスロ シャーマンキング
▲Lゴジラ
▲スマスロ痛いのは嫌なので防御力に極振りしたいと思います。
▲パチスロ　ケロット４
▲L戦国乙女４　戦乱に閃く炯眼の軍師
◯末尾4",2026-05-13T14:23:03,data/raw/2026-05-13/_E3_83_91_E3_83_BC_E3_83_A9_E3_83_BC_E3_82_BE_E3_83_BC_E3_83_B3_E5_A7_AA_E6_B5_9C_list.html
%E3%83%91%E3%83%BC%E3%83%A9%E3%83%BC%E3%82%BE%E3%83%BC%E3%83%B3%E5%A7%AA%E6%B5%9C,パーラーゾーン姪浜,2025-08-29,金,https://min-repo.com/2576642/,2576642,並び・全台系イベント,1の位が9の日。設定が並び、全台系、かたまり系で入る想定。,67790,242,3948,"☆回胴黙示録カイジ 狂宴
☆LBパチスロ ヱヴァンゲリヲン～約束の扉～
▲L戦国乙女４　戦乱に閃く炯眼の軍師
▲L ToLOVEるダークネス",2026-05-13T14:23:03,data/raw/2026-05-13/_E3_83_91_E3_83_BC_E3_83_A9_E3_83_BC_E3_82_BE_E3_83_BC_E3_83_B3_E5_A7_AA_E6_B5_9C_list.html
%E3%83%91%E3%83%BC%E3%83%A9%E3%83%BC%E3%82%BE%E3%83%BC%E3%83%B3%E5%A7%AA%E6%B5%9C,パーラーゾーン姪浜,2025-08-28,木,https://min-repo.com/2575549/,2575549,,,1440,5,2336,▲スマスロ ゴッドイーター リザレクション,2026-05-13T14:23:03,data/raw/2026-05-13/_E3_83_91_E3_83_BC_E3_83_A9_E3_83_BC_E3_82_BE_E3_83_BC_E3_83_B3_E5_A7_AA_E6_B5_9C_list.html
%E3%83%91%E3%83%BC%E3%83%A9%E3%83%BC%E3%82%BE%E3%83%BC%E3%83%B3%E5%A7%AA%E6%B5%9C,パーラーゾーン姪浜,2025-08-27,水,https://min-repo.com/2573424/,2573424,,,35720,128,2337,,2026-05-13T14:23:03,data/raw/2026-05-13/_E3_83_91_E3_83_BC_E3_83_A9_E3_83_BC_E3_82_BE_E3_83_BC_E3_83_B3_E5_A7_AA_E6_B5_9C_list.html
%E3%83%91%E3%83%BC%E3%83%A9%E3%83%BC%E3%82%BE%E3%83%BC%E3%83%B3%E5%A7%AA%E6%B5%9C,パーラーゾーン姪浜,2025-08-26,火,https://min-repo.com/2570462/,2570462,メリハリ設定,1の位が6の日。設定1でなければ6の可能性が高い想定。,87910,314,3856,"☆スマスロ 緑ドン VIVA!情熱南米編 REVIVAL
◯L戦国乙女４　戦乱に閃く炯眼の軍師
▲L ToLOVEるダークネス",2026-05-13T14:23:03,data/raw/2026-05-13/_E3_83_91_E3_83_BC_E3_83_A9_E3_83_BC_E3_82_BE_E3_83_BC_E3_83_B3_E5_A7_AA_E6_B5_9C_list.html
%E3%83%91%E3%83%BC%E3%83%A9%E3%83%BC%E3%82%BE%E3%83%BC%E3%83%B3%E5%A7%AA%E6%B5%9C,パーラーゾーン姪浜,2025-08-25,月,https://min-repo.com/2569409/,2569409,ジャグラー強め,1の位が5の日。比較的ジャグラー系が強い想定。,,,2993,,2026-05-13T14:23:03,data/raw/2026-05-13/_E3_83_91_E3_83_BC_E3_83_A9_E3_83_BC_E3_82_BE_E3_83_BC_E3_83_B3_E5_A7_AA_E6_B5_9C_list.html
%E3%83%91%E3%83%BC%E3%83%A9%E3%83%BC%E3%82%BE%E3%83%BC%E3%83%B3%E5%A7%AA%E6%B5%9C,パーラーゾーン姪浜,2025-08-24,日,https://min-repo.com/2566652/,2566652,,,,,3116,,2026-05-13T14:23:03,data/raw/2026-05-13/_E3_83_91_E3_83_BC_E3_83_A9_E3_83_BC_E3_82_BE_E3_83_BC_E3_83_B3_E5_A7_AA_E6_B5_9C_list.html
%E3%83%91%E3%83%BC%E3%83%A9%E3%83%BC%E3%82%BE%E3%83%BC%E3%83%B3%E5%A7%AA%E6%B5%9C,パーラーゾーン姪浜,2025-08-23,土,https://min-repo.com/2564330/,2564330,末尾系イベント,1の位が3の日。末尾の台番号に当たりがある想定。,27240,97,5092,"▲Lゴジラ
▲スマスロ シャーマンキング
◯末尾5",2026-05-13T14:23:03,data/raw/2026-05-13/_E3_83_91_E3_83_BC_E3_83_A9_E3_83_BC_E3_82_BE_E3_83_BC_E3_83_B3_E5_A7_AA_E6_B5_9C_list.html
%E3%83%91%E3%83%BC%E3%83%A9%E3%83%BC%E3%82%BE%E3%83%BC%E3%83%B3%E5%A7%AA%E6%B5%9C,パーラーゾーン姪浜,2025-08-22,金,https://min-repo.com/2562330/,2562330,,,,,3366,"▲スマスロ マギアレコード 魔法少女まどか☆マギカ外伝
▲スマスロ スーパーブラックジャック",2026-05-13T14:23:03,data/raw/2026-05-13/_E3_83_91_E3_83_BC_E3_83_A9_E3_83_BC_E3_82_BE_E3_83_BC_E3_83_B3_E5_A7_AA_E6_B5_9C_list.html
%E3%83%91%E3%83%BC%E3%83%A9%E3%83%BC%E3%82%BE%E3%83%BC%E3%83%B3%E5%A7%AA%E6%B5%9C,パーラーゾーン姪浜,2025-08-21,木,https://min-repo.com/2561718/,2561718,,,,,2659,,2026-05-13T14:23:03,data/raw/2026-05-13/_E3_83_91_E3_83_BC_E3_83_A9_E3_83_BC_E3_82_BE_E3_83_BC_E3_83_B3_E5_A7_AA_E6_B5_9C_list.html
%E3%83%91%E3%83%BC%E3%83%A9%E3%83%BC%E3%82%BE%E3%83%BC%E3%83%B3%E5%A7%AA%E6%B5%9C,パーラーゾーン姪浜,2025-08-20,水,https://min-repo.com/2559076/,2559076,,,,,2391,,2026-05-13T14:23:03,data/raw/2026-05-13/_E3_83_91_E3_83_BC_E3_83_A9_E3_83_BC_E3_82_BE_E3_83_BC_E3_83_B3_E5_A7_AA_E6_B5_9C_list.html
%E3%83%91%E3%83%BC%E3%83%A9%E3%83%BC%E3%82%BE%E3%83%BC%E3%83%B3%E5%A7%AA%E6%B5%9C,パーラーゾーン姪浜,2025-08-19,火,https://min-repo.com/2556303/,2556303,並び・全台系イベント,1の位が9の日。設定が並び、全台系、かたまり系で入る想定。,65010,232,3900,"◯SアイムジャグラーＥＸ
▲Lパチスロ かぐや様は告らせたい
▲回胴黙示録カイジ 狂宴
▲Lダーリン・イン・ザ・フランキス
▲末尾ゾロ目",2026-05-13T14:23:03,data/raw/2026-05-13/_E3_83_91_E3_83_BC_E3_83_A9_E3_83_BC_E3_82_BE_E3_83_BC_E3_83_B3_E5_A7_AA_E6_B5_9C_list.html
%E3%83%91%E3%83%BC%E3%83%A9%E3%83%BC%E3%82%BE%E3%83%BC%E3%83%B3%E5%A7%AA%E6%B5%9C,パーラーゾーン姪浜,2025-08-18,月,https://min-repo.com/2554937/,2554937,,,,,2781,▲パチスロ　甲鉄城のカバネリ,2026-05-13T14:23:03,data/raw/2026-05-13/_E3_83_91_E3_83_BC_E3_83_A9_E3_83_BC_E3_82_BE_E3_83_BC_E3_83_B3_E5_A7_AA_E6_B5_9C_list.html
%E3%83%91%E3%83%BC%E3%83%A9%E3%83%BC%E3%82%BE%E3%83%BC%E3%83%B3%E5%A7%AA%E6%B5%9C,パーラーゾーン姪浜,2025-08-17,日,https://min-repo.com/2552417/,2552417,,,68900,246,3844,"◯回胴黙示録カイジ 狂宴
▲スマスロ ゴッドイーター リザレクション
▲Lパチスロ革命機ヴァルヴレイヴ
▲Lスマスロ北斗の拳",2026-05-13T14:23:03,data/raw/2026-05-13/_E3_83_91_E3_83_BC_E3_83_A9_E3_83_BC_E3_82_BE_E3_83_BC_E3_83_B3_E5_A7_AA_E6_B5_9C_list.html
%E3%83%91%E3%83%BC%E3%83%A9%E3%83%BC%E3%82%BE%E3%83%BC%E3%83%B3%E5%A7%AA%E6%B5%9C,パーラーゾーン姪浜,2025-08-16,土,https://min-repo.com/2550093/,2550093,メリハリ設定,1の位が6の日。設定1でなければ6の可能性が高い想定。,115680,413,6069,"☆Lスマスロ北斗の拳
☆Lゴジラ
☆L戦国乙女４　戦乱に閃く炯眼の軍師
◯スロット ゾンビランドサガ
▲Lパチスロ かぐや様は告らせたい
◯末尾5",2026-05-13T14:23:03,data/raw/2026-05-13/_E3_83_91_E3_83_BC_E3_83_A9_E3_83_BC_E3_82_BE_E3_83_BC_E3_83_B3_E5_A7_AA_E6_B5_9C_list.html
%E3%83%91%E3%83%BC%E3%83%A9%E3%83%BC%E3%82%BE%E3%83%BC%E3%83%B3%E5%A7%AA%E6%B5%9C,パーラーゾーン姪浜,2025-08-15,金,https://min-repo.com/2548988/,2548988,ジャグラー強め,1の位が5の日。比較的ジャグラー系が強い想定。,19750,71,4304,"☆回胴黙示録カイジ 狂宴
◯マイジャグラーV",2026-05-13T14:23:03,data/raw/2026-05-13/_E3_83_91_E3_83_BC_E3_83_A9_E3_83_BC_E3_82_BE_E3_83_BC_E3_83_B3_E5_A7_AA_E6_B5_9C_list.html
%E3%83%91%E3%83%BC%E3%83%A9%E3%83%BC%E3%82%BE%E3%83%BC%E3%83%B3%E5%A7%AA%E6%B5%9C,パーラーゾーン姪浜,2025-08-14,木,https://min-repo.com/2546151/,2546151,,,,,3734,"☆Lゴジラ
◎沖ドキ！ＧＯＬＤ",2026-05-13T14:23:03,data/raw/2026-05-13/_E3_83_91_E3_83_BC_E3_83_A9_E3_83_BC_E3_82_BE_E3_83_BC_E3_83_B3_E5_A7_AA_E6_B5_9C_list.html
%E3%83%91%E3%83%BC%E3%83%A9%E3%83%BC%E3%82%BE%E3%83%BC%E3%83%B3%E5%A7%AA%E6%B5%9C,パーラーゾーン姪浜,2025-08-13,水,https://min-repo.com/2543905/,2543905,末尾系イベント,1の位が3の日。末尾の台番号に当たりがある想定。,,,4704,"▲スマスロ シャーマンキング
▲回胴黙示録カイジ 狂宴
◯末尾2",2026-05-13T14:23:03,data/raw/2026-05-13/_E3_83_91_E3_83_BC_E3_83_A9_E3_83_BC_E3_82_BE_E3_83_BC_E3_83_B3_E5_A7_AA_E6_B5_9C_list.html
%E3%83%91%E3%83%BC%E3%83%A9%E3%83%BC%E3%82%BE%E3%83%BC%E3%83%B3%E5%A7%AA%E6%B5%9C,パーラーゾーン姪浜,2025-08-12,火,https://min-repo.com/2542145/,2542145,,,61770,221,4332,"☆Lゴジラ
☆スマスロ シャーマンキング
◯回胴黙示録カイジ 狂宴
▲L ToLOVEるダークネス
▲吉宗",2026-05-13T14:23:03,data/raw/2026-05-13/_E3_83_91_E3_83_BC_E3_83_A9_E3_83_BC_E3_82_BE_E3_83_BC_E3_83_B3_E5_A7_AA_E6_B5_9C_list.html
%E3%83%91%E3%83%BC%E3%83%A9%E3%83%BC%E3%82%BE%E3%83%BC%E3%83%B3%E5%A7%AA%E6%B5%9C,パーラーゾーン姪浜,2025-08-11,月,https://min-repo.com/2539879/,2539879,,,173140,618,5065,"◎Lパチスロからくりサーカス
◎スマスロ マギアレコード 魔法少女まどか☆マギカ外伝
▲L戦国乙女４　戦乱に閃く炯眼の軍師
▲Lダーリン・イン・ザ・フランキス
▲スマスロ 緑ドン VIVA!情熱南米編 REVIVAL
▲スマスロ モンスターハンターライズ
▲末尾3",2026-05-13T14:23:03,data/raw/2026-05-13/_E3_83_91_E3_83_BC_E3_83_A9_E3_83_BC_E3_82_BE_E3_83_BC_E3_83_B3_E5_A7_AA_E6_B5_9C_list.html
%E3%83%91%E3%83%BC%E3%83%A9%E3%83%BC%E3%82%BE%E3%83%BC%E3%83%B3%E5%A7%AA%E6%B5%9C,パーラーゾーン姪浜,2025-08-10,日,https://min-repo.com/2538144/,2538144,,,,,4475,"☆スマスロ バイオハザード5
◯回胴黙示録カイジ 狂宴
▲Lパチスロ革命機ヴァルヴレイヴ",2026-05-13T14:23:03,data/raw/2026-05-13/_E3_83_91_E3_83_BC_E3_83_A9_E3_83_BC_E3_82_BE_E3_83_BC_E3_83_B3_E5_A7_AA_E6_B5_9C_list.html
%E3%83%91%E3%83%BC%E3%83%A9%E3%83%BC%E3%82%BE%E3%83%BC%E3%83%B3%E5%A7%AA%E6%B5%9C,パーラーゾーン姪浜,2025-08-09,土,https://min-repo.com/2535713/,2535713,並び・全台系イベント,1の位が9の日。設定が並び、全台系、かたまり系で入る想定。,60470,216,5508,"☆スマスロ バイオハザード5
◎スマスロ スーパーブラックジャック
◯パチスロ　甲鉄城のカバネリ
▲Lダーリン・イン・ザ・フランキス
▲L南国育ち",2026-05-13T14:23:03,data/raw/2026-05-13/_E3_83_91_E3_83_BC_E3_83_A9_E3_83_BC_E3_82_BE_E3_83_BC_E3_83_B3_E5_A7_AA_E6_B5_9C_list.html
%E3%83%91%E3%83%BC%E3%83%A9%E3%83%BC%E3%82%BE%E3%83%BC%E3%83%B3%E5%A7%AA%E6%B5%9C,パーラーゾーン姪浜,2025-08-08,金,https://min-repo.com/2533705/,2533705,,,30650,109,4903,"☆スマスロ 緑ドン VIVA!情熱南米編 REVIVAL
☆L戦国乙女４　戦乱に閃く炯眼の軍師
◯マイジャグラーV
▲回胴黙示録カイジ 狂宴
▲スマスロ痛いのは嫌なので防御力に極振りしたいと思います。",2026-05-13T14:23:03,data/raw/2026-05-13/_E3_83_91_E3_83_BC_E3_83_A9_E3_83_BC_E3_82_BE_E3_83_BC_E3_83_B3_E5_A7_AA_E6_B5_9C_list.html
%E3%83%91%E3%83%BC%E3%83%A9%E3%83%BC%E3%82%BE%E3%83%BC%E3%83%B3%E5%A7%AA%E6%B5%9C,パーラーゾーン姪浜,2025-08-07,木,https://min-repo.com/2532340/,2532340,,,35130,125,2990,"◎Lスマスロ北斗の拳
▲Lダーリン・イン・ザ・フランキス",2026-05-13T14:23:03,data/raw/2026-05-13/_E3_83_91_E3_83_BC_E3_83_A9_E3_83_BC_E3_82_BE_E3_83_BC_E3_83_B3_E5_A7_AA_E6_B5_9C_list.html
%E3%83%91%E3%83%BC%E3%83%A9%E3%83%BC%E3%82%BE%E3%83%BC%E3%83%B3%E5%A7%AA%E6%B5%9C,パーラーゾーン姪浜,2025-08-06,水,https://min-repo.com/2529764/,2529764,メリハリ設定,1の位が6の日。設定1でなければ6の可能性が高い想定。,,,4390,"▲L戦国乙女４　戦乱に閃く炯眼の軍師
▲スマスロ 緑ドン VIVA!情熱南米編 REVIVAL
▲Lパチスロからくりサーカス",2026-05-13T14:23:03,data/raw/2026-05-13/_E3_83_91_E3_83_BC_E3_83_A9_E3_83_BC_E3_82_BE_E3_83_BC_E3_83_B3_E5_A7_AA_E6_B5_9C_list.html
%E3%83%91%E3%83%BC%E3%83%A9%E3%83%BC%E3%82%BE%E3%83%BC%E3%83%B3%E5%A7%AA%E6%B5%9C,パーラーゾーン姪浜,2025-08-04,月,https://min-repo.com/2526121/,2526121,,,,,3498,◯パチスロ　甲鉄城のカバネリ,2026-05-13T14:23:03,data/raw/2026-05-13/_E3_83_91_E3_83_BC_E3_83_A9_E3_83_BC_E3_82_BE_E3_83_BC_E3_83_B3_E5_A7_AA_E6_B5_9C_list.html
%E3%83%91%E3%83%BC%E3%83%A9%E3%83%BC%E3%82%BE%E3%83%BC%E3%83%B3%E5%A7%AA%E6%B5%9C,パーラーゾーン姪浜,2025-08-03,日,https://min-repo.com/2523795/,2523795,末尾系イベント,1の位が3の日。末尾の台番号に当たりがある想定。,,,4875,"◯回胴黙示録カイジ 狂宴
◯吉宗
▲L戦国乙女４　戦乱に閃く炯眼の軍師",2026-05-13T14:23:03,data/raw/2026-05-13/_E3_83_91_E3_83_BC_E3_83_A9_E3_83_BC_E3_82_BE_E3_83_BC_E3_83_B3_E5_A7_AA_E6_B5_9C_list.html
%E3%83%91%E3%83%BC%E3%83%A9%E3%83%BC%E3%82%BE%E3%83%BC%E3%83%B3%E5%A7%AA%E6%B5%9C,パーラーゾーン姪浜,2025-08-02,土,https://min-repo.com/2521782/,2521782,,,,,4881,"▲スロット ゾンビランドサガ
▲吉宗
▲スマスロ スーパーブラックジャック
▲パチスロ　甲鉄城のカバネリ",2026-05-13T14:23:03,data/raw/2026-05-13/_E3_83_91_E3_83_BC_E3_83_A9_E3_83_BC_E3_82_BE_E3_83_BC_E3_83_B3_E5_A7_AA_E6_B5_9C_list.html
%E3%83%91%E3%83%BC%E3%83%A9%E3%83%BC%E3%82%BE%E3%83%BC%E3%83%B3%E5%A7%AA%E6%B5%9C,パーラーゾーン姪浜,2025-08-01,金,https://min-repo.com/2520714/,2520714,,,13810,49,3184,"☆Lゴジラ
☆スマスロ バイオハザード5
☆スマスロ 緑ドン VIVA!情熱南米編 REVIVAL",2026-05-13T14:23:03,data/raw/2026-05-13/_E3_83_91_E3_83_BC_E3_83_A9_E3_83_BC_E3_82_BE_E3_83_BC_E3_83_B3_E5_A7_AA_E6_B5_9C_list.html
%E3%83%91%E3%83%BC%E3%83%A9%E3%83%BC%E3%82%BE%E3%83%BC%E3%83%B3%E5%A7%AA%E6%B5%9C,パーラーゾーン姪浜,2025-07-31,木,https://min-repo.com/2518092/,2518092,,,9270,33,2641,,2026-05-13T14:23:03,data/raw/2026-05-13/_E3_83_91_E3_83_BC_E3_83_A9_E3_83_BC_E3_82_BE_E3_83_BC_E3_83_B3_E5_A7_AA_E6_B5_9C_list.html
%E3%83%91%E3%83%BC%E3%83%A9%E3%83%BC%E3%82%BE%E3%83%BC%E3%83%B3%E5%A7%AA%E6%B5%9C,パーラーゾーン姪浜,2025-07-30,水,https://min-repo.com/2516632/,2516632,,,75620,270,2394,"☆スマスロ 緑ドン VIVA!情熱南米編 REVIVAL
▲L ToLOVEるダークネス
▲スマスロ マギアレコード 魔法少女まどか☆マギカ外伝
▲末尾6
▲末尾8",2026-05-13T14:23:03,data/raw/2026-05-13/_E3_83_91_E3_83_BC_E3_83_A9_E3_83_BC_E3_82_BE_E3_83_BC_E3_83_B3_E5_A7_AA_E6_B5_9C_list.html
%E3%83%91%E3%83%BC%E3%83%A9%E3%83%BC%E3%82%BE%E3%83%BC%E3%83%B3%E5%A7%AA%E6%B5%9C,パーラーゾーン姪浜,2025-07-29,火,https://min-repo.com/2513679/,2513679,並び・全台系イベント,1の位が9の日。設定が並び、全台系、かたまり系で入る想定。,6760,24,3831,"▲吉宗
▲スマスロ 緑ドン VIVA!情熱南米編 REVIVAL
▲スマスロモンキーターンV",2026-05-13T14:23:03,data/raw/2026-05-13/_E3_83_91_E3_83_BC_E3_83_A9_E3_83_BC_E3_82_BE_E3_83_BC_E3_83_B3_E5_A7_AA_E6_B5_9C_list.html
%E3%83%91%E3%83%BC%E3%83%A9%E3%83%BC%E3%82%BE%E3%83%BC%E3%83%B3%E5%A7%AA%E6%B5%9C,パーラーゾーン姪浜,2025-07-28,月,https://min-repo.com/2512312/,2512312,,,,,2078,,2026-05-13T14:23:03,data/raw/2026-05-13/_E3_83_91_E3_83_BC_E3_83_A9_E3_83_BC_E3_82_BE_E3_83_BC_E3_83_B3_E5_A7_AA_E6_B5_9C_list.html
%E3%83%91%E3%83%BC%E3%83%A9%E3%83%BC%E3%82%BE%E3%83%BC%E3%83%B3%E5%A7%AA%E6%B5%9C,パーラーゾーン姪浜,2025-07-27,日,https://min-repo.com/2510286/,2510286,,,54300,194,3732,"☆沖ドキ！ＧＯＬＤ
▲スマスロ バイオハザード5
▲スマスロ スーパーブラックジャック
▲末尾9",2026-05-13T14:23:03,data/raw/2026-05-13/_E3_83_91_E3_83_BC_E3_83_A9_E3_83_BC_E3_82_BE_E3_83_BC_E3_83_B3_E5_A7_AA_E6_B5_9C_list.html
%E3%83%91%E3%83%BC%E3%83%A9%E3%83%BC%E3%82%BE%E3%83%BC%E3%83%B3%E5%A7%AA%E6%B5%9C,パーラーゾーン姪浜,2025-07-26,土,https://min-repo.com/2507274/,2507274,メリハリ設定,1の位が6の日。設定1でなければ6の可能性が高い想定。,,,5488,,2026-05-13T14:23:03,data/raw/2026-05-13/_E3_83_91_E3_83_BC_E3_83_A9_E3_83_BC_E3_82_BE_E3_83_BC_E3_83_B3_E5_A7_AA_E6_B5_9C_list.html
%E3%83%91%E3%83%BC%E3%83%A9%E3%83%BC%E3%82%BE%E3%83%BC%E3%83%B3%E5%A7%AA%E6%B5%9C,パーラーゾーン姪浜,2025-07-25,金,https://min-repo.com/2506049/,2506049,ジャグラー強め,1の位が5の日。比較的ジャグラー系が強い想定。,84110,300,3603,"☆L南国育ち
◎マイジャグラーV
◯SアイムジャグラーＥＸ",2026-05-13T14:23:03,data/raw/2026-05-13/_E3_83_91_E3_83_BC_E3_83_A9_E3_83_BC_E3_82_BE_E3_83_BC_E3_83_B3_E5_A7_AA_E6_B5_9C_list.html
%E3%83%91%E3%83%BC%E3%83%A9%E3%83%BC%E3%82%BE%E3%83%BC%E3%83%B3%E5%A7%AA%E6%B5%9C,パーラーゾーン姪浜,2025-07-24,木,https://min-repo.com/2503469/,2503469,,,,,2264,◎パチスロ　甲鉄城のカバネリ,2026-05-13T14:23:03,data/raw/2026-05-13/_E3_83_91_E3_83_BC_E3_83_A9_E3_83_BC_E3_82_BE_E3_83_BC_E3_83_B3_E5_A7_AA_E6_B5_9C_list.html
%E3%83%91%E3%83%BC%E3%83%A9%E3%83%BC%E3%82%BE%E3%83%BC%E3%83%B3%E5%A7%AA%E6%B5%9C,パーラーゾーン姪浜,2025-07-23,水,https://min-repo.com/2501217/,2501217,末尾系イベント,1の位が3の日。末尾の台番号に当たりがある想定。,52940,189,3627,"☆スロット ゾンビランドサガ
▲スマスロ 緑ドン VIVA!情熱南米編 REVIVAL
▲L東京喰種
▲スマスロ モンスターハンターライズ
▲末尾8",2026-05-13T14:23:03,data/raw/2026-05-13/_E3_83_91_E3_83_BC_E3_83_A9_E3_83_BC_E3_82_BE_E3_83_BC_E3_83_B3_E5_A7_AA_E6_B5_9C_list.html
%E3%83%91%E3%83%BC%E3%83%A9%E3%83%BC%E3%82%BE%E3%83%BC%E3%83%B3%E5%A7%AA%E6%B5%9C,パーラーゾーン姪浜,2025-07-22,火,https://min-repo.com/2499274/,2499274,,,15160,54,3516,"◎スマスロ ゴッドイーター リザレクション
◯スマスロ バイオハザード5
◯末尾0",2026-05-13T14:23:03,data/raw/2026-05-13/_E3_83_91_E3_83_BC_E3_83_A9_E3_83_BC_E3_82_BE_E3_83_BC_E3_83_B3_E5_A7_AA_E6_B5_9C_list.html
%E3%83%91%E3%83%BC%E3%83%A9%E3%83%BC%E3%82%BE%E3%83%BC%E3%83%B3%E5%A7%AA%E6%B5%9C,パーラーゾーン姪浜,2025-07-21,月,https://min-repo.com/2498582/,2498582,,,5310,19,3127,"☆L戦国乙女４　戦乱に閃く炯眼の軍師
▲Lスーパービンゴネオ
▲スマスロ シャーマンキング",2026-05-13T14:23:03,data/raw/2026-05-13/_E3_83_91_E3_83_BC_E3_83_A9_E3_83_BC_E3_82_BE_E3_83_BC_E3_83_B3_E5_A7_AA_E6_B5_9C_list.html
%E3%83%91%E3%83%BC%E3%83%A9%E3%83%BC%E3%82%BE%E3%83%BC%E3%83%B3%E5%A7%AA%E6%B5%9C,パーラーゾーン姪浜,2025-07-20,日,https://min-repo.com/2495616/,2495616,,,,,3624,☆Lゴジラ,2026-05-13T14:23:03,data/raw/2026-05-13/_E3_83_91_E3_83_BC_E3_83_A9_E3_83_BC_E3_82_BE_E3_83_BC_E3_83_B3_E5_A7_AA_E6_B5_9C_list.html
%E3%83%91%E3%83%BC%E3%83%A9%E3%83%BC%E3%82%BE%E3%83%BC%E3%83%B3%E5%A7%AA%E6%B5%9C,パーラーゾーン姪浜,2025-07-19,土,https://min-repo.com/2493050/,2493050,並び・全台系イベント,1の位が9の日。設定が並び、全台系、かたまり系で入る想定。,109610,391,5623,"▲スロット ゾンビランドサガ
▲Lスーパービンゴネオ
▲スマスロ痛いのは嫌なので防御力に極振りしたいと思います。
▲Lパチスロ かぐや様は告らせたい
▲スマスロ ゴッドイーター リザレクション
▲Lパチスロ革命機ヴァルヴレイヴ
▲スマスロ 緑ドン VIVA!情熱南米編 REVIVAL",2026-05-13T14:23:03,data/raw/2026-05-13/_E3_83_91_E3_83_BC_E3_83_A9_E3_83_BC_E3_82_BE_E3_83_BC_E3_83_B3_E5_A7_AA_E6_B5_9C_list.html
%E3%83%91%E3%83%BC%E3%83%A9%E3%83%BC%E3%82%BE%E3%83%BC%E3%83%B3%E5%A7%AA%E6%B5%9C,パーラーゾーン姪浜,2025-07-18,金,https://min-repo.com/2491646/,2491646,,,,,2898,▲スロット ゾンビランドサガ,2026-05-13T14:23:03,data/raw/2026-05-13/_E3_83_91_E3_83_BC_E3_83_A9_E3_83_BC_E3_82_BE_E3_83_BC_E3_83_B3_E5_A7_AA_E6_B5_9C_list.html
%E3%83%91%E3%83%BC%E3%83%A9%E3%83%BC%E3%82%BE%E3%83%BC%E3%83%B3%E5%A7%AA%E6%B5%9C,パーラーゾーン姪浜,2025-07-17,木,https://min-repo.com/2489712/,2489712,,,1170,4,2773,"▲スロット ゾンビランドサガ
▲Lゴジラ",2026-05-13T14:23:03,data/raw/2026-05-13/_E3_83_91_E3_83_BC_E3_83_A9_E3_83_BC_E3_82_BE_E3_83_BC_E3_83_B3_E5_A7_AA_E6_B5_9C_list.html
%E3%83%91%E3%83%BC%E3%83%A9%E3%83%BC%E3%82%BE%E3%83%BC%E3%83%B3%E5%A7%AA%E6%B5%9C,パーラーゾーン姪浜,2025-07-16,水,https://min-repo.com/2486850/,2486850,メリハリ設定,1の位が6の日。設定1でなければ6の可能性が高い想定。,3180,11,4325,"◯スマスロニューパルサーBT
▲スマスロ シャーマンキング
▲L戦国乙女４　戦乱に閃く炯眼の軍師
▲スマスロ モンスターハンターライズ",2026-05-13T14:23:03,data/raw/2026-05-13/_E3_83_91_E3_83_BC_E3_83_A9_E3_83_BC_E3_82_BE_E3_83_BC_E3_83_B3_E5_A7_AA_E6_B5_9C_list.html
%E3%83%91%E3%83%BC%E3%83%A9%E3%83%BC%E3%82%BE%E3%83%BC%E3%83%B3%E5%A7%AA%E6%B5%9C,パーラーゾーン姪浜,2025-07-15,火,https://min-repo.com/2485699/,2485699,ジャグラー強め,1の位が5の日。比較的ジャグラー系が強い想定。,5580,20,3197,◎吉宗,2026-05-13T14:23:03,data/raw/2026-05-13/_E3_83_91_E3_83_BC_E3_83_A9_E3_83_BC_E3_82_BE_E3_83_BC_E3_83_B3_E5_A7_AA_E6_B5_9C_list.html
%E3%83%91%E3%83%BC%E3%83%A9%E3%83%BC%E3%82%BE%E3%83%BC%E3%83%B3%E5%A7%AA%E6%B5%9C,パーラーゾーン姪浜,2025-07-14,月,https://min-repo.com/2483283/,2483283,,,,,2506,☆L戦国乙女４　戦乱に閃く炯眼の軍師,2026-05-13T14:23:03,data/raw/2026-05-13/_E3_83_91_E3_83_BC_E3_83_A9_E3_83_BC_E3_82_BE_E3_83_BC_E3_83_B3_E5_A7_AA_E6_B5_9C_list.html
%E3%83%91%E3%83%BC%E3%83%A9%E3%83%BC%E3%82%BE%E3%83%BC%E3%83%B3%E5%A7%AA%E6%B5%9C,パーラーゾーン姪浜,2025-07-13,日,https://min-repo.com/2480642/,2480642,末尾系イベント,1の位が3の日。末尾の台番号に当たりがある想定。,,,4292,"▲スマスロ ギルティクラウン2
▲L戦国乙女４　戦乱に閃く炯眼の軍師",2026-05-13T14:23:03,data/raw/2026-05-13/_E3_83_91_E3_83_BC_E3_83_A9_E3_83_BC_E3_82_BE_E3_83_BC_E3_83_B3_E5_A7_AA_E6_B5_9C_list.html
%E3%83%91%E3%83%BC%E3%83%A9%E3%83%BC%E3%82%BE%E3%83%BC%E3%83%B3%E5%A7%AA%E6%B5%9C,パーラーゾーン姪浜,2025-07-12,土,https://min-repo.com/2478624/,2478624,,,28680,102,4986,"◯パチスロ　ケロット４
▲スマスロ ギルティクラウン2",2026-05-13T14:23:03,data/raw/2026-05-13/_E3_83_91_E3_83_BC_E3_83_A9_E3_83_BC_E3_82_BE_E3_83_BC_E3_83_B3_E5_A7_AA_E6_B5_9C_list.html
%E3%83%91%E3%83%BC%E3%83%A9%E3%83%BC%E3%82%BE%E3%83%BC%E3%83%B3%E5%A7%AA%E6%B5%9C,パーラーゾーン姪浜,2025-07-11,金,https://min-repo.com/2476541/,2476541,,,51820,185,3906,"☆スマスロ シャーマンキング
◯LBパチスロ ヱヴァンゲリヲン～約束の扉～
▲吉宗
▲スマスロ スーパーブラックジャック
▲末尾3",2026-05-13T14:23:03,data/raw/2026-05-13/_E3_83_91_E3_83_BC_E3_83_A9_E3_83_BC_E3_82_BE_E3_83_BC_E3_83_B3_E5_A7_AA_E6_B5_9C_list.html
%E3%83%91%E3%83%BC%E3%83%A9%E3%83%BC%E3%82%BE%E3%83%BC%E3%83%B3%E5%A7%AA%E6%B5%9C,パーラーゾーン姪浜,2025-07-09,水,https://min-repo.com/2472568/,2472568,並び・全台系イベント,1の位が9の日。設定が並び、全台系、かたまり系で入る想定。,18490,66,4678,"☆いざ！番長
◎スマスロ マギアレコード 魔法少女まどか☆マギカ外伝
◯マイジャグラーV
◯パチスロ　甲鉄城のカバネリ
◯末尾1",2026-05-13T14:23:03,data/raw/2026-05-13/_E3_83_91_E3_83_BC_E3_83_A9_E3_83_BC_E3_82_BE_E3_83_BC_E3_83_B3_E5_A7_AA_E6_B5_9C_list.html
%E3%83%91%E3%83%BC%E3%83%A9%E3%83%BC%E3%82%BE%E3%83%BC%E3%83%B3%E5%A7%AA%E6%B5%9C,パーラーゾーン姪浜,2025-07-08,火,https://min-repo.com/2471375/,2471375,,,86950,311,3817,"▲L東京喰種
▲末尾5",2026-05-13T14:23:03,data/raw/2026-05-13/_E3_83_91_E3_83_BC_E3_83_A9_E3_83_BC_E3_82_BE_E3_83_BC_E3_83_B3_E5_A7_AA_E6_B5_9C_list.html
%E3%83%91%E3%83%BC%E3%83%A9%E3%83%BC%E3%82%BE%E3%83%BC%E3%83%B3%E5%A7%AA%E6%B5%9C,パーラーゾーン姪浜,2025-07-07,月,https://min-repo.com/2468552/,2468552,,,14470,52,6399,"◯Lスマスロ北斗の拳
◯パチスロ　ケロット４
▲Lスーパービンゴネオ
▲L戦国乙女４　戦乱に閃く炯眼の軍師",2026-05-13T14:23:03,data/raw/2026-05-13/_E3_83_91_E3_83_BC_E3_83_A9_E3_83_BC_E3_82_BE_E3_83_BC_E3_83_B3_E5_A7_AA_E6_B5_9C_list.html
%E3%83%91%E3%83%BC%E3%83%A9%E3%83%BC%E3%82%BE%E3%83%BC%E3%83%B3%E5%A7%AA%E6%B5%9C,パーラーゾーン姪浜,2025-07-06,日,https://min-repo.com/2466566/,2466566,メリハリ設定,1の位が6の日。設定1でなければ6の可能性が高い想定。,70330,251,5116,"☆スマスロ マギアレコード 魔法少女まどか☆マギカ外伝
◎L ToLOVEるダークネス
▲スマスロ 緑ドン VIVA!情熱南米編 REVIVAL",2026-05-13T14:23:03,data/raw/2026-05-13/_E3_83_91_E3_83_BC_E3_83_A9_E3_83_BC_E3_82_BE_E3_83_BC_E3_83_B3_E5_A7_AA_E6_B5_9C_list.html
%E3%83%91%E3%83%BC%E3%83%A9%E3%83%BC%E3%82%BE%E3%83%BC%E3%83%B3%E5%A7%AA%E6%B5%9C,パーラーゾーン姪浜,2025-07-05,土,https://min-repo.com/2464399/,2464399,ジャグラー強め,1の位が5の日。比較的ジャグラー系が強い想定。,,,5333,"☆回胴黙示録カイジ 狂宴
☆スマスロ スーパーブラックジャック
☆スマスロ バイオハザード5
◯Lゴジラ
▲スロット ゾンビランドサガ
▲スマスロ ギルティクラウン2",2026-05-13T14:23:03,data/raw/2026-05-13/_E3_83_91_E3_83_BC_E3_83_A9_E3_83_BC_E3_82_BE_E3_83_BC_E3_83_B3_E5_A7_AA_E6_B5_9C_list.html
%E3%83%91%E3%83%BC%E3%83%A9%E3%83%BC%E3%82%BE%E3%83%BC%E3%83%B3%E5%A7%AA%E6%B5%9C,パーラーゾーン姪浜,2025-07-04,金,https://min-repo.com/2463021/,2463021,,,,,2737,▲L南国育ち,2026-05-13T14:23:03,data/raw/2026-05-13/_E3_83_91_E3_83_BC_E3_83_A9_E3_83_BC_E3_82_BE_E3_83_BC_E3_83_B3_E5_A7_AA_E6_B5_9C_list.html
%E3%83%91%E3%83%BC%E3%83%A9%E3%83%BC%E3%82%BE%E3%83%BC%E3%83%B3%E5%A7%AA%E6%B5%9C,パーラーゾーン姪浜,2025-07-03,木,https://min-repo.com/2460228/,2460228,末尾系イベント,1の位が3の日。末尾の台番号に当たりがある想定。,,,4072,"☆Lスーパービンゴネオ
▲Lゴジラ
▲スマスロ シャーマンキング
▲いざ！番長
▲Lゴジラ対エヴァンゲリオン",2026-05-13T14:23:03,data/raw/2026-05-13/_E3_83_91_E3_83_BC_E3_83_A9_E3_83_BC_E3_82_BE_E3_83_BC_E3_83_B3_E5_A7_AA_E6_B5_9C_list.html
%E3%83%91%E3%83%BC%E3%83%A9%E3%83%BC%E3%82%BE%E3%83%BC%E3%83%B3%E5%A7%AA%E6%B5%9C,パーラーゾーン姪浜,2025-07-02,水,https://min-repo.com/2458581/,2458581,,,53790,192,3319,"☆スマスロ バイオハザード5
◯スマスロ ゴッドイーター リザレクション
▲スマスロ シャーマンキング
◯末尾3",2026-05-13T14:23:03,data/raw/2026-05-13/_E3_83_91_E3_83_BC_E3_83_A9_E3_83_BC_E3_82_BE_E3_83_BC_E3_83_B3_E5_A7_AA_E6_B5_9C_list.html
%E3%83%91%E3%83%BC%E3%83%A9%E3%83%BC%E3%82%BE%E3%83%BC%E3%83%B3%E5%A7%AA%E6%B5%9C,パーラーゾーン姪浜,2025-07-01,火,https://min-repo.com/2456890/,2456890,,,84030,300,3357,▲スマスロ モンスターハンターライズ,2026-05-13T14:23:03,data/raw/2026-05-13/_E3_83_91_E3_83_BC_E3_83_A9_E3_83_BC_E3_82_BE_E3_83_BC_E3_83_B3_E5_A7_AA_E6_B5_9C_list.html
%E3%83%91%E3%83%BC%E3%83%A9%E3%83%BC%E3%82%BE%E3%83%BC%E3%83%B3%E5%A7%AA%E6%B5%9C,パーラーゾーン姪浜,2025-06-30,月,https://min-repo.com/2454570/,2454570,,,,,2982,◯沖ドキ！ＧＯＬＤ,2026-05-13T14:23:03,data/raw/2026-05-13/_E3_83_91_E3_83_BC_E3_83_A9_E3_83_BC_E3_82_BE_E3_83_BC_E3_83_B3_E5_A7_AA_E6_B5_9C_list.html
%E3%83%91%E3%83%BC%E3%83%A9%E3%83%BC%E3%82%BE%E3%83%BC%E3%83%B3%E5%A7%AA%E6%B5%9C,パーラーゾーン姪浜,2025-06-29,日,https://min-repo.com/2451982/,2451982,並び・全台系イベント,1の位が9の日。設定が並び、全台系、かたまり系で入る想定。,65960,236,5197,"☆スマスロ シャーマンキング
☆スマスロ マギアレコード 魔法少女まどか☆マギカ外伝
☆回胴黙示録カイジ 狂宴
▲スマスロモンキーターンV
▲いざ！番長
▲Lゴジラ
▲スロット ゾンビランドサガ
◯末尾8",2026-05-13T14:23:03,data/raw/2026-05-13/_E3_83_91_E3_83_BC_E3_83_A9_E3_83_BC_E3_82_BE_E3_83_BC_E3_83_B3_E5_A7_AA_E6_B5_9C_list.html
%E3%83%91%E3%83%BC%E3%83%A9%E3%83%BC%E3%82%BE%E3%83%BC%E3%83%B3%E5%A7%AA%E6%B5%9C,パーラーゾーン姪浜,2025-06-28,土,https://min-repo.com/2449860/,2449860,,,23640,84,4674,"☆L南国育ち
▲スマスロ モンスターハンターライズ
▲回胴黙示録カイジ 狂宴
▲スマスロ ゴッドイーター リザレクション",2026-05-13T14:23:03,data/raw/2026-05-13/_E3_83_91_E3_83_BC_E3_83_A9_E3_83_BC_E3_82_BE_E3_83_BC_E3_83_B3_E5_A7_AA_E6_B5_9C_list.html
%E3%83%91%E3%83%BC%E3%83%A9%E3%83%BC%E3%82%BE%E3%83%BC%E3%83%B3%E5%A7%AA%E6%B5%9C,パーラーゾーン姪浜,2025-06-27,金,https://min-repo.com/2448329/,2448329,,,13240,47,2524,"▲Lゴジラ
▲末尾8",2026-05-13T14:23:03,data/raw/2026-05-13/_E3_83_91_E3_83_BC_E3_83_A9_E3_83_BC_E3_82_BE_E3_83_BC_E3_83_B3_E5_A7_AA_E6_B5_9C_list.html
%E3%83%91%E3%83%BC%E3%83%A9%E3%83%BC%E3%82%BE%E3%83%BC%E3%83%B3%E5%A7%AA%E6%B5%9C,パーラーゾーン姪浜,2025-06-26,木,https://min-repo.com/2445593/,2445593,メリハリ設定,1の位が6の日。設定1でなければ6の可能性が高い想定。,31290,112,4512,☆回胴黙示録カイジ 狂宴,2026-05-13T14:23:03,data/raw/2026-05-13/_E3_83_91_E3_83_BC_E3_83_A9_E3_83_BC_E3_82_BE_E3_83_BC_E3_83_B3_E5_A7_AA_E6_B5_9C_list.html
%E3%83%91%E3%83%BC%E3%83%A9%E3%83%BC%E3%82%BE%E3%83%BC%E3%83%B3%E5%A7%AA%E6%B5%9C,パーラーゾーン姪浜,2025-06-25,水,https://min-repo.com/2444156/,2444156,ジャグラー強め,1の位が5の日。比較的ジャグラー系が強い想定。,,,3563,,2026-05-13T14:23:03,data/raw/2026-05-13/_E3_83_91_E3_83_BC_E3_83_A9_E3_83_BC_E3_82_BE_E3_83_BC_E3_83_B3_E5_A7_AA_E6_B5_9C_list.html
%E3%83%91%E3%83%BC%E3%83%A9%E3%83%BC%E3%82%BE%E3%83%BC%E3%83%B3%E5%A7%AA%E6%B5%9C,パーラーゾーン姪浜,2025-06-24,火,https://min-repo.com/2441812/,2441812,,,,,2603,▲L戦国乙女４　戦乱に閃く炯眼の軍師,2026-05-13T14:23:03,data/raw/2026-05-13/_E3_83_91_E3_83_BC_E3_83_A9_E3_83_BC_E3_82_BE_E3_83_BC_E3_83_B3_E5_A7_AA_E6_B5_9C_list.html
%E3%83%91%E3%83%BC%E3%83%A9%E3%83%BC%E3%82%BE%E3%83%BC%E3%83%B3%E5%A7%AA%E6%B5%9C,パーラーゾーン姪浜,2025-06-23,月,https://min-repo.com/2439593/,2439593,末尾系イベント,1の位が3の日。末尾の台番号に当たりがある想定。,47030,168,4137,"▲いざ！番長
▲吉宗
▲Lパチスロ かぐや様は告らせたい
◯末尾2",2026-05-13T14:23:03,data/raw/2026-05-13/_E3_83_91_E3_83_BC_E3_83_A9_E3_83_BC_E3_82_BE_E3_83_BC_E3_83_B3_E5_A7_AA_E6_B5_9C_list.html
%E3%83%91%E3%83%BC%E3%83%A9%E3%83%BC%E3%82%BE%E3%83%BC%E3%83%B3%E5%A7%AA%E6%B5%9C,パーラーゾーン姪浜,2025-06-22,日,https://min-repo.com/2437564/,2437564,,,68550,245,4511,"☆Lスーパービンゴネオ
▲スマスロ 緑ドン VIVA!情熱南米編 REVIVAL
▲Lゴジラ
▲スマスロ マギアレコード 魔法少女まどか☆マギカ外伝
▲スマスロ シャーマンキング
▲L ToLOVEるダークネス
▲スロット ゾンビランドサガ",2026-05-13T14:23:03,data/raw/2026-05-13/_E3_83_91_E3_83_BC_E3_83_A9_E3_83_BC_E3_82_BE_E3_83_BC_E3_83_B3_E5_A7_AA_E6_B5_9C_list.html
%E3%83%91%E3%83%BC%E3%83%A9%E3%83%BC%E3%82%BE%E3%83%BC%E3%83%B3%E5%A7%AA%E6%B5%9C,パーラーゾーン姪浜,2025-06-21,土,https://min-repo.com/2435604/,2435604,,,81080,290,5197,"☆いざ！番長
☆スマスロ ギルティクラウン2
◎吉宗
◎スマスロ痛いのは嫌なので防御力に極振りしたいと思います。
◯回胴黙示録カイジ 狂宴
▲スマスロ バイオハザード5
▲L南国育ち
◯末尾3",2026-05-13T14:23:03,data/raw/2026-05-13/_E3_83_91_E3_83_BC_E3_83_A9_E3_83_BC_E3_82_BE_E3_83_BC_E3_83_B3_E5_A7_AA_E6_B5_9C_list.html
%E3%83%91%E3%83%BC%E3%83%A9%E3%83%BC%E3%82%BE%E3%83%BC%E3%83%B3%E5%A7%AA%E6%B5%9C,パーラーゾーン姪浜,2025-06-20,金,https://min-repo.com/2434173/,2434173,,,,,3298,"◯L南国育ち
▲パチスロ　ケロット４
▲L戦国乙女４　戦乱に閃く炯眼の軍師",2026-05-13T14:23:03,data/raw/2026-05-13/_E3_83_91_E3_83_BC_E3_83_A9_E3_83_BC_E3_82_BE_E3_83_BC_E3_83_B3_E5_A7_AA_E6_B5_9C_list.html
%E3%83%91%E3%83%BC%E3%83%A9%E3%83%BC%E3%82%BE%E3%83%BC%E3%83%B3%E5%A7%AA%E6%B5%9C,パーラーゾーン姪浜,2025-06-19,木,https://min-repo.com/2431429/,2431429,並び・全台系イベント,1の位が9の日。設定が並び、全台系、かたまり系で入る想定。,,,4106,"◯ファンキージャグラー２ＫＴ
▲Lゴジラ
▲Lスマスロ北斗の拳",2026-05-13T14:23:03,data/raw/2026-05-13/_E3_83_91_E3_83_BC_E3_83_A9_E3_83_BC_E3_82_BE_E3_83_BC_E3_83_B3_E5_A7_AA_E6_B5_9C_list.html
%E3%83%91%E3%83%BC%E3%83%A9%E3%83%BC%E3%82%BE%E3%83%BC%E3%83%B3%E5%A7%AA%E6%B5%9C,パーラーゾーン姪浜,2025-06-18,水,https://min-repo.com/2429509/,2429509,,,,,3317,"◯スマスロニューパルサーBT
▲いざ！番長
▲L戦国乙女４　戦乱に閃く炯眼の軍師
▲スマスロ 緑ドン VIVA!情熱南米編 REVIVAL
▲スマスロ ゴッドイーター リザレクション",2026-05-13T14:23:03,data/raw/2026-05-13/_E3_83_91_E3_83_BC_E3_83_A9_E3_83_BC_E3_82_BE_E3_83_BC_E3_83_B3_E5_A7_AA_E6_B5_9C_list.html
%E3%83%91%E3%83%BC%E3%83%A9%E3%83%BC%E3%82%BE%E3%83%BC%E3%83%B3%E5%A7%AA%E6%B5%9C,パーラーゾーン姪浜,2025-06-16,月,https://min-repo.com/2425331/,2425331,メリハリ設定,1の位が6の日。設定1でなければ6の可能性が高い想定。,98980,354,4284,"☆スマスロ 緑ドン VIVA!情熱南米編 REVIVAL
◎吉宗
◎沖ドキ！ＧＯＬＤ
▲L東京喰種
▲Lゴジラ
▲Lパチスロ かぐや様は告らせたい
▲L戦国乙女４　戦乱に閃く炯眼の軍師
▲スロット ゾンビランドサガ",2026-05-13T14:23:03,data/raw/2026-05-13/_E3_83_91_E3_83_BC_E3_83_A9_E3_83_BC_E3_82_BE_E3_83_BC_E3_83_B3_E5_A7_AA_E6_B5_9C_list.html
%E3%83%91%E3%83%BC%E3%83%A9%E3%83%BC%E3%82%BE%E3%83%BC%E3%83%B3%E5%A7%AA%E6%B5%9C,パーラーゾーン姪浜,2025-06-15,日,https://min-repo.com/2423436/,2423436,ジャグラー強め,1の位が5の日。比較的ジャグラー系が強い想定。,,,4946,"☆スマスロ バイオハザード5
☆ハッピージャグラーＶＩＩＩ
◯スマスロ ギルティクラウン2
▲Lパチスロからくりサーカス
◯末尾5",2026-05-13T14:23:03,data/raw/2026-05-13/_E3_83_91_E3_83_BC_E3_83_A9_E3_83_BC_E3_82_BE_E3_83_BC_E3_83_B3_E5_A7_AA_E6_B5_9C_list.html
%E3%83%91%E3%83%BC%E3%83%A9%E3%83%BC%E3%82%BE%E3%83%BC%E3%83%B3%E5%A7%AA%E6%B5%9C,パーラーゾーン姪浜,2025-06-14,土,https://min-repo.com/2421202/,2421202,,,27600,99,4885,"◎スマスロ マギアレコード 魔法少女まどか☆マギカ外伝
◯回胴黙示録カイジ 狂宴
▲スマスロ 緑ドン VIVA!情熱南米編 REVIVAL
▲吉宗
▲L南国育ち",2026-05-13T14:23:03,data/raw/2026-05-13/_E3_83_91_E3_83_BC_E3_83_A9_E3_83_BC_E3_82_BE_E3_83_BC_E3_83_B3_E5_A7_AA_E6_B5_9C_list.html
%E3%83%91%E3%83%BC%E3%83%A9%E3%83%BC%E3%82%BE%E3%83%BC%E3%83%B3%E5%A7%AA%E6%B5%9C,パーラーゾーン姪浜,2025-06-13,金,https://min-repo.com/2419128/,2419128,末尾系イベント,1の位が3の日。末尾の台番号に当たりがある想定。,86610,309,4539,"☆スロット ゾンビランドサガ
◎吉宗
▲沖ドキ！ＧＯＬＤ
◎末尾4",2026-05-13T14:23:03,data/raw/2026-05-13/_E3_83_91_E3_83_BC_E3_83_A9_E3_83_BC_E3_82_BE_E3_83_BC_E3_83_B3_E5_A7_AA_E6_B5_9C_list.html
%E3%83%91%E3%83%BC%E3%83%A9%E3%83%BC%E3%82%BE%E3%83%BC%E3%83%B3%E5%A7%AA%E6%B5%9C,パーラーゾーン姪浜,2025-06-12,木,https://min-repo.com/2417471/,2417471,,,2250,8,2783,"▲いざ！番長
▲末尾3",2026-05-13T14:23:03,data/raw/2026-05-13/_E3_83_91_E3_83_BC_E3_83_A9_E3_83_BC_E3_82_BE_E3_83_BC_E3_83_B3_E5_A7_AA_E6_B5_9C_list.html
%E3%83%91%E3%83%BC%E3%83%A9%E3%83%BC%E3%82%BE%E3%83%BC%E3%83%B3%E5%A7%AA%E6%B5%9C,パーラーゾーン姪浜,2025-06-11,水,https://min-repo.com/2415103/,2415103,,,56430,202,3094,"▲スマスロ 緑ドン VIVA!情熱南米編 REVIVAL
▲スマスロ ギルティクラウン2
▲いざ！番長
▲スマスロ モンスターハンターライズ
▲末尾3",2026-05-13T14:23:03,data/raw/2026-05-13/_E3_83_91_E3_83_BC_E3_83_A9_E3_83_BC_E3_82_BE_E3_83_BC_E3_83_B3_E5_A7_AA_E6_B5_9C_list.html
%E3%83%91%E3%83%BC%E3%83%A9%E3%83%BC%E3%82%BE%E3%83%BC%E3%83%B3%E5%A7%AA%E6%B5%9C,パーラーゾーン姪浜,2025-06-10,火,https://min-repo.com/2413952/,2413952,,,25580,91,2873,"☆スマスロ アイドルマスター ミリオンライブ！ネクストプロローグ
▲吉宗
▲スマスロ モンスターハンターライズ
▲末尾2",2026-05-13T14:23:03,data/raw/2026-05-13/_E3_83_91_E3_83_BC_E3_83_A9_E3_83_BC_E3_82_BE_E3_83_BC_E3_83_B3_E5_A7_AA_E6_B5_9C_list.html
%E3%83%91%E3%83%BC%E3%83%A9%E3%83%BC%E3%82%BE%E3%83%BC%E3%83%B3%E5%A7%AA%E6%B5%9C,パーラーゾーン姪浜,2025-06-09,月,https://min-repo.com/2410985/,2410985,並び・全台系イベント,1の位が9の日。設定が並び、全台系、かたまり系で入る想定。,27170,97,3717,▲Lパチスロからくりサーカス,2026-05-13T14:23:03,data/raw/2026-05-13/_E3_83_91_E3_83_BC_E3_83_A9_E3_83_BC_E3_82_BE_E3_83_BC_E3_83_B3_E5_A7_AA_E6_B5_9C_list.html
%E3%83%91%E3%83%BC%E3%83%A9%E3%83%BC%E3%82%BE%E3%83%BC%E3%83%B3%E5%A7%AA%E6%B5%9C,パーラーゾーン姪浜,2025-06-08,日,https://min-repo.com/2409341/,2409341,,,,,4254,▲Lパチスロ 機動戦士ガンダムSEED,2026-05-13T14:23:03,data/raw/2026-05-13/_E3_83_91_E3_83_BC_E3_83_A9_E3_83_BC_E3_82_BE_E3_83_BC_E3_83_B3_E5_A7_AA_E6_B5_9C_list.html
%E3%83%91%E3%83%BC%E3%83%A9%E3%83%BC%E3%82%BE%E3%83%BC%E3%83%B3%E5%A7%AA%E6%B5%9C,パーラーゾーン姪浜,2025-06-07,土,https://min-repo.com/2406863/,2406863,,,112910,403,4569,"☆Lゴジラ
◯回胴黙示録カイジ 狂宴
◯L南国育ち
▲Lパチスロ革命機ヴァルヴレイヴ
▲Lゴジラ対エヴァンゲリオン",2026-05-13T14:23:03,data/raw/2026-05-13/_E3_83_91_E3_83_BC_E3_83_A9_E3_83_BC_E3_82_BE_E3_83_BC_E3_83_B3_E5_A7_AA_E6_B5_9C_list.html
%E3%83%91%E3%83%BC%E3%83%A9%E3%83%BC%E3%82%BE%E3%83%BC%E3%83%B3%E5%A7%AA%E6%B5%9C,パーラーゾーン姪浜,2025-06-06,金,https://min-repo.com/2404806/,2404806,メリハリ設定,1の位が6の日。設定1でなければ6の可能性が高い想定。,121270,433,6200,"☆回胴黙示録カイジ 狂宴
☆L南国育ち
▲Lスーパービンゴネオ
▲L戦国乙女４　戦乱に閃く炯眼の軍師
▲いざ！番長",2026-05-13T14:23:03,data/raw/2026-05-13/_E3_83_91_E3_83_BC_E3_83_A9_E3_83_BC_E3_82_BE_E3_83_BC_E3_83_B3_E5_A7_AA_E6_B5_9C_list.html
%E3%83%91%E3%83%BC%E3%83%A9%E3%83%BC%E3%82%BE%E3%83%BC%E3%83%B3%E5%A7%AA%E6%B5%9C,パーラーゾーン姪浜,2025-06-05,木,https://min-repo.com/2403767/,2403767,ジャグラー強め,1の位が5の日。比較的ジャグラー系が強い想定。,,,3598,▲スマスロ スーパーブラックジャック,2026-05-13T14:23:03,data/raw/2026-05-13/_E3_83_91_E3_83_BC_E3_83_A9_E3_83_BC_E3_82_BE_E3_83_BC_E3_83_B3_E5_A7_AA_E6_B5_9C_list.html
%E3%83%91%E3%83%BC%E3%83%A9%E3%83%BC%E3%82%BE%E3%83%BC%E3%83%B3%E5%A7%AA%E6%B5%9C,パーラーゾーン姪浜,2025-06-03,火,https://min-repo.com/2399678/,2399678,末尾系イベント,1の位が3の日。末尾の台番号に当たりがある想定。,,,4001,☆L戦国乙女４　戦乱に閃く炯眼の軍師,2026-05-13T14:23:03,data/raw/2026-05-13/_E3_83_91_E3_83_BC_E3_83_A9_E3_83_BC_E3_82_BE_E3_83_BC_E3_83_B3_E5_A7_AA_E6_B5_9C_list.html
%E3%83%91%E3%83%BC%E3%83%A9%E3%83%BC%E3%82%BE%E3%83%BC%E3%83%B3%E5%A7%AA%E6%B5%9C,パーラーゾーン姪浜,2025-06-02,月,https://min-repo.com/2398753/,2398753,,,9940,36,3585,"▲回胴黙示録カイジ 狂宴
▲Lゴジラ",2026-05-13T14:23:03,data/raw/2026-05-13/_E3_83_91_E3_83_BC_E3_83_A9_E3_83_BC_E3_82_BE_E3_83_BC_E3_83_B3_E5_A7_AA_E6_B5_9C_list.html
%E3%83%91%E3%83%BC%E3%83%A9%E3%83%BC%E3%82%BE%E3%83%BC%E3%83%B3%E5%A7%AA%E6%B5%9C,パーラーゾーン姪浜,2025-06-01,日,https://min-repo.com/2395268/,2395268,,,1470,5,4248,"☆スマスロ聖戦士ダンバイン
▲Lゴジラ
▲L戦国乙女４　戦乱に閃く炯眼の軍師
▲パチスロ　ケロット４",2026-05-13T14:23:03,data/raw/2026-05-13/_E3_83_91_E3_83_BC_E3_83_A9_E3_83_BC_E3_82_BE_E3_83_BC_E3_83_B3_E5_A7_AA_E6_B5_9C_list.html
%E3%83%91%E3%83%BC%E3%83%A9%E3%83%BC%E3%82%BE%E3%83%BC%E3%83%B3%E5%A7%AA%E6%B5%9C,パーラーゾーン姪浜,2025-05-31,土,https://min-repo.com/2392831/,2392831,,,37750,135,4815,"☆スロット ゾンビランドサガ
◯スマスロ痛いのは嫌なので防御力に極振りしたいと思います。
▲Lゴジラ
▲スマスロ シャーマンキング",2026-05-13T14:23:03,data/raw/2026-05-13/_E3_83_91_E3_83_BC_E3_83_A9_E3_83_BC_E3_82_BE_E3_83_BC_E3_83_B3_E5_A7_AA_E6_B5_9C_list.html
%E3%83%91%E3%83%BC%E3%83%A9%E3%83%BC%E3%82%BE%E3%83%BC%E3%83%B3%E5%A7%AA%E6%B5%9C,パーラーゾーン姪浜,2025-05-30,金,https://min-repo.com/2391530/,2391530,,,19130,68,3205,"☆L戦国乙女４　戦乱に閃く炯眼の軍師
☆スマスロ バイオハザード5",2026-05-13T14:23:03,data/raw/2026-05-13/_E3_83_91_E3_83_BC_E3_83_A9_E3_83_BC_E3_82_BE_E3_83_BC_E3_83_B3_E5_A7_AA_E6_B5_9C_list.html
%E3%83%91%E3%83%BC%E3%83%A9%E3%83%BC%E3%82%BE%E3%83%BC%E3%83%B3%E5%A7%AA%E6%B5%9C,パーラーゾーン姪浜,2025-05-29,木,https://min-repo.com/2388725/,2388725,並び・全台系イベント,1の位が9の日。設定が並び、全台系、かたまり系で入る想定。,3400,12,4192,"◎ファンキージャグラー２ＫＴ
▲スマスロ聖戦士ダンバイン
▲スマスロ シャーマンキング",2026-05-13T14:23:03,data/raw/2026-05-13/_E3_83_91_E3_83_BC_E3_83_A9_E3_83_BC_E3_82_BE_E3_83_BC_E3_83_B3_E5_A7_AA_E6_B5_9C_list.html
%E3%83%91%E3%83%BC%E3%83%A9%E3%83%BC%E3%82%BE%E3%83%BC%E3%83%B3%E5%A7%AA%E6%B5%9C,パーラーゾーン姪浜,2025-05-28,水,https://min-repo.com/2387363/,2387363,,,,,2428,,2026-05-13T14:23:03,data/raw/2026-05-13/_E3_83_91_E3_83_BC_E3_83_A9_E3_83_BC_E3_82_BE_E3_83_BC_E3_83_B3_E5_A7_AA_E6_B5_9C_list.html
%E3%83%91%E3%83%BC%E3%83%A9%E3%83%BC%E3%82%BE%E3%83%BC%E3%83%B3%E5%A7%AA%E6%B5%9C,パーラーゾーン姪浜,2025-05-27,火,https://min-repo.com/2384803/,2384803,,,56220,201,2880,"▲スマスロ 緑ドン VIVA!情熱南米編 REVIVAL
▲Lパチスロ 機動戦士ガンダムSEED",2026-05-13T14:23:03,data/raw/2026-05-13/_E3_83_91_E3_83_BC_E3_83_A9_E3_83_BC_E3_82_BE_E3_83_BC_E3_83_B3_E5_A7_AA_E6_B5_9C_list.html
%E3%83%91%E3%83%BC%E3%83%A9%E3%83%BC%E3%82%BE%E3%83%BC%E3%83%B3%E5%A7%AA%E6%B5%9C,パーラーゾーン姪浜,2025-05-26,月,https://min-repo.com/2382397/,2382397,メリハリ設定,1の位が6の日。設定1でなければ6の可能性が高い想定。,91150,326,3798,"☆スマスロ 緑ドン VIVA!情熱南米編 REVIVAL
☆スマスロ スーパーブラックジャック
▲Lゴジラ
▲Lパチスロ 機動戦士ガンダムSEED
▲L戦国乙女４　戦乱に閃く炯眼の軍師
▲末尾7
▲末尾8",2026-05-13T14:23:03,data/raw/2026-05-13/_E3_83_91_E3_83_BC_E3_83_A9_E3_83_BC_E3_82_BE_E3_83_BC_E3_83_B3_E5_A7_AA_E6_B5_9C_list.html
%E3%83%91%E3%83%BC%E3%83%A9%E3%83%BC%E3%82%BE%E3%83%BC%E3%83%B3%E5%A7%AA%E6%B5%9C,パーラーゾーン姪浜,2025-05-25,日,https://min-repo.com/2380856/,2380856,ジャグラー強め,1の位が5の日。比較的ジャグラー系が強い想定。,76880,275,4546,"▲スマスロ アイドルマスター ミリオンライブ！ネクストプロローグ
▲スマスロ 緑ドン VIVA!情熱南米編 REVIVAL
▲吉宗
▲Lパチスロ かぐや様は告らせたい",2026-05-13T14:23:03,data/raw/2026-05-13/_E3_83_91_E3_83_BC_E3_83_A9_E3_83_BC_E3_82_BE_E3_83_BC_E3_83_B3_E5_A7_AA_E6_B5_9C_list.html
%E3%83%91%E3%83%BC%E3%83%A9%E3%83%BC%E3%82%BE%E3%83%BC%E3%83%B3%E5%A7%AA%E6%B5%9C,パーラーゾーン姪浜,2025-05-24,土,https://min-repo.com/2378289/,2378289,,,,,4535,"◯スマスロ シャーマンキング
▲回胴黙示録カイジ 狂宴
▲Lゴジラ",2026-05-13T14:23:03,data/raw/2026-05-13/_E3_83_91_E3_83_BC_E3_83_A9_E3_83_BC_E3_82_BE_E3_83_BC_E3_83_B3_E5_A7_AA_E6_B5_9C_list.html
%E3%83%91%E3%83%BC%E3%83%A9%E3%83%BC%E3%82%BE%E3%83%BC%E3%83%B3%E5%A7%AA%E6%B5%9C,パーラーゾーン姪浜,2025-05-23,金,https://min-repo.com/2376221/,2376221,末尾系イベント,1の位が3の日。末尾の台番号に当たりがある想定。,1350,5,4149,"◯パチスロ　甲鉄城のカバネリ
▲L戦国乙女４　戦乱に閃く炯眼の軍師
▲スマスロ痛いのは嫌なので防御力に極振りしたいと思います。",2026-05-13T14:23:03,data/raw/2026-05-13/_E3_83_91_E3_83_BC_E3_83_A9_E3_83_BC_E3_82_BE_E3_83_BC_E3_83_B3_E5_A7_AA_E6_B5_9C_list.html
%E3%83%91%E3%83%BC%E3%83%A9%E3%83%BC%E3%82%BE%E3%83%BC%E3%83%B3%E5%A7%AA%E6%B5%9C,パーラーゾーン姪浜,2025-05-22,木,https://min-repo.com/2374237/,2374237,,,83000,296,3817,"◯マイジャグラーV
▲スマスロ モンスターハンターライズ
▲スマスロ ゴッドイーター リザレクション",2026-05-13T14:23:03,data/raw/2026-05-13/_E3_83_91_E3_83_BC_E3_83_A9_E3_83_BC_E3_82_BE_E3_83_BC_E3_83_B3_E5_A7_AA_E6_B5_9C_list.html
%E3%83%91%E3%83%BC%E3%83%A9%E3%83%BC%E3%82%BE%E3%83%BC%E3%83%B3%E5%A7%AA%E6%B5%9C,パーラーゾーン姪浜,2025-05-21,水,https://min-repo.com/2373053/,2373053,,,,,3070,"▲スマスロ モンスターハンターライズ
▲末尾7",2026-05-13T14:23:03,data/raw/2026-05-13/_E3_83_91_E3_83_BC_E3_83_A9_E3_83_BC_E3_82_BE_E3_83_BC_E3_83_B3_E5_A7_AA_E6_B5_9C_list.html
%E3%83%91%E3%83%BC%E3%83%A9%E3%83%BC%E3%82%BE%E3%83%BC%E3%83%B3%E5%A7%AA%E6%B5%9C,パーラーゾーン姪浜,2025-05-20,火,https://min-repo.com/2370753/,2370753,,,23260,83,2989,▲吉宗,2026-05-13T14:23:03,data/raw/2026-05-13/_E3_83_91_E3_83_BC_E3_83_A9_E3_83_BC_E3_82_BE_E3_83_BC_E3_83_B3_E5_A7_AA_E6_B5_9C_list.html
%E3%83%91%E3%83%BC%E3%83%A9%E3%83%BC%E3%82%BE%E3%83%BC%E3%83%B3%E5%A7%AA%E6%B5%9C,パーラーゾーン姪浜,2025-05-19,月,https://min-repo.com/2368159/,2368159,並び・全台系イベント,1の位が9の日。設定が並び、全台系、かたまり系で入る想定。,55220,197,3776,"☆スマスロ バイオハザード5
◎L東京喰種
▲Lパチスロ 機動戦士ガンダムSEED",2026-05-13T14:23:03,data/raw/2026-05-13/_E3_83_91_E3_83_BC_E3_83_A9_E3_83_BC_E3_82_BE_E3_83_BC_E3_83_B3_E5_A7_AA_E6_B5_9C_list.html
%E3%83%91%E3%83%BC%E3%83%A9%E3%83%BC%E3%82%BE%E3%83%BC%E3%83%B3%E5%A7%AA%E6%B5%9C,パーラーゾーン姪浜,2025-05-18,日,https://min-repo.com/2366347/,2366347,,,,,3822,,2026-05-13T14:23:03,data/raw/2026-05-13/_E3_83_91_E3_83_BC_E3_83_A9_E3_83_BC_E3_82_BE_E3_83_BC_E3_83_B3_E5_A7_AA_E6_B5_9C_list.html
%E3%83%91%E3%83%BC%E3%83%A9%E3%83%BC%E3%82%BE%E3%83%BC%E3%83%B3%E5%A7%AA%E6%B5%9C,パーラーゾーン姪浜,2025-05-17,土,https://min-repo.com/2364048/,2364048,,,1650,6,4946,"☆スマスロ聖戦士ダンバイン
◯SアイムジャグラーＥＸ
▲スマスロ ゴッドイーター リザレクション
▲L戦国乙女４　戦乱に閃く炯眼の軍師",2026-05-13T14:23:03,data/raw/2026-05-13/_E3_83_91_E3_83_BC_E3_83_A9_E3_83_BC_E3_82_BE_E3_83_BC_E3_83_B3_E5_A7_AA_E6_B5_9C_list.html
%E3%83%91%E3%83%BC%E3%83%A9%E3%83%BC%E3%82%BE%E3%83%BC%E3%83%B3%E5%A7%AA%E6%B5%9C,パーラーゾーン姪浜,2025-05-16,金,https://min-repo.com/2361931/,2361931,メリハリ設定,1の位が6の日。設定1でなければ6の可能性が高い想定。,61940,221,4388,"◯スマスロ アイドルマスター ミリオンライブ！ネクストプロローグ
◯スマスロ バイオハザード5
▲Lパチスロ 機動戦士ガンダムSEED
▲スマスロ 緑ドン VIVA!情熱南米編 REVIVAL
▲パチスロ　甲鉄城のカバネリ
▲Lパチスロからくりサーカス",2026-05-13T14:23:03,data/raw/2026-05-13/_E3_83_91_E3_83_BC_E3_83_A9_E3_83_BC_E3_82_BE_E3_83_BC_E3_83_B3_E5_A7_AA_E6_B5_9C_list.html
%E3%83%91%E3%83%BC%E3%83%A9%E3%83%BC%E3%82%BE%E3%83%BC%E3%83%B3%E5%A7%AA%E6%B5%9C,パーラーゾーン姪浜,2025-05-15,木,https://min-repo.com/2360296/,2360296,ジャグラー強め,1の位が5の日。比較的ジャグラー系が強い想定。,7270,26,3809,"☆スロット ゾンビランドサガ
◯パチスロ　ケロット４
▲スマスロ スーパーブラックジャック",2026-05-13T14:23:03,data/raw/2026-05-13/_E3_83_91_E3_83_BC_E3_83_A9_E3_83_BC_E3_82_BE_E3_83_BC_E3_83_B3_E5_A7_AA_E6_B5_9C_list.html
%E3%83%91%E3%83%BC%E3%83%A9%E3%83%BC%E3%82%BE%E3%83%BC%E3%83%B3%E5%A7%AA%E6%B5%9C,パーラーゾーン姪浜,2025-05-14,水,https://min-repo.com/2358105/,2358105,,,58190,208,2819,"▲スマスロ 緑ドン VIVA!情熱南米編 REVIVAL
▲Lパチスロ かぐや様は告らせたい
▲末尾9",2026-05-13T14:23:03,data/raw/2026-05-13/_E3_83_91_E3_83_BC_E3_83_A9_E3_83_BC_E3_82_BE_E3_83_BC_E3_83_B3_E5_A7_AA_E6_B5_9C_list.html
%E3%83%91%E3%83%BC%E3%83%A9%E3%83%BC%E3%82%BE%E3%83%BC%E3%83%B3%E5%A7%AA%E6%B5%9C,パーラーゾーン姪浜,2025-05-13,火,https://min-repo.com/2355841/,2355841,末尾系イベント,1の位が3の日。末尾の台番号に当たりがある想定。,31680,113,3736,▲スマスロ スーパーブラックジャック,2026-05-13T14:23:03,data/raw/2026-05-13/_E3_83_91_E3_83_BC_E3_83_A9_E3_83_BC_E3_82_BE_E3_83_BC_E3_83_B3_E5_A7_AA_E6_B5_9C_list.html
%E3%83%91%E3%83%BC%E3%83%A9%E3%83%BC%E3%82%BE%E3%83%BC%E3%83%B3%E5%A7%AA%E6%B5%9C,パーラーゾーン姪浜,2025-05-12,月,https://min-repo.com/2354603/,2354603,,,,,2769,"☆L戦国乙女４　戦乱に閃く炯眼の軍師
▲スマスロ スーパーブラックジャック
▲スマスロ バイオハザード5",2026-05-13T14:23:03,data/raw/2026-05-13/_E3_83_91_E3_83_BC_E3_83_A9_E3_83_BC_E3_82_BE_E3_83_BC_E3_83_B3_E5_A7_AA_E6_B5_9C_list.html
%E3%83%91%E3%83%BC%E3%83%A9%E3%83%BC%E3%82%BE%E3%83%BC%E3%83%B3%E5%A7%AA%E6%B5%9C,パーラーゾーン姪浜,2025-05-11,日,https://min-repo.com/2351809/,2351809,,,88160,315,4345,"▲スマスロ ゴッドイーター リザレクション
▲スマスロ モンスターハンターライズ
▲パチスロ　甲鉄城のカバネリ",2026-05-13T14:23:03,data/raw/2026-05-13/_E3_83_91_E3_83_BC_E3_83_A9_E3_83_BC_E3_82_BE_E3_83_BC_E3_83_B3_E5_A7_AA_E6_B5_9C_list.html
%E3%83%91%E3%83%BC%E3%83%A9%E3%83%BC%E3%82%BE%E3%83%BC%E3%83%B3%E5%A7%AA%E6%B5%9C,パーラーゾーン姪浜,2025-05-10,土,https://min-repo.com/2349721/,2349721,,,73020,261,5231,"☆スマスロ スーパーブラックジャック
◯パチスロ　ケロット４
◯スマスロ モンスターハンターライズ
▲スマスロ ゴッドイーター リザレクション
▲Lゴジラ
▲スマスロ痛いのは嫌なので防御力に極振りしたいと思います。",2026-05-13T14:23:03,data/raw/2026-05-13/_E3_83_91_E3_83_BC_E3_83_A9_E3_83_BC_E3_82_BE_E3_83_BC_E3_83_B3_E5_A7_AA_E6_B5_9C_list.html
%E3%83%91%E3%83%BC%E3%83%A9%E3%83%BC%E3%82%BE%E3%83%BC%E3%83%B3%E5%A7%AA%E6%B5%9C,パーラーゾーン姪浜,2025-05-09,金,https://min-repo.com/2347704/,2347704,並び・全台系イベント,1の位が9の日。設定が並び、全台系、かたまり系で入る想定。,17930,64,4576,"◯ファンキージャグラー２ＫＴ
▲スマスロ バイオハザード5
▲吉宗
▲スマスロ シャーマンキング
▲Lゴジラ対エヴァンゲリオン",2026-05-13T14:23:03,data/raw/2026-05-13/_E3_83_91_E3_83_BC_E3_83_A9_E3_83_BC_E3_82_BE_E3_83_BC_E3_83_B3_E5_A7_AA_E6_B5_9C_list.html
%E3%83%91%E3%83%BC%E3%83%A9%E3%83%BC%E3%82%BE%E3%83%BC%E3%83%B3%E5%A7%AA%E6%B5%9C,パーラーゾーン姪浜,2025-05-08,木,https://min-repo.com/2346090/,2346090,,,,,4231,"▲L戦国乙女４　戦乱に閃く炯眼の軍師
▲スマスロ マギアレコード 魔法少女まどか☆マギカ外伝
▲スマスロ痛いのは嫌なので防御力に極振りしたいと思います。",2026-05-13T14:23:03,data/raw/2026-05-13/_E3_83_91_E3_83_BC_E3_83_A9_E3_83_BC_E3_82_BE_E3_83_BC_E3_83_B3_E5_A7_AA_E6_B5_9C_list.html
%E3%83%91%E3%83%BC%E3%83%A9%E3%83%BC%E3%82%BE%E3%83%BC%E3%83%B3%E5%A7%AA%E6%B5%9C,パーラーゾーン姪浜,2025-05-06,火,https://min-repo.com/2341726/,2341726,メリハリ設定,1の位が6の日。設定1でなければ6の可能性が高い想定。,87280,312,5485,"☆マイジャグラーV
◎L東京喰種
▲スマスロ スーパーブラックジャック
◯末尾8",2026-05-13T14:23:03,data/raw/2026-05-13/_E3_83_91_E3_83_BC_E3_83_A9_E3_83_BC_E3_82_BE_E3_83_BC_E3_83_B3_E5_A7_AA_E6_B5_9C_list.html
%E3%83%91%E3%83%BC%E3%83%A9%E3%83%BC%E3%82%BE%E3%83%BC%E3%83%B3%E5%A7%AA%E6%B5%9C,パーラーゾーン姪浜,2025-05-05,月,https://min-repo.com/2339556/,2339556,ジャグラー強め,1の位が5の日。比較的ジャグラー系が強い想定。,96900,346,5819,"◎スマスロモンキーターンV
◯ゴーゴージャグラー３
◯回胴黙示録カイジ 狂宴
▲スマスロ スーパーブラックジャック
▲スマスロ アイドルマスター ミリオンライブ！ネクストプロローグ",2026-05-13T14:23:03,data/raw/2026-05-13/_E3_83_91_E3_83_BC_E3_83_A9_E3_83_BC_E3_82_BE_E3_83_BC_E3_83_B3_E5_A7_AA_E6_B5_9C_list.html
%E3%83%91%E3%83%BC%E3%83%A9%E3%83%BC%E3%82%BE%E3%83%BC%E3%83%B3%E5%A7%AA%E6%B5%9C,パーラーゾーン姪浜,2025-05-04,日,https://min-repo.com/2337790/,2337790,,,2420,9,4289,"◎スマスロ シャーマンキング
▲Lゴジラ
▲Lパチスロ かぐや様は告らせたい
▲スマスロ バイオハザード5",2026-05-13T14:23:03,data/raw/2026-05-13/_E3_83_91_E3_83_BC_E3_83_A9_E3_83_BC_E3_82_BE_E3_83_BC_E3_83_B3_E5_A7_AA_E6_B5_9C_list.html
%E3%83%91%E3%83%BC%E3%83%A9%E3%83%BC%E3%82%BE%E3%83%BC%E3%83%B3%E5%A7%AA%E6%B5%9C,パーラーゾーン姪浜,2025-05-03,土,https://min-repo.com/2335455/,2335455,末尾系イベント,1の位が3の日。末尾の台番号に当たりがある想定。,47490,170,5706,"◯スマスロ マギアレコード 魔法少女まどか☆マギカ外伝
▲Lスーパービンゴネオ
▲Lゴジラ
▲L ToLOVEるダークネス
◎末尾9",2026-05-13T14:23:03,data/raw/2026-05-13/_E3_83_91_E3_83_BC_E3_83_A9_E3_83_BC_E3_82_BE_E3_83_BC_E3_83_B3_E5_A7_AA_E6_B5_9C_list.html
%E3%83%91%E3%83%BC%E3%83%A9%E3%83%BC%E3%82%BE%E3%83%BC%E3%83%B3%E5%A7%AA%E6%B5%9C,パーラーゾーン姪浜,2025-05-02,金,https://min-repo.com/2333825/,2333825,,,,,5244,"◯スマスロ アイドルマスター ミリオンライブ！ネクストプロローグ
▲Lスーパービンゴネオ",2026-05-13T14:23:03,data/raw/2026-05-13/_E3_83_91_E3_83_BC_E3_83_A9_E3_83_BC_E3_82_BE_E3_83_BC_E3_83_B3_E5_A7_AA_E6_B5_9C_list.html
%E3%83%91%E3%83%BC%E3%83%A9%E3%83%BC%E3%82%BE%E3%83%BC%E3%83%B3%E5%A7%AA%E6%B5%9C,パーラーゾーン姪浜,2025-05-01,木,https://min-repo.com/2331837/,2331837,,,64190,229,5010,"☆スマスロ聖戦士ダンバイン
☆スマスロ痛いのは嫌なので防御力に極振りしたいと思います。
☆回胴黙示録カイジ 狂宴
▲Lパチスロからくりサーカス
▲Lスマスロ北斗の拳
◯末尾1",2026-05-13T14:23:03,data/raw/2026-05-13/_E3_83_91_E3_83_BC_E3_83_A9_E3_83_BC_E3_82_BE_E3_83_BC_E3_83_B3_E5_A7_AA_E6_B5_9C_list.html
%E3%83%91%E3%83%BC%E3%83%A9%E3%83%BC%E3%82%BE%E3%83%BC%E3%83%B3%E5%A7%AA%E6%B5%9C,パーラーゾーン姪浜,2025-04-30,水,https://min-repo.com/2330556/,2330556,,,94470,337,4939,"◎スマスロモンキーターンV
◯Lスマスロ北斗の拳
◯スマスロ痛いのは嫌なので防御力に極振りしたいと思います。
◯ゴーゴージャグラー３
▲スマスロ アイドルマスター ミリオンライブ！ネクストプロローグ
▲スマスロ モンスターハンターライズ",2026-05-13T14:23:03,data/raw/2026-05-13/_E3_83_91_E3_83_BC_E3_83_A9_E3_83_BC_E3_82_BE_E3_83_BC_E3_83_B3_E5_A7_AA_E6_B5_9C_list.html
%E3%83%91%E3%83%BC%E3%83%A9%E3%83%BC%E3%82%BE%E3%83%BC%E3%83%B3%E5%A7%AA%E6%B5%9C,パーラーゾーン姪浜,2025-04-29,火,https://min-repo.com/2327131/,2327131,並び・全台系イベント,1の位が9の日。設定が並び、全台系、かたまり系で入る想定。,11220,40,5402,"☆スマスロ モンスターハンターライズ
◯スマスロ バイオハザード5
▲スマスロモンキーターンV
▲スマスロ ゴッドイーター リザレクション
▲スマスロ聖戦士ダンバイン
▲Lゴジラ対エヴァンゲリオン",2026-05-13T14:23:03,data/raw/2026-05-13/_E3_83_91_E3_83_BC_E3_83_A9_E3_83_BC_E3_82_BE_E3_83_BC_E3_83_B3_E5_A7_AA_E6_B5_9C_list.html
%E3%83%91%E3%83%BC%E3%83%A9%E3%83%BC%E3%82%BE%E3%83%BC%E3%83%B3%E5%A7%AA%E6%B5%9C,パーラーゾーン姪浜,2025-04-28,月,https://min-repo.com/2325375/,2325375,,,104370,373,4481,"☆L戦国乙女４　戦乱に閃く炯眼の軍師
◎Lスマスロ北斗の拳
◯パチスロ　甲鉄城のカバネリ
▲スマスロ バイオハザード5
▲スマスロ スーパーブラックジャック
▲スマスロ聖戦士ダンバイン
▲スマスロモンキーターンV
▲Lパチスロからくりサーカス",2026-05-13T14:23:03,data/raw/2026-05-13/_E3_83_91_E3_83_BC_E3_83_A9_E3_83_BC_E3_82_BE_E3_83_BC_E3_83_B3_E5_A7_AA_E6_B5_9C_list.html
%E3%83%91%E3%83%BC%E3%83%A9%E3%83%BC%E3%82%BE%E3%83%BC%E3%83%B3%E5%A7%AA%E6%B5%9C,パーラーゾーン姪浜,2025-04-27,日,https://min-repo.com/2323241/,2323241,,,81450,291,5121,"◎Lパチスロ かぐや様は告らせたい
◯スマスロ マギアレコード 魔法少女まどか☆マギカ外伝
▲L南国育ち
▲L戦国乙女４　戦乱に閃く炯眼の軍師
◯末尾7",2026-05-13T14:23:03,data/raw/2026-05-13/_E3_83_91_E3_83_BC_E3_83_A9_E3_83_BC_E3_82_BE_E3_83_BC_E3_83_B3_E5_A7_AA_E6_B5_9C_list.html
%E3%83%91%E3%83%BC%E3%83%A9%E3%83%BC%E3%82%BE%E3%83%BC%E3%83%B3%E5%A7%AA%E6%B5%9C,パーラーゾーン姪浜,2025-04-26,土,https://min-repo.com/2320745/,2320745,メリハリ設定,1の位が6の日。設定1でなければ6の可能性が高い想定。,23680,85,6189,"☆L戦国乙女４　戦乱に閃く炯眼の軍師
◎沖ドキ！ＧＯＬＤ
◯パチスロ　ケロット４
◯スマスロ聖戦士ダンバイン
▲回胴黙示録カイジ 狂宴
▲Lゴジラ対エヴァンゲリオン
▲スマスロ シャーマンキング
◯末尾6",2026-05-13T14:23:03,data/raw/2026-05-13/_E3_83_91_E3_83_BC_E3_83_A9_E3_83_BC_E3_82_BE_E3_83_BC_E3_83_B3_E5_A7_AA_E6_B5_9C_list.html
%E3%83%91%E3%83%BC%E3%83%A9%E3%83%BC%E3%82%BE%E3%83%BC%E3%83%B3%E5%A7%AA%E6%B5%9C,パーラーゾーン姪浜,2025-04-25,金,https://min-repo.com/2318843/,2318843,ジャグラー強め,1の位が5の日。比較的ジャグラー系が強い想定。,127660,456,4849,"☆スマスロモンキーターンV
◯沖ドキ！ＧＯＬＤ
▲スマスロ スーパーブラックジャック
▲Lゴジラ
▲L ToLOVEるダークネス
◎末尾5",2026-05-13T14:23:03,data/raw/2026-05-13/_E3_83_91_E3_83_BC_E3_83_A9_E3_83_BC_E3_82_BE_E3_83_BC_E3_83_B3_E5_A7_AA_E6_B5_9C_list.html
%E3%83%91%E3%83%BC%E3%83%A9%E3%83%BC%E3%82%BE%E3%83%BC%E3%83%B3%E5%A7%AA%E6%B5%9C,パーラーゾーン姪浜,2025-04-24,木,https://min-repo.com/2316897/,2316897,,,60710,217,6561,"◎スマスロ モンスターハンターライズ
▲L戦国乙女４　戦乱に閃く炯眼の軍師
▲L ToLOVEるダークネス
◎末尾4",2026-05-13T14:23:03,data/raw/2026-05-13/_E3_83_91_E3_83_BC_E3_83_A9_E3_83_BC_E3_82_BE_E3_83_BC_E3_83_B3_E5_A7_AA_E6_B5_9C_list.html
%E3%83%91%E3%83%BC%E3%83%A9%E3%83%BC%E3%82%BE%E3%83%BC%E3%83%B3%E5%A7%AA%E6%B5%9C,パーラーゾーン姪浜,2025-04-20,日,https://min-repo.com/2309271/,2309271,,,28010,159,3408,"☆スマスロ バイオハザード5
☆パチスロ　ケロット４",2026-05-13T14:23:03,data/raw/2026-05-13/_E3_83_91_E3_83_BC_E3_83_A9_E3_83_BC_E3_82_BE_E3_83_BC_E3_83_B3_E5_A7_AA_E6_B5_9C_list.html
%E3%83%91%E3%83%BC%E3%83%A9%E3%83%BC%E3%82%BE%E3%83%BC%E3%83%B3%E5%A7%AA%E6%B5%9C,パーラーゾーン姪浜,2025-04-19,土,https://min-repo.com/2306623/,2306623,並び・全台系イベント,1の位が9の日。設定が並び、全台系、かたまり系で入る想定。,9590,54,6792,▲回胴黙示録カイジ 狂宴,2026-05-13T14:23:03,data/raw/2026-05-13/_E3_83_91_E3_83_BC_E3_83_A9_E3_83_BC_E3_82_BE_E3_83_BC_E3_83_B3_E5_A7_AA_E6_B5_9C_list.html
%E3%83%91%E3%83%BC%E3%83%A9%E3%83%BC%E3%82%BE%E3%83%BC%E3%83%B3%E5%A7%AA%E6%B5%9C,パーラーゾーン姪浜,2025-04-18,金,https://min-repo.com/2305413/,2305413,,,,,4165,,2026-05-13T14:23:03,data/raw/2026-05-13/_E3_83_91_E3_83_BC_E3_83_A9_E3_83_BC_E3_82_BE_E3_83_BC_E3_83_B3_E5_A7_AA_E6_B5_9C_list.html
%E3%83%91%E3%83%BC%E3%83%A9%E3%83%BC%E3%82%BE%E3%83%BC%E3%83%B3%E5%A7%AA%E6%B5%9C,パーラーゾーン姪浜,2025-04-17,木,https://min-repo.com/2303097/,2303097,,,6260,36,3805,◯末尾8,2026-05-13T14:23:03,data/raw/2026-05-13/_E3_83_91_E3_83_BC_E3_83_A9_E3_83_BC_E3_82_BE_E3_83_BC_E3_83_B3_E5_A7_AA_E6_B5_9C_list.html
%E3%83%91%E3%83%BC%E3%83%A9%E3%83%BC%E3%82%BE%E3%83%BC%E3%83%B3%E5%A7%AA%E6%B5%9C,パーラーゾーン姪浜,2025-04-16,水,https://min-repo.com/2300341/,2300341,メリハリ設定,1の位が6の日。設定1でなければ6の可能性が高い想定。,11320,64,4866,"▲スマスロ ゴッドイーター リザレクション
▲スマスロ マギアレコード 魔法少女まどか☆マギカ外伝
▲スマスロ シャーマンキング",2026-05-13T14:23:03,data/raw/2026-05-13/_E3_83_91_E3_83_BC_E3_83_A9_E3_83_BC_E3_82_BE_E3_83_BC_E3_83_B3_E5_A7_AA_E6_B5_9C_list.html
%E3%83%91%E3%83%BC%E3%83%A9%E3%83%BC%E3%82%BE%E3%83%BC%E3%83%B3%E5%A7%AA%E6%B5%9C,パーラーゾーン姪浜,2025-04-15,火,https://min-repo.com/2298909/,2298909,ジャグラー強め,1の位が5の日。比較的ジャグラー系が強い想定。,24940,142,4538,"☆スマスロ バイオハザード5
◯ファンキージャグラー２ＫＴ",2026-05-13T14:23:03,data/raw/2026-05-13/_E3_83_91_E3_83_BC_E3_83_A9_E3_83_BC_E3_82_BE_E3_83_BC_E3_83_B3_E5_A7_AA_E6_B5_9C_list.html
%E3%83%91%E3%83%BC%E3%83%A9%E3%83%BC%E3%82%BE%E3%83%BC%E3%83%B3%E5%A7%AA%E6%B5%9C,パーラーゾーン姪浜,2025-04-14,月,https://min-repo.com/2296456/,2296456,,,33170,188,3353,"▲スマスロ バイオハザード5
▲Lゴジラ
▲末尾3",2026-05-13T14:23:03,data/raw/2026-05-13/_E3_83_91_E3_83_BC_E3_83_A9_E3_83_BC_E3_82_BE_E3_83_BC_E3_83_B3_E5_A7_AA_E6_B5_9C_list.html
%E3%83%91%E3%83%BC%E3%83%A9%E3%83%BC%E3%82%BE%E3%83%BC%E3%83%B3%E5%A7%AA%E6%B5%9C,パーラーゾーン姪浜,2025-04-13,日,https://min-repo.com/2294109/,2294109,末尾系イベント,1の位が3の日。末尾の台番号に当たりがある想定。,61560,350,5854,"☆スマスロ バイオハザード5
☆Lゴジラ
◯マイジャグラーV
◯沖ドキ！ＧＯＬＤ
◎末尾0
◎末尾8",2026-05-13T14:23:03,data/raw/2026-05-13/_E3_83_91_E3_83_BC_E3_83_A9_E3_83_BC_E3_82_BE_E3_83_BC_E3_83_B3_E5_A7_AA_E6_B5_9C_list.html
%E3%83%91%E3%83%BC%E3%83%A9%E3%83%BC%E3%82%BE%E3%83%BC%E3%83%B3%E5%A7%AA%E6%B5%9C,パーラーゾーン姪浜,2025-04-12,土,https://min-repo.com/2292066/,2292066,,,,,5626,"▲スマスロ スーパーブラックジャック
▲スマスロ バイオハザード5
▲スマスロ シャーマンキング
◯末尾5",2026-05-13T14:23:03,data/raw/2026-05-13/_E3_83_91_E3_83_BC_E3_83_A9_E3_83_BC_E3_82_BE_E3_83_BC_E3_83_B3_E5_A7_AA_E6_B5_9C_list.html
%E3%83%91%E3%83%BC%E3%83%A9%E3%83%BC%E3%82%BE%E3%83%BC%E3%83%B3%E5%A7%AA%E6%B5%9C,パーラーゾーン姪浜,2025-04-11,金,https://min-repo.com/2290070/,2290070,,,3180,18,4572,"◯スマスロ マギアレコード 魔法少女まどか☆マギカ外伝
▲スマスロ シャーマンキング
▲スマスロ スーパーブラックジャック",2026-05-13T14:23:03,data/raw/2026-05-13/_E3_83_91_E3_83_BC_E3_83_A9_E3_83_BC_E3_82_BE_E3_83_BC_E3_83_B3_E5_A7_AA_E6_B5_9C_list.html
%E3%83%91%E3%83%BC%E3%83%A9%E3%83%BC%E3%82%BE%E3%83%BC%E3%83%B3%E5%A7%AA%E6%B5%9C,パーラーゾーン姪浜,2025-04-10,木,https://min-repo.com/2288549/,2288549,,,,,4261,"▲スマスロ スーパーブラックジャック
▲スマスロ モンスターハンターライズ",2026-05-13T14:23:03,data/raw/2026-05-13/_E3_83_91_E3_83_BC_E3_83_A9_E3_83_BC_E3_82_BE_E3_83_BC_E3_83_B3_E5_A7_AA_E6_B5_9C_list.html
%E3%83%91%E3%83%BC%E3%83%A9%E3%83%BC%E3%82%BE%E3%83%BC%E3%83%B3%E5%A7%AA%E6%B5%9C,パーラーゾーン姪浜,2025-04-09,水,https://min-repo.com/2285983/,2285983,並び・全台系イベント,1の位が9の日。設定が並び、全台系、かたまり系で入る想定。,21730,123,5773,"☆回胴黙示録カイジ 狂宴
◎スマスロ モンスターハンターライズ
▲スマスロ シャーマンキング",2026-05-13T14:23:03,data/raw/2026-05-13/_E3_83_91_E3_83_BC_E3_83_A9_E3_83_BC_E3_82_BE_E3_83_BC_E3_83_B3_E5_A7_AA_E6_B5_9C_list.html
%E3%83%91%E3%83%BC%E3%83%A9%E3%83%BC%E3%82%BE%E3%83%BC%E3%83%B3%E5%A7%AA%E6%B5%9C,パーラーゾーン姪浜,2025-04-08,火,https://min-repo.com/2284371/,2284371,,,30940,176,4417,"◯スマスロ バイオハザード5
◯スマスロ マギアレコード 魔法少女まどか☆マギカ外伝
▲回胴黙示録カイジ 狂宴
▲Lゴジラ
▲Lパチスロからくりサーカス",2026-05-13T14:23:03,data/raw/2026-05-13/_E3_83_91_E3_83_BC_E3_83_A9_E3_83_BC_E3_82_BE_E3_83_BC_E3_83_B3_E5_A7_AA_E6_B5_9C_list.html
%E3%83%91%E3%83%BC%E3%83%A9%E3%83%BC%E3%82%BE%E3%83%BC%E3%83%B3%E5%A7%AA%E6%B5%9C,パーラーゾーン姪浜,2025-04-06,日,https://min-repo.com/2279981/,2279981,メリハリ設定,1の位が6の日。設定1でなければ6の可能性が高い想定。,56810,323,5868,"◎Lスーパービンゴネオ
◯スマスロ シャーマンキング
▲スマスロ ゴッドイーター リザレクション
▲回胴黙示録カイジ 狂宴
▲Lパチスロ ダンベル何キロ持てる？
◯末尾2",2026-05-13T14:23:03,data/raw/2026-05-13/_E3_83_91_E3_83_BC_E3_83_A9_E3_83_BC_E3_82_BE_E3_83_BC_E3_83_B3_E5_A7_AA_E6_B5_9C_list.html
%E3%83%91%E3%83%BC%E3%83%A9%E3%83%BC%E3%82%BE%E3%83%BC%E3%83%B3%E5%A7%AA%E6%B5%9C,パーラーゾーン姪浜,2025-04-05,土,https://min-repo.com/2277867/,2277867,ジャグラー強め,1の位が5の日。比較的ジャグラー系が強い想定。,16820,96,6082,"◯SアイムジャグラーＥＸ
▲スマスロ バイオハザード5
◯末尾ゾロ目",2026-05-13T14:23:03,data/raw/2026-05-13/_E3_83_91_E3_83_BC_E3_83_A9_E3_83_BC_E3_82_BE_E3_83_BC_E3_83_B3_E5_A7_AA_E6_B5_9C_list.html
%E3%83%91%E3%83%BC%E3%83%A9%E3%83%BC%E3%82%BE%E3%83%BC%E3%83%B3%E5%A7%AA%E6%B5%9C,パーラーゾーン姪浜,2025-04-04,金,https://min-repo.com/2275812/,2275812,,,94080,535,5951,"☆ウルトラミラクルジャグラー
◯沖ドキ！ＧＯＬＤ
▲Lパチスロ革命機ヴァルヴレイヴ",2026-05-13T14:23:03,data/raw/2026-05-13/_E3_83_91_E3_83_BC_E3_83_A9_E3_83_BC_E3_82_BE_E3_83_BC_E3_83_B3_E5_A7_AA_E6_B5_9C_list.html
%E3%83%91%E3%83%BC%E3%83%A9%E3%83%BC%E3%82%BE%E3%83%BC%E3%83%B3%E5%A7%AA%E6%B5%9C,パーラーゾーン姪浜,2025-04-03,木,https://min-repo.com/2273741/,2273741,末尾系イベント,1の位が3の日。末尾の台番号に当たりがある想定。,64040,364,4707,"☆スマスロ モンスターハンターライズ
☆スマスロ バイオハザード5
◯パチスロ　甲鉄城のカバネリ
▲スマスロモンキーターンV
▲スマスロ シャーマンキング
◯末尾8",2026-05-13T14:23:03,data/raw/2026-05-13/_E3_83_91_E3_83_BC_E3_83_A9_E3_83_BC_E3_82_BE_E3_83_BC_E3_83_B3_E5_A7_AA_E6_B5_9C_list.html
%E3%83%91%E3%83%BC%E3%83%A9%E3%83%BC%E3%82%BE%E3%83%BC%E3%83%B3%E5%A7%AA%E6%B5%9C,パーラーゾーン姪浜,2025-04-02,水,https://min-repo.com/2272602/,2272602,,,,,4014,☆回胴黙示録カイジ 狂宴,2026-05-13T14:23:03,data/raw/2026-05-13/_E3_83_91_E3_83_BC_E3_83_A9_E3_83_BC_E3_82_BE_E3_83_BC_E3_83_B3_E5_A7_AA_E6_B5_9C_list.html
%E3%83%91%E3%83%BC%E3%83%A9%E3%83%BC%E3%82%BE%E3%83%BC%E3%83%B3%E5%A7%AA%E6%B5%9C,パーラーゾーン姪浜,2025-04-01,火,https://min-repo.com/2270276/,2270276,,,,,3306,"▲スマスロ バイオハザード5
▲Lパチスロからくりサーカス
▲末尾3",2026-05-13T14:23:03,data/raw/2026-05-13/_E3_83_91_E3_83_BC_E3_83_A9_E3_83_BC_E3_82_BE_E3_83_BC_E3_83_B3_E5_A7_AA_E6_B5_9C_list.html
%E3%83%91%E3%83%BC%E3%83%A9%E3%83%BC%E3%82%BE%E3%83%BC%E3%83%B3%E5%A7%AA%E6%B5%9C,パーラーゾーン姪浜,2025-03-31,月,https://min-repo.com/2268070/,2268070,,,26170,149,4620,"☆スマスロ ゴッドイーター リザレクション
◯スマスロ スーパーブラックジャック
▲スマスロモンキーターンV",2026-05-13T14:23:03,data/raw/2026-05-13/_E3_83_91_E3_83_BC_E3_83_A9_E3_83_BC_E3_82_BE_E3_83_BC_E3_83_B3_E5_A7_AA_E6_B5_9C_list.html
%E3%83%91%E3%83%BC%E3%83%A9%E3%83%BC%E3%82%BE%E3%83%BC%E3%83%B3%E5%A7%AA%E6%B5%9C,パーラーゾーン姪浜,2025-03-30,日,https://min-repo.com/2265859/,2265859,,,11230,64,5180,▲スマスロモンキーターンV,2026-05-13T14:23:03,data/raw/2026-05-13/_E3_83_91_E3_83_BC_E3_83_A9_E3_83_BC_E3_82_BE_E3_83_BC_E3_83_B3_E5_A7_AA_E6_B5_9C_list.html
%E3%83%91%E3%83%BC%E3%83%A9%E3%83%BC%E3%82%BE%E3%83%BC%E3%83%B3%E5%A7%AA%E6%B5%9C,パーラーゾーン姪浜,2025-03-29,土,https://min-repo.com/2263387/,2263387,並び・全台系イベント,1の位が9の日。設定が並び、全台系、かたまり系で入る想定。,33830,192,6736,"☆パチスロ　ケロット４
◎スマスロ モンスターハンターライズ
▲Lスーパービンゴネオ
▲スマスロ スーパーブラックジャック",2026-05-13T14:23:03,data/raw/2026-05-13/_E3_83_91_E3_83_BC_E3_83_A9_E3_83_BC_E3_82_BE_E3_83_BC_E3_83_B3_E5_A7_AA_E6_B5_9C_list.html
%E3%83%91%E3%83%BC%E3%83%A9%E3%83%BC%E3%82%BE%E3%83%BC%E3%83%B3%E5%A7%AA%E6%B5%9C,パーラーゾーン姪浜,2025-03-28,金,https://min-repo.com/2262849/,2262849,,,,,4180,◯ウルトラミラクルジャグラー,2026-05-13T14:23:03,data/raw/2026-05-13/_E3_83_91_E3_83_BC_E3_83_A9_E3_83_BC_E3_82_BE_E3_83_BC_E3_83_B3_E5_A7_AA_E6_B5_9C_list.html
%E3%83%91%E3%83%BC%E3%83%A9%E3%83%BC%E3%82%BE%E3%83%BC%E3%83%B3%E5%A7%AA%E6%B5%9C,パーラーゾーン姪浜,2025-03-27,木,https://min-repo.com/2259951/,2259951,,,,,4031,◯回胴黙示録カイジ 狂宴,2026-05-13T14:23:03,data/raw/2026-05-13/_E3_83_91_E3_83_BC_E3_83_A9_E3_83_BC_E3_82_BE_E3_83_BC_E3_83_B3_E5_A7_AA_E6_B5_9C_list.html
%E3%83%91%E3%83%BC%E3%83%A9%E3%83%BC%E3%82%BE%E3%83%BC%E3%83%B3%E5%A7%AA%E6%B5%9C,パーラーゾーン姪浜,2025-03-26,水,https://min-repo.com/2257056/,2257056,メリハリ設定,1の位が6の日。設定1でなければ6の可能性が高い想定。,17040,97,5354,"◎L東京喰種
▲スマスロ バイオハザード5
▲スマスロモンキーターンV
▲回胴黙示録カイジ 狂宴
▲Lパチスロ ダンベル何キロ持てる？",2026-05-13T14:23:03,data/raw/2026-05-13/_E3_83_91_E3_83_BC_E3_83_A9_E3_83_BC_E3_82_BE_E3_83_BC_E3_83_B3_E5_A7_AA_E6_B5_9C_list.html
%E3%83%91%E3%83%BC%E3%83%A9%E3%83%BC%E3%82%BE%E3%83%BC%E3%83%B3%E5%A7%AA%E6%B5%9C,パーラーゾーン姪浜,2025-03-25,火,https://min-repo.com/2255328/,2255328,ジャグラー強め,1の位が5の日。比較的ジャグラー系が強い想定。,53540,304,4901,"☆スマスロ バイオハザード5
☆回胴黙示録カイジ 狂宴
◯マイジャグラーV
◯スマスロ スーパーブラックジャック",2026-05-13T14:23:03,data/raw/2026-05-13/_E3_83_91_E3_83_BC_E3_83_A9_E3_83_BC_E3_82_BE_E3_83_BC_E3_83_B3_E5_A7_AA_E6_B5_9C_list.html
%E3%83%91%E3%83%BC%E3%83%A9%E3%83%BC%E3%82%BE%E3%83%BC%E3%83%B3%E5%A7%AA%E6%B5%9C,パーラーゾーン姪浜,2025-03-24,月,https://min-repo.com/2253580/,2253580,,,9930,56,3480,▲スマスロ スーパーブラックジャック,2026-05-13T14:23:03,data/raw/2026-05-13/_E3_83_91_E3_83_BC_E3_83_A9_E3_83_BC_E3_82_BE_E3_83_BC_E3_83_B3_E5_A7_AA_E6_B5_9C_list.html
%E3%83%91%E3%83%BC%E3%83%A9%E3%83%BC%E3%82%BE%E3%83%BC%E3%83%B3%E5%A7%AA%E6%B5%9C,パーラーゾーン姪浜,2025-03-23,日,https://min-repo.com/2250825/,2250825,末尾系イベント,1の位が3の日。末尾の台番号に当たりがある想定。,,,5343,◯パチスロ　甲鉄城のカバネリ,2026-05-13T14:23:03,data/raw/2026-05-13/_E3_83_91_E3_83_BC_E3_83_A9_E3_83_BC_E3_82_BE_E3_83_BC_E3_83_B3_E5_A7_AA_E6_B5_9C_list.html
%E3%83%91%E3%83%BC%E3%83%A9%E3%83%BC%E3%82%BE%E3%83%BC%E3%83%B3%E5%A7%AA%E6%B5%9C,パーラーゾーン姪浜,2025-03-22,土,https://min-repo.com/2248788/,2248788,,,54240,308,6100,"☆回胴黙示録カイジ 狂宴
◎Lスマスロ北斗の拳
▲Lパチスロ ダンベル何キロ持てる？",2026-05-13T14:23:03,data/raw/2026-05-13/_E3_83_91_E3_83_BC_E3_83_A9_E3_83_BC_E3_82_BE_E3_83_BC_E3_83_B3_E5_A7_AA_E6_B5_9C_list.html
%E3%83%91%E3%83%BC%E3%83%A9%E3%83%BC%E3%82%BE%E3%83%BC%E3%83%B3%E5%A7%AA%E6%B5%9C,パーラーゾーン姪浜,2025-03-21,金,https://min-repo.com/2247700/,2247700,,,,,5469,"◎スマスロ モンスターハンターライズ
▲Lパチスロ ダンベル何キロ持てる？",2026-05-13T14:23:03,data/raw/2026-05-13/_E3_83_91_E3_83_BC_E3_83_A9_E3_83_BC_E3_82_BE_E3_83_BC_E3_83_B3_E5_A7_AA_E6_B5_9C_list.html
%E3%83%91%E3%83%BC%E3%83%A9%E3%83%BC%E3%82%BE%E3%83%BC%E3%83%B3%E5%A7%AA%E6%B5%9C,パーラーゾーン姪浜,2025-03-20,木,https://min-repo.com/2245425/,2245425,,,2910,17,5844,"◯スマスロ スーパーブラックジャック
▲Lスーパービンゴネオ
▲Lパチスロからくりサーカス",2026-05-13T14:23:03,data/raw/2026-05-13/_E3_83_91_E3_83_BC_E3_83_A9_E3_83_BC_E3_82_BE_E3_83_BC_E3_83_B3_E5_A7_AA_E6_B5_9C_list.html
%E3%83%91%E3%83%BC%E3%83%A9%E3%83%BC%E3%82%BE%E3%83%BC%E3%83%B3%E5%A7%AA%E6%B5%9C,パーラーゾーン姪浜,2025-03-19,水,https://min-repo.com/2242625/,2242625,並び・全台系イベント,1の位が9の日。設定が並び、全台系、かたまり系で入る想定。,8730,50,4889,"◯ハッピージャグラーＶＩＩＩ
▲Lパチスロ ダンベル何キロ持てる？",2026-05-13T14:23:03,data/raw/2026-05-13/_E3_83_91_E3_83_BC_E3_83_A9_E3_83_BC_E3_82_BE_E3_83_BC_E3_83_B3_E5_A7_AA_E6_B5_9C_list.html
%E3%83%91%E3%83%BC%E3%83%A9%E3%83%BC%E3%82%BE%E3%83%BC%E3%83%B3%E5%A7%AA%E6%B5%9C,パーラーゾーン姪浜,2025-03-18,火,https://min-repo.com/2240994/,2240994,,,,,3783,▲Lパチスロ革命機ヴァルヴレイヴ,2026-05-13T14:23:03,data/raw/2026-05-13/_E3_83_91_E3_83_BC_E3_83_A9_E3_83_BC_E3_82_BE_E3_83_BC_E3_83_B3_E5_A7_AA_E6_B5_9C_list.html
%E3%83%91%E3%83%BC%E3%83%A9%E3%83%BC%E3%82%BE%E3%83%BC%E3%83%B3%E5%A7%AA%E6%B5%9C,パーラーゾーン姪浜,2025-03-16,日,https://min-repo.com/2236472/,2236472,メリハリ設定,1の位が6の日。設定1でなければ6の可能性が高い想定。,58420,332,5623,"◯回胴黙示録カイジ 狂宴
▲スマスロ ゴッドイーター リザレクション
▲L東京喰種
▲スマスロモンキーターンV
▲Lスーパービンゴネオ",2026-05-13T14:23:03,data/raw/2026-05-13/_E3_83_91_E3_83_BC_E3_83_A9_E3_83_BC_E3_82_BE_E3_83_BC_E3_83_B3_E5_A7_AA_E6_B5_9C_list.html
%E3%83%91%E3%83%BC%E3%83%A9%E3%83%BC%E3%82%BE%E3%83%BC%E3%83%B3%E5%A7%AA%E6%B5%9C,パーラーゾーン姪浜,2025-03-15,土,https://min-repo.com/2234381/,2234381,ジャグラー強め,1の位が5の日。比較的ジャグラー系が強い想定。,49630,282,6423,"◎スマスロ モンスターハンターライズ
◎沖ドキ！ＧＯＬＤ
▲回胴黙示録カイジ 狂宴
▲スマスロ ゴッドイーター リザレクション
▲Lパチスロ ダンベル何キロ持てる？",2026-05-13T14:23:03,data/raw/2026-05-13/_E3_83_91_E3_83_BC_E3_83_A9_E3_83_BC_E3_82_BE_E3_83_BC_E3_83_B3_E5_A7_AA_E6_B5_9C_list.html
%E3%82%A2%E3%82%A6%E3%83%88%E3%83%90%E3%83%BC%E3%83%B3%E3%83%96%E3%83%AA%E3%83%83%E3%83%84,アウトバーンブリッツ,2026-05-12,火,https://min-repo.com/3098436/,3098436,,,-17122,-50,1294,,2026-05-13T14:25:37,data/raw/2026-05-13/_E3_82_A2_E3_82_A6_E3_83_88_E3_83_90_E3_83_BC_E3_83_B3_E3_83_96_E3_83_AA_E3_83_83_E3_83_84_list.html
%E3%82%A2%E3%82%A6%E3%83%88%E3%83%90%E3%83%BC%E3%83%B3%E3%83%96%E3%83%AA%E3%83%83%E3%83%84,アウトバーンブリッツ,2026-05-11,月,https://min-repo.com/3096661/,3096661,,,,,2068,,2026-05-13T14:23:03,data/raw/2026-05-13/_E3_82_A2_E3_82_A6_E3_83_88_E3_83_90_E3_83_BC_E3_83_B3_E3_83_96_E3_83_AA_E3_83_83_E3_83_84_list.html
%E3%82%A2%E3%82%A6%E3%83%88%E3%83%90%E3%83%BC%E3%83%B3%E3%83%96%E3%83%AA%E3%83%83%E3%83%84,アウトバーンブリッツ,2026-05-10,日,https://min-repo.com/3095549/,3095549,,,,,2057,▲スマスロ ゴッドイーター リザレクション,2026-05-13T14:23:03,data/raw/2026-05-13/_E3_82_A2_E3_82_A6_E3_83_88_E3_83_90_E3_83_BC_E3_83_B3_E3_83_96_E3_83_AA_E3_83_83_E3_83_84_list.html
%E3%82%A2%E3%82%A6%E3%83%88%E3%83%90%E3%83%BC%E3%83%B3%E3%83%96%E3%83%AA%E3%83%83%E3%83%84,アウトバーンブリッツ,2026-05-09,土,https://min-repo.com/3091965/,3091965,,,,,2395,,2026-05-13T14:23:03,data/raw/2026-05-13/_E3_82_A2_E3_82_A6_E3_83_88_E3_83_90_E3_83_BC_E3_83_B3_E3_83_96_E3_83_AA_E3_83_83_E3_83_84_list.html
%E3%82%A2%E3%82%A6%E3%83%88%E3%83%90%E3%83%BC%E3%83%B3%E3%83%96%E3%83%AA%E3%83%83%E3%83%84,アウトバーンブリッツ,2026-05-08,金,https://min-repo.com/3089795/,3089795,満遍なく設定,1の位が8の日。各機種に満遍なく設定が入る想定。,-14197,-42,2826,▲スマスロ 攻殻機動隊,2026-05-13T14:32:10,data/raw/2026-05-13/_E3_82_A2_E3_82_A6_E3_83_88_E3_83_90_E3_83_BC_E3_83_B3_E3_83_96_E3_83_AA_E3_83_83_E3_83_84_list.html
%E3%82%A2%E3%82%A6%E3%83%88%E3%83%90%E3%83%BC%E3%83%B3%E3%83%96%E3%83%AA%E3%83%83%E3%83%84,アウトバーンブリッツ,2026-05-07,木,https://min-repo.com/3088736/,3088736,,,5798,17,1432,☆スマスロ ミリオンゴッド-神々の軌跡-,2026-05-13T14:23:03,data/raw/2026-05-13/_E3_82_A2_E3_82_A6_E3_83_88_E3_83_90_E3_83_BC_E3_83_B3_E3_83_96_E3_83_AA_E3_83_83_E3_83_84_list.html
%E3%82%A2%E3%82%A6%E3%83%88%E3%83%90%E3%83%BC%E3%83%B3%E3%83%96%E3%83%AA%E3%83%83%E3%83%84,アウトバーンブリッツ,2026-05-06,水,https://min-repo.com/3086121/,3086121,,,,,2093,,2026-05-13T14:23:03,data/raw/2026-05-13/_E3_82_A2_E3_82_A6_E3_83_88_E3_83_90_E3_83_BC_E3_83_B3_E3_83_96_E3_83_AA_E3_83_83_E3_83_84_list.html
%E3%82%A2%E3%82%A6%E3%83%88%E3%83%90%E3%83%BC%E3%83%B3%E3%83%96%E3%83%AA%E3%83%83%E3%83%84,アウトバーンブリッツ,2026-05-05,火,https://min-repo.com/3083583/,3083583,,,,,3970,"☆L戦国乙女４　戦乱に閃く炯眼の軍師
☆スマスロ痛いのは嫌なので防御力に極振りしたいと思います。
◯スマスロ ギルティクラウン2
▲スマスロ ミリオンゴッド-神々の軌跡-
▲スマスロ新鬼武者3",2026-05-13T14:23:03,data/raw/2026-05-13/_E3_82_A2_E3_82_A6_E3_83_88_E3_83_90_E3_83_BC_E3_83_B3_E3_83_96_E3_83_AA_E3_83_83_E3_83_84_list.html
%E3%82%A2%E3%82%A6%E3%83%88%E3%83%90%E3%83%BC%E3%83%B3%E3%83%96%E3%83%AA%E3%83%83%E3%83%84,アウトバーンブリッツ,2026-05-04,月,https://min-repo.com/3081557/,3081557,満遍なく設定,1の位が4の日。各機種に満遍なく設定が入る想定。,19260,56,3173,"☆スマスロバジリスク～甲賀忍法帖～絆2 天膳 BLACK EDITION
▲スマスロ新鬼武者3
▲Lパチスロ 機動戦士ガンダムユニコーン 覚醒DRIVE",2026-05-13T14:32:10,data/raw/2026-05-13/_E3_82_A2_E3_82_A6_E3_83_88_E3_83_90_E3_83_BC_E3_83_B3_E3_83_96_E3_83_AA_E3_83_83_E3_83_84_list.html
%E3%82%A2%E3%82%A6%E3%83%88%E3%83%90%E3%83%BC%E3%83%B3%E3%83%96%E3%83%AA%E3%83%83%E3%83%84,アウトバーンブリッツ,2026-05-03,日,https://min-repo.com/3081105/,3081105,,,,,2039,,2026-05-13T14:23:03,data/raw/2026-05-13/_E3_82_A2_E3_82_A6_E3_83_88_E3_83_90_E3_83_BC_E3_83_B3_E3_83_96_E3_83_AA_E3_83_83_E3_83_84_list.html
%E3%82%A2%E3%82%A6%E3%83%88%E3%83%90%E3%83%BC%E3%83%B3%E3%83%96%E3%83%AA%E3%83%83%E3%83%84,アウトバーンブリッツ,2026-05-02,土,https://min-repo.com/3078648/,3078648,,,20735,61,2360,"▲Lパチスロ かぐや様は告らせたい
▲L東京喰種",2026-05-13T14:23:03,data/raw/2026-05-13/_E3_82_A2_E3_82_A6_E3_83_88_E3_83_90_E3_83_BC_E3_83_B3_E3_83_96_E3_83_AA_E3_83_83_E3_83_84_list.html
%E3%82%A2%E3%82%A6%E3%83%88%E3%83%90%E3%83%BC%E3%83%B3%E3%83%96%E3%83%AA%E3%83%83%E3%83%84,アウトバーンブリッツ,2026-05-01,金,https://min-repo.com/3077094/,3077094,,,,,2141,,2026-05-13T14:23:03,data/raw/2026-05-13/_E3_82_A2_E3_82_A6_E3_83_88_E3_83_90_E3_83_BC_E3_83_B3_E3_83_96_E3_83_AA_E3_83_83_E3_83_84_list.html
%E3%82%A2%E3%82%A6%E3%83%88%E3%83%90%E3%83%BC%E3%83%B3%E3%83%96%E3%83%AA%E3%83%83%E3%83%84,アウトバーンブリッツ,2026-04-30,木,https://min-repo.com/3074965/,3074965,,,,,1602,,2026-05-13T14:23:03,data/raw/2026-05-13/_E3_82_A2_E3_82_A6_E3_83_88_E3_83_90_E3_83_BC_E3_83_B3_E3_83_96_E3_83_AA_E3_83_83_E3_83_84_list.html
%E3%82%A2%E3%82%A6%E3%83%88%E3%83%90%E3%83%BC%E3%83%B3%E3%83%96%E3%83%AA%E3%83%83%E3%83%84,アウトバーンブリッツ,2026-04-29,水,https://min-repo.com/3071752/,3071752,,,,,1897,▲L主役は銭形5,2026-05-13T14:23:03,data/raw/2026-05-13/_E3_82_A2_E3_82_A6_E3_83_88_E3_83_90_E3_83_BC_E3_83_B3_E3_83_96_E3_83_AA_E3_83_83_E3_83_84_list.html
%E3%82%A2%E3%82%A6%E3%83%88%E3%83%90%E3%83%BC%E3%83%B3%E3%83%96%E3%83%AA%E3%83%83%E3%83%84,アウトバーンブリッツ,2026-04-28,火,https://min-repo.com/3069202/,3069202,満遍なく設定,1の位が8の日。各機種に満遍なく設定が入る想定。,64099,187,2500,"☆スマスロ モンスターハンターライズ
◯スマート沖スロ ドラゴンハナハナ～閃光～
▲Lパチスロ炎炎ノ消防隊
▲L東京喰種
▲スマスロ新鬼武者3",2026-05-13T14:32:10,data/raw/2026-05-13/_E3_82_A2_E3_82_A6_E3_83_88_E3_83_90_E3_83_BC_E3_83_B3_E3_83_96_E3_83_AA_E3_83_83_E3_83_84_list.html
%E3%82%A2%E3%82%A6%E3%83%88%E3%83%90%E3%83%BC%E3%83%B3%E3%83%96%E3%83%AA%E3%83%83%E3%83%84,アウトバーンブリッツ,2026-04-27,月,https://min-repo.com/3067470/,3067470,,,13702,40,1562,"◯スマート沖スロ スターハナハナ
◯スマスロ ミリオンゴッド-神々の軌跡-
▲L東京喰種",2026-05-13T14:23:03,data/raw/2026-05-13/_E3_82_A2_E3_82_A6_E3_83_88_E3_83_90_E3_83_BC_E3_83_B3_E3_83_96_E3_83_AA_E3_83_83_E3_83_84_list.html
%E3%82%A2%E3%82%A6%E3%83%88%E3%83%90%E3%83%BC%E3%83%B3%E3%83%96%E3%83%AA%E3%83%83%E3%83%84,アウトバーンブリッツ,2026-04-26,日,https://min-repo.com/3065215/,3065215,,,,,2246,▲Lパチスロ かぐや様は告らせたい,2026-05-13T14:23:03,data/raw/2026-05-13/_E3_82_A2_E3_82_A6_E3_83_88_E3_83_90_E3_83_BC_E3_83_B3_E3_83_96_E3_83_AA_E3_83_83_E3_83_84_list.html
%E3%82%A2%E3%82%A6%E3%83%88%E3%83%90%E3%83%BC%E3%83%B3%E3%83%96%E3%83%AA%E3%83%83%E3%83%84,アウトバーンブリッツ,2026-04-25,土,https://min-repo.com/3063087/,3063087,,,,,2179,,2026-05-13T14:23:03,data/raw/2026-05-13/_E3_82_A2_E3_82_A6_E3_83_88_E3_83_90_E3_83_BC_E3_83_B3_E3_83_96_E3_83_AA_E3_83_83_E3_83_84_list.html
%E3%82%A2%E3%82%A6%E3%83%88%E3%83%90%E3%83%BC%E3%83%B3%E3%83%96%E3%83%AA%E3%83%83%E3%83%84,アウトバーンブリッツ,2026-04-24,金,https://min-repo.com/3060981/,3060981,満遍なく設定,1の位が4の日。各機種に満遍なく設定が入る想定。,37845,111,2567,"☆L東京喰種
▲スマスロ ミリオンゴッド-神々の軌跡-",2026-05-13T14:32:10,data/raw/2026-05-13/_E3_82_A2_E3_82_A6_E3_83_88_E3_83_90_E3_83_BC_E3_83_B3_E3_83_96_E3_83_AA_E3_83_83_E3_83_84_list.html
%E3%82%A2%E3%82%A6%E3%83%88%E3%83%90%E3%83%BC%E3%83%B3%E3%83%96%E3%83%AA%E3%83%83%E3%83%84,アウトバーンブリッツ,2026-04-22,水,https://min-repo.com/3057708/,3057708,,,,,1448,,2026-05-13T14:23:03,data/raw/2026-05-13/_E3_82_A2_E3_82_A6_E3_83_88_E3_83_90_E3_83_BC_E3_83_B3_E3_83_96_E3_83_AA_E3_83_83_E3_83_84_list.html
%E3%82%A2%E3%82%A6%E3%83%88%E3%83%90%E3%83%BC%E3%83%B3%E3%83%96%E3%83%AA%E3%83%83%E3%83%84,アウトバーンブリッツ,2026-04-21,火,https://min-repo.com/3056225/,3056225,,,,,1521,▲スマスロモンキーターンV,2026-05-13T14:23:03,data/raw/2026-05-13/_E3_82_A2_E3_82_A6_E3_83_88_E3_83_90_E3_83_BC_E3_83_B3_E3_83_96_E3_83_AA_E3_83_83_E3_83_84_list.html
%E3%82%A2%E3%82%A6%E3%83%88%E3%83%90%E3%83%BC%E3%83%B3%E3%83%96%E3%83%AA%E3%83%83%E3%83%84,アウトバーンブリッツ,2026-04-20,月,https://min-repo.com/3054142/,3054142,,,,,2092,,2026-05-13T14:23:03,data/raw/2026-05-13/_E3_82_A2_E3_82_A6_E3_83_88_E3_83_90_E3_83_BC_E3_83_B3_E3_83_96_E3_83_AA_E3_83_83_E3_83_84_list.html
%E3%82%A2%E3%82%A6%E3%83%88%E3%83%90%E3%83%BC%E3%83%B3%E3%83%96%E3%83%AA%E3%83%83%E3%83%84,アウトバーンブリッツ,2026-04-19,日,https://min-repo.com/3051446/,3051446,,,,,2040,,2026-05-13T14:23:03,data/raw/2026-05-13/_E3_82_A2_E3_82_A6_E3_83_88_E3_83_90_E3_83_BC_E3_83_B3_E3_83_96_E3_83_AA_E3_83_83_E3_83_84_list.html
%E3%82%A2%E3%82%A6%E3%83%88%E3%83%90%E3%83%BC%E3%83%B3%E3%83%96%E3%83%AA%E3%83%83%E3%83%84,アウトバーンブリッツ,2026-04-18,土,https://min-repo.com/3049019/,3049019,満遍なく設定,1の位が8の日。各機種に満遍なく設定が入る想定。,8575,25,2568,"☆スマスロ北斗の拳 転生の章2
▲Lパチスロ革命機ヴァルヴレイヴ2
▲Lパチスロからくりサーカス
▲スロット ゾンビランドサガ",2026-05-13T14:32:10,data/raw/2026-05-13/_E3_82_A2_E3_82_A6_E3_83_88_E3_83_90_E3_83_BC_E3_83_B3_E3_83_96_E3_83_AA_E3_83_83_E3_83_84_list.html
%E3%82%A2%E3%82%A6%E3%83%88%E3%83%90%E3%83%BC%E3%83%B3%E3%83%96%E3%83%AA%E3%83%83%E3%83%84,アウトバーンブリッツ,2026-04-17,金,https://min-repo.com/3047886/,3047886,,,1965,6,1281,▲スマスロ北斗の拳 転生の章2,2026-05-13T14:23:03,data/raw/2026-05-13/_E3_82_A2_E3_82_A6_E3_83_88_E3_83_90_E3_83_BC_E3_83_B3_E3_83_96_E3_83_AA_E3_83_83_E3_83_84_list.html
%E3%82%A2%E3%82%A6%E3%83%88%E3%83%90%E3%83%BC%E3%83%B3%E3%83%96%E3%83%AA%E3%83%83%E3%83%84,アウトバーンブリッツ,2026-04-16,木,https://min-repo.com/3045728/,3045728,,,,,1447,,2026-05-13T14:23:03,data/raw/2026-05-13/_E3_82_A2_E3_82_A6_E3_83_88_E3_83_90_E3_83_BC_E3_83_B3_E3_83_96_E3_83_AA_E3_83_83_E3_83_84_list.html
%E3%82%A2%E3%82%A6%E3%83%88%E3%83%90%E3%83%BC%E3%83%B3%E3%83%96%E3%83%AA%E3%83%83%E3%83%84,アウトバーンブリッツ,2026-04-15,水,https://min-repo.com/3043022/,3043022,,,,,1534,▲スマスロ北斗の拳 転生の章2,2026-05-13T14:23:03,data/raw/2026-05-13/_E3_82_A2_E3_82_A6_E3_83_88_E3_83_90_E3_83_BC_E3_83_B3_E3_83_96_E3_83_AA_E3_83_83_E3_83_84_list.html
%E3%82%A2%E3%82%A6%E3%83%88%E3%83%90%E3%83%BC%E3%83%B3%E3%83%96%E3%83%AA%E3%83%83%E3%83%84,アウトバーンブリッツ,2026-04-14,火,https://min-repo.com/3040940/,3040940,満遍なく設定,1の位が4の日。各機種に満遍なく設定が入る想定。,-20189,-59,2710,"☆Lパチスロ かぐや様は告らせたい
▲Lパチスロ炎炎ノ消防隊
▲Lパチスロ革命機ヴァルヴレイヴ2",2026-05-13T14:32:10,data/raw/2026-05-13/_E3_82_A2_E3_82_A6_E3_83_88_E3_83_90_E3_83_BC_E3_83_B3_E3_83_96_E3_83_AA_E3_83_83_E3_83_84_list.html
%E3%82%A2%E3%82%A6%E3%83%88%E3%83%90%E3%83%BC%E3%83%B3%E3%83%96%E3%83%AA%E3%83%83%E3%83%84,アウトバーンブリッツ,2026-04-13,月,https://min-repo.com/3039077/,3039077,,,,,1468,,2026-05-13T14:23:03,data/raw/2026-05-13/_E3_82_A2_E3_82_A6_E3_83_88_E3_83_90_E3_83_BC_E3_83_B3_E3_83_96_E3_83_AA_E3_83_83_E3_83_84_list.html
%E3%82%A2%E3%82%A6%E3%83%88%E3%83%90%E3%83%BC%E3%83%B3%E3%83%96%E3%83%AA%E3%83%83%E3%83%84,アウトバーンブリッツ,2026-04-12,日,https://min-repo.com/3037086/,3037086,,,54610,160,2392,▲スマスロ北斗の拳 転生の章2,2026-05-13T14:23:03,data/raw/2026-05-13/_E3_82_A2_E3_82_A6_E3_83_88_E3_83_90_E3_83_BC_E3_83_B3_E3_83_96_E3_83_AA_E3_83_83_E3_83_84_list.html
%E3%82%A2%E3%82%A6%E3%83%88%E3%83%90%E3%83%BC%E3%83%B3%E3%83%96%E3%83%AA%E3%83%83%E3%83%84,アウトバーンブリッツ,2026-04-11,土,https://min-repo.com/3035089/,3035089,,,10222,30,2705,"◯マイジャグラーV
◯スマスロ痛いのは嫌なので防御力に極振りしたいと思います。
▲Lパチスロ革命機ヴァルヴレイヴ
▲スマスロ 東京リベンジャーズ",2026-05-13T14:23:03,data/raw/2026-05-13/_E3_82_A2_E3_82_A6_E3_83_88_E3_83_90_E3_83_BC_E3_83_B3_E3_83_96_E3_83_AA_E3_83_83_E3_83_84_list.html
%E3%82%A2%E3%82%A6%E3%83%88%E3%83%90%E3%83%BC%E3%83%B3%E3%83%96%E3%83%AA%E3%83%83%E3%83%84,アウトバーンブリッツ,2026-04-10,金,https://min-repo.com/3033512/,3033512,,,3164,9,1615,▲Lパチスロ革命機ヴァルヴレイヴ2,2026-05-13T14:23:03,data/raw/2026-05-13/_E3_82_A2_E3_82_A6_E3_83_88_E3_83_90_E3_83_BC_E3_83_B3_E3_83_96_E3_83_AA_E3_83_83_E3_83_84_list.html
%E3%82%A2%E3%82%A6%E3%83%88%E3%83%90%E3%83%BC%E3%83%B3%E3%83%96%E3%83%AA%E3%83%83%E3%83%84,アウトバーンブリッツ,2026-04-09,木,https://min-repo.com/3031045/,3031045,,,,,1464,,2026-05-13T14:23:03,data/raw/2026-05-13/_E3_82_A2_E3_82_A6_E3_83_88_E3_83_90_E3_83_BC_E3_83_B3_E3_83_96_E3_83_AA_E3_83_83_E3_83_84_list.html
%E3%82%A2%E3%82%A6%E3%83%88%E3%83%90%E3%83%BC%E3%83%B3%E3%83%96%E3%83%AA%E3%83%83%E3%83%84,アウトバーンブリッツ,2026-04-08,水,https://min-repo.com/3028830/,3028830,満遍なく設定,1の位が8の日。各機種に満遍なく設定が入る想定。,41957,123,2864,"☆L主役は銭形5
▲Lパチスロ かぐや様は告らせたい
▲ウルトラミラクルジャグラー",2026-05-13T14:32:10,data/raw/2026-05-13/_E3_82_A2_E3_82_A6_E3_83_88_E3_83_90_E3_83_BC_E3_83_B3_E3_83_96_E3_83_AA_E3_83_83_E3_83_84_list.html
%E3%82%A2%E3%82%A6%E3%83%88%E3%83%90%E3%83%BC%E3%83%B3%E3%83%96%E3%83%AA%E3%83%83%E3%83%84,アウトバーンブリッツ,2026-04-07,火,https://min-repo.com/3027192/,3027192,,,9209,27,1474,▲吉宗,2026-05-13T14:23:03,data/raw/2026-05-13/_E3_82_A2_E3_82_A6_E3_83_88_E3_83_90_E3_83_BC_E3_83_B3_E3_83_96_E3_83_AA_E3_83_83_E3_83_84_list.html
%E3%82%A2%E3%82%A6%E3%83%88%E3%83%90%E3%83%BC%E3%83%B3%E3%83%96%E3%83%AA%E3%83%83%E3%83%84,アウトバーンブリッツ,2026-04-06,月,https://min-repo.com/3025151/,3025151,,,601,2,2050,"▲吉宗
▲Lパチスロ かぐや様は告らせたい",2026-05-13T14:23:03,data/raw/2026-05-13/_E3_82_A2_E3_82_A6_E3_83_88_E3_83_90_E3_83_BC_E3_83_B3_E3_83_96_E3_83_AA_E3_83_83_E3_83_84_list.html
%E3%82%A2%E3%82%A6%E3%83%88%E3%83%90%E3%83%BC%E3%83%B3%E3%83%96%E3%83%AA%E3%83%83%E3%83%84,アウトバーンブリッツ,2026-04-05,日,https://min-repo.com/3022982/,3022982,,,40680,119,2865,"☆スマスロ 東京リベンジャーズ
☆ジャグラーガールズSS",2026-05-13T14:23:03,data/raw/2026-05-13/_E3_82_A2_E3_82_A6_E3_83_88_E3_83_90_E3_83_BC_E3_83_B3_E3_83_96_E3_83_AA_E3_83_83_E3_83_84_list.html
%E3%82%A2%E3%82%A6%E3%83%88%E3%83%90%E3%83%BC%E3%83%B3%E3%83%96%E3%83%AA%E3%83%83%E3%83%84,アウトバーンブリッツ,2026-04-04,土,https://min-repo.com/3020824/,3020824,満遍なく設定,1の位が4の日。各機種に満遍なく設定が入る想定。,80595,236,4479,"☆Lパチスロ革命機ヴァルヴレイヴ2
☆スロット ゾンビランドサガ
☆スマート沖スロ スターハナハナ
☆マイジャグラーV
▲L戦国乙女４　戦乱に閃く炯眼の軍師
▲スマスロバジリスク～甲賀忍法帖～絆2 天膳 BLACK EDITION
▲押忍！番長4
▲スマスロ スーパーブラックジャック
▲L南国育ち
▲スマスロ 沖ドキ!DUO アンコール",2026-05-13T14:32:10,data/raw/2026-05-13/_E3_82_A2_E3_82_A6_E3_83_88_E3_83_90_E3_83_BC_E3_83_B3_E3_83_96_E3_83_AA_E3_83_83_E3_83_84_list.html
%E3%82%A2%E3%82%A6%E3%83%88%E3%83%90%E3%83%BC%E3%83%B3%E3%83%96%E3%83%AA%E3%83%83%E3%83%84,アウトバーンブリッツ,2026-04-03,金,https://min-repo.com/3019498/,3019498,,,,,1451,,2026-05-13T14:23:03,data/raw/2026-05-13/_E3_82_A2_E3_82_A6_E3_83_88_E3_83_90_E3_83_BC_E3_83_B3_E3_83_96_E3_83_AA_E3_83_83_E3_83_84_list.html
%E3%82%A2%E3%82%A6%E3%83%88%E3%83%90%E3%83%BC%E3%83%B3%E3%83%96%E3%83%AA%E3%83%83%E3%83%84,アウトバーンブリッツ,2026-04-02,木,https://min-repo.com/3017159/,3017159,,,19941,58,1661,,2026-05-13T14:23:03,data/raw/2026-05-13/_E3_82_A2_E3_82_A6_E3_83_88_E3_83_90_E3_83_BC_E3_83_B3_E3_83_96_E3_83_AA_E3_83_83_E3_83_84_list.html
%E3%82%A2%E3%82%A6%E3%83%88%E3%83%90%E3%83%BC%E3%83%B3%E3%83%96%E3%83%AA%E3%83%83%E3%83%84,アウトバーンブリッツ,2026-04-01,水,https://min-repo.com/3014991/,3014991,,,13491,39,1801,"☆パチスロ　甲鉄城のカバネリ
▲押忍！番長4
▲スマスロ 東京リベンジャーズ",2026-05-13T14:23:03,data/raw/2026-05-13/_E3_82_A2_E3_82_A6_E3_83_88_E3_83_90_E3_83_BC_E3_83_B3_E3_83_96_E3_83_AA_E3_83_83_E3_83_84_list.html
%E3%82%A2%E3%82%A6%E3%83%88%E3%83%90%E3%83%BC%E3%83%B3%E3%83%96%E3%83%AA%E3%83%83%E3%83%84,アウトバーンブリッツ,2026-03-31,火,https://min-repo.com/3013397/,3013397,,,9180,27,1989,▲スマスロ 攻殻機動隊,2026-05-13T14:23:03,data/raw/2026-05-13/_E3_82_A2_E3_82_A6_E3_83_88_E3_83_90_E3_83_BC_E3_83_B3_E3_83_96_E3_83_AA_E3_83_83_E3_83_84_list.html
%E3%82%A2%E3%82%A6%E3%83%88%E3%83%90%E3%83%BC%E3%83%B3%E3%83%96%E3%83%AA%E3%83%83%E3%83%84,アウトバーンブリッツ,2026-03-30,月,https://min-repo.com/3011055/,3011055,,,,,1616,,2026-05-13T14:23:03,data/raw/2026-05-13/_E3_82_A2_E3_82_A6_E3_83_88_E3_83_90_E3_83_BC_E3_83_B3_E3_83_96_E3_83_AA_E3_83_83_E3_83_84_list.html
%E3%82%A2%E3%82%A6%E3%83%88%E3%83%90%E3%83%BC%E3%83%B3%E3%83%96%E3%83%AA%E3%83%83%E3%83%84,アウトバーンブリッツ,2026-03-29,日,https://min-repo.com/3008747/,3008747,,,11839,35,2468,▲押忍！番長4,2026-05-13T14:23:03,data/raw/2026-05-13/_E3_82_A2_E3_82_A6_E3_83_88_E3_83_90_E3_83_BC_E3_83_B3_E3_83_96_E3_83_AA_E3_83_83_E3_83_84_list.html
%E3%82%A2%E3%82%A6%E3%83%88%E3%83%90%E3%83%BC%E3%83%B3%E3%83%96%E3%83%AA%E3%83%83%E3%83%84,アウトバーンブリッツ,2026-03-28,土,https://min-repo.com/3006529/,3006529,満遍なく設定,1の位が8の日。各機種に満遍なく設定が入る想定。,44409,130,4697,"☆スロット ゾンビランドサガ
▲Lパチスロ革命機ヴァルヴレイヴ2
▲スマスロ新鬼武者3
▲Lパチスロ革命機ヴァルヴレイヴ
▲スマスロ スーパーブラックジャック
▲スマスロ痛いのは嫌なので防御力に極振りしたいと思います。
▲スマスロ ゴッドイーター リザレクション",2026-05-13T14:23:03,data/raw/2026-05-13/_E3_82_A2_E3_82_A6_E3_83_88_E3_83_90_E3_83_BC_E3_83_B3_E3_83_96_E3_83_AA_E3_83_83_E3_83_84_list.html
%E3%82%A2%E3%82%A6%E3%83%88%E3%83%90%E3%83%BC%E3%83%B3%E3%83%96%E3%83%AA%E3%83%83%E3%83%84,アウトバーンブリッツ,2026-03-27,金,https://min-repo.com/3004686/,3004686,,,96667,283,2321,"☆スマスロ ゴッドイーター リザレクション
☆スマスロ 東京リベンジャーズ
☆ジャグラーガールズSS
☆スマスロ痛いのは嫌なので防御力に極振りしたいと思います。
▲Lパチスロ革命機ヴァルヴレイヴ2
▲スマスロ北斗の拳 転生の章2
▲L戦国乙女４　戦乱に閃く炯眼の軍師
▲パチスロ　甲鉄城のカバネリ
▲末尾6
▲末尾ゾロ目",2026-05-13T14:23:03,data/raw/2026-05-13/_E3_82_A2_E3_82_A6_E3_83_88_E3_83_90_E3_83_BC_E3_83_B3_E3_83_96_E3_83_AA_E3_83_83_E3_83_84_list.html
%E3%82%A2%E3%82%A6%E3%83%88%E3%83%90%E3%83%BC%E3%83%B3%E3%83%96%E3%83%AA%E3%83%83%E3%83%84,アウトバーンブリッツ,2026-03-26,木,https://min-repo.com/3002508/,3002508,,,,,1560,▲Lパチスロ革命機ヴァルヴレイヴ,2026-05-13T14:23:03,data/raw/2026-05-13/_E3_82_A2_E3_82_A6_E3_83_88_E3_83_90_E3_83_BC_E3_83_B3_E3_83_96_E3_83_AA_E3_83_83_E3_83_84_list.html
%E3%82%A2%E3%82%A6%E3%83%88%E3%83%90%E3%83%BC%E3%83%B3%E3%83%96%E3%83%AA%E3%83%83%E3%83%84,アウトバーンブリッツ,2026-03-25,水,https://min-repo.com/3000401/,3000401,,,32308,94,1858,"☆スマスロ北斗の拳 転生の章2
☆スマスロ痛いのは嫌なので防御力に極振りしたいと思います。",2026-05-13T14:23:03,data/raw/2026-05-13/_E3_82_A2_E3_82_A6_E3_83_88_E3_83_90_E3_83_BC_E3_83_B3_E3_83_96_E3_83_AA_E3_83_83_E3_83_84_list.html
%E3%82%A2%E3%82%A6%E3%83%88%E3%83%90%E3%83%BC%E3%83%B3%E3%83%96%E3%83%AA%E3%83%83%E3%83%84,アウトバーンブリッツ,2026-03-24,火,https://min-repo.com/2998346/,2998346,満遍なく設定,1の位が4の日。各機種に満遍なく設定が入る想定。,9679,28,2693,"☆スマスロ マギアレコード 魔法少女まどか☆マギカ外伝
▲スマスロ 攻殻機動隊",2026-05-13T14:23:03,data/raw/2026-05-13/_E3_82_A2_E3_82_A6_E3_83_88_E3_83_90_E3_83_BC_E3_83_B3_E3_83_96_E3_83_AA_E3_83_83_E3_83_84_list.html
%E3%82%A2%E3%82%A6%E3%83%88%E3%83%90%E3%83%BC%E3%83%B3%E3%83%96%E3%83%AA%E3%83%83%E3%83%84,アウトバーンブリッツ,2026-03-23,月,https://min-repo.com/2997002/,2997002,,,,,1624,▲スマスロ北斗の拳 転生の章2,2026-05-13T14:23:03,data/raw/2026-05-13/_E3_82_A2_E3_82_A6_E3_83_88_E3_83_90_E3_83_BC_E3_83_B3_E3_83_96_E3_83_AA_E3_83_83_E3_83_84_list.html
%E3%82%A2%E3%82%A6%E3%83%88%E3%83%90%E3%83%BC%E3%83%B3%E3%83%96%E3%83%AA%E3%83%83%E3%83%84,アウトバーンブリッツ,2026-03-22,日,https://min-repo.com/2994601/,2994601,,,51257,150,2093,"☆スマスロモンキーターンV
▲スマスロ モンスターハンターライズ",2026-05-13T14:23:03,data/raw/2026-05-13/_E3_82_A2_E3_82_A6_E3_83_88_E3_83_90_E3_83_BC_E3_83_B3_E3_83_96_E3_83_AA_E3_83_83_E3_83_84_list.html
%E3%82%A2%E3%82%A6%E3%83%88%E3%83%90%E3%83%BC%E3%83%B3%E3%83%96%E3%83%AA%E3%83%83%E3%83%84,アウトバーンブリッツ,2026-03-21,土,https://min-repo.com/2992355/,2992355,,,,,2034,"◯スマート沖スロ スターハナハナ
▲スマスロ北斗の拳 転生の章2",2026-05-13T14:23:03,data/raw/2026-05-13/_E3_82_A2_E3_82_A6_E3_83_88_E3_83_90_E3_83_BC_E3_83_B3_E3_83_96_E3_83_AA_E3_83_83_E3_83_84_list.html
%E3%82%A2%E3%82%A6%E3%83%88%E3%83%90%E3%83%BC%E3%83%B3%E3%83%96%E3%83%AA%E3%83%83%E3%83%84,アウトバーンブリッツ,2026-03-20,金,https://min-repo.com/2990482/,2990482,,,16874,49,2134,"▲スマスロ北斗の拳 転生の章2
▲Lパチスロからくりサーカス",2026-05-13T14:23:03,data/raw/2026-05-13/_E3_82_A2_E3_82_A6_E3_83_88_E3_83_90_E3_83_BC_E3_83_B3_E3_83_96_E3_83_AA_E3_83_83_E3_83_84_list.html
%E3%82%A2%E3%82%A6%E3%83%88%E3%83%90%E3%83%BC%E3%83%B3%E3%83%96%E3%83%AA%E3%83%83%E3%83%84,アウトバーンブリッツ,2026-03-19,木,https://min-repo.com/2988299/,2988299,,,10058,29,1673,◯ミスタージャグラー,2026-05-13T14:23:03,data/raw/2026-05-13/_E3_82_A2_E3_82_A6_E3_83_88_E3_83_90_E3_83_BC_E3_83_B3_E3_83_96_E3_83_AA_E3_83_83_E3_83_84_list.html
%E3%82%A2%E3%82%A6%E3%83%88%E3%83%90%E3%83%BC%E3%83%B3%E3%83%96%E3%83%AA%E3%83%83%E3%83%84,アウトバーンブリッツ,2026-03-18,水,https://min-repo.com/2986045/,2986045,満遍なく設定,1の位が8の日。各機種に満遍なく設定が入る想定。,11619,34,2709,"☆ミスタージャグラー
☆スマスロ ゴッドイーター リザレクション
▲Lパチスロ革命機ヴァルヴレイヴ2
▲スマスロ デビルメイクライ5 スタイリッシュトライブ
▲Lパチスロ かぐや様は告らせたい",2026-05-13T14:23:03,data/raw/2026-05-13/_E3_82_A2_E3_82_A6_E3_83_88_E3_83_90_E3_83_BC_E3_83_B3_E3_83_96_E3_83_AA_E3_83_83_E3_83_84_list.html
%E3%82%A2%E3%82%A6%E3%83%88%E3%83%90%E3%83%BC%E3%83%B3%E3%83%96%E3%83%AA%E3%83%83%E3%83%84,アウトバーンブリッツ,2026-03-17,火,https://min-repo.com/2984269/,2984269,,,19959,58,1447,,2026-05-13T14:23:03,data/raw/2026-05-13/_E3_82_A2_E3_82_A6_E3_83_88_E3_83_90_E3_83_BC_E3_83_B3_E3_83_96_E3_83_AA_E3_83_83_E3_83_84_list.html
%E3%82%A2%E3%82%A6%E3%83%88%E3%83%90%E3%83%BC%E3%83%B3%E3%83%96%E3%83%AA%E3%83%83%E3%83%84,アウトバーンブリッツ,2026-03-16,月,https://min-repo.com/2982108/,2982108,,,1098,3,1680,◯マイジャグラーV,2026-05-13T14:23:03,data/raw/2026-05-13/_E3_82_A2_E3_82_A6_E3_83_88_E3_83_90_E3_83_BC_E3_83_B3_E3_83_96_E3_83_AA_E3_83_83_E3_83_84_list.html
%E3%82%A2%E3%82%A6%E3%83%88%E3%83%90%E3%83%BC%E3%83%B3%E3%83%96%E3%83%AA%E3%83%83%E3%83%84,アウトバーンブリッツ,2026-03-15,日,https://min-repo.com/2979926/,2979926,,,13212,39,2659,"◯マイジャグラーV
▲スマスロ北斗の拳 転生の章2
▲Lパチスロからくりサーカス",2026-05-13T14:23:03,data/raw/2026-05-13/_E3_82_A2_E3_82_A6_E3_83_88_E3_83_90_E3_83_BC_E3_83_B3_E3_83_96_E3_83_AA_E3_83_83_E3_83_84_list.html
%E3%82%A2%E3%82%A6%E3%83%88%E3%83%90%E3%83%BC%E3%83%B3%E3%83%96%E3%83%AA%E3%83%83%E3%83%84,アウトバーンブリッツ,2026-03-14,土,https://min-repo.com/2977871/,2977871,満遍なく設定,1の位が4の日。各機種に満遍なく設定が入る想定。,,,3230,"◯スマスロモンキーターンV
▲Lパチスロ炎炎ノ消防隊",2026-05-13T14:23:03,data/raw/2026-05-13/_E3_82_A2_E3_82_A6_E3_83_88_E3_83_90_E3_83_BC_E3_83_B3_E3_83_96_E3_83_AA_E3_83_83_E3_83_84_list.html
%E3%82%A2%E3%82%A6%E3%83%88%E3%83%90%E3%83%BC%E3%83%B3%E3%83%96%E3%83%AA%E3%83%83%E3%83%84,アウトバーンブリッツ,2026-03-13,金,https://min-repo.com/2976306/,2976306,,,,,1447,,2026-05-13T14:23:03,data/raw/2026-05-13/_E3_82_A2_E3_82_A6_E3_83_88_E3_83_90_E3_83_BC_E3_83_B3_E3_83_96_E3_83_AA_E3_83_83_E3_83_84_list.html
%E3%82%A2%E3%82%A6%E3%83%88%E3%83%90%E3%83%BC%E3%83%B3%E3%83%96%E3%83%AA%E3%83%83%E3%83%84,アウトバーンブリッツ,2026-03-12,木,https://min-repo.com/2974431/,2974431,,,3520,10,1493,▲スマスロ北斗の拳 転生の章2,2026-05-13T14:23:03,data/raw/2026-05-13/_E3_82_A2_E3_82_A6_E3_83_88_E3_83_90_E3_83_BC_E3_83_B3_E3_83_96_E3_83_AA_E3_83_83_E3_83_84_list.html
%E3%82%A2%E3%82%A6%E3%83%88%E3%83%90%E3%83%BC%E3%83%B3%E3%83%96%E3%83%AA%E3%83%83%E3%83%84,アウトバーンブリッツ,2026-03-11,水,https://min-repo.com/2972654/,2972654,,,,,1652,◯ミスタージャグラー,2026-05-13T14:23:03,data/raw/2026-05-13/_E3_82_A2_E3_82_A6_E3_83_88_E3_83_90_E3_83_BC_E3_83_B3_E3_83_96_E3_83_AA_E3_83_83_E3_83_84_list.html
%E3%82%A2%E3%82%A6%E3%83%88%E3%83%90%E3%83%BC%E3%83%B3%E3%83%96%E3%83%AA%E3%83%83%E3%83%84,アウトバーンブリッツ,2026-03-10,火,https://min-repo.com/2969794/,2969794,,,,,1712,◯マイジャグラーV,2026-05-13T14:23:03,data/raw/2026-05-13/_E3_82_A2_E3_82_A6_E3_83_88_E3_83_90_E3_83_BC_E3_83_B3_E3_83_96_E3_83_AA_E3_83_83_E3_83_84_list.html
%E3%82%A2%E3%82%A6%E3%83%88%E3%83%90%E3%83%BC%E3%83%B3%E3%83%96%E3%83%AA%E3%83%83%E3%83%84,アウトバーンブリッツ,2026-03-08,日,https://min-repo.com/2965560/,2965560,満遍なく設定,1の位が8の日。各機種に満遍なく設定が入る想定。,57280,167,2826,"☆L ToLOVEるダークネス
☆ウルトラミラクルジャグラー
◯スマート沖スロ スターハナハナ",2026-05-13T14:23:03,data/raw/2026-05-13/_E3_82_A2_E3_82_A6_E3_83_88_E3_83_90_E3_83_BC_E3_83_B3_E3_83_96_E3_83_AA_E3_83_83_E3_83_84_list.html
%E3%82%A2%E3%82%A6%E3%83%88%E3%83%90%E3%83%BC%E3%83%B3%E3%83%96%E3%83%AA%E3%83%83%E3%83%84,アウトバーンブリッツ,2026-03-07,土,https://min-repo.com/2963790/,2963790,,,,,1873,,2026-05-13T14:23:03,data/raw/2026-05-13/_E3_82_A2_E3_82_A6_E3_83_88_E3_83_90_E3_83_BC_E3_83_B3_E3_83_96_E3_83_AA_E3_83_83_E3_83_84_list.html
%E3%82%A2%E3%82%A6%E3%83%88%E3%83%90%E3%83%BC%E3%83%B3%E3%83%96%E3%83%AA%E3%83%83%E3%83%84,アウトバーンブリッツ,2026-03-06,金,https://min-repo.com/2962563/,2962563,,,16537,48,1468,,2026-05-13T14:23:03,data/raw/2026-05-13/_E3_82_A2_E3_82_A6_E3_83_88_E3_83_90_E3_83_BC_E3_83_B3_E3_83_96_E3_83_AA_E3_83_83_E3_83_84_list.html
%E3%82%A2%E3%82%A6%E3%83%88%E3%83%90%E3%83%BC%E3%83%B3%E3%83%96%E3%83%AA%E3%83%83%E3%83%84,アウトバーンブリッツ,2026-03-05,木,https://min-repo.com/2960319/,2960319,,,,,1644,▲L主役は銭形5,2026-05-13T14:23:03,data/raw/2026-05-13/_E3_82_A2_E3_82_A6_E3_83_88_E3_83_90_E3_83_BC_E3_83_B3_E3_83_96_E3_83_AA_E3_83_83_E3_83_84_list.html
%E3%82%A2%E3%82%A6%E3%83%88%E3%83%90%E3%83%BC%E3%83%B3%E3%83%96%E3%83%AA%E3%83%83%E3%83%84,アウトバーンブリッツ,2026-03-04,水,https://min-repo.com/2959351/,2959351,満遍なく設定,1の位が4の日。各機種に満遍なく設定が入る想定。,38248,112,2868,"◎スマスロモンキーターンV
▲スマスロ デビルメイクライ5 スタイリッシュトライブ
▲Lパチスロ革命機ヴァルヴレイヴ2
▲スマスロ 東京リベンジャーズ",2026-05-13T14:23:03,data/raw/2026-05-13/_E3_82_A2_E3_82_A6_E3_83_88_E3_83_90_E3_83_BC_E3_83_B3_E3_83_96_E3_83_AA_E3_83_83_E3_83_84_list.html
%E3%82%A2%E3%82%A6%E3%83%88%E3%83%90%E3%83%BC%E3%83%B3%E3%83%96%E3%83%AA%E3%83%83%E3%83%84,アウトバーンブリッツ,2026-03-03,火,https://min-repo.com/2957146/,2957146,,,86789,254,2687,"☆パチスロ　甲鉄城のカバネリ
▲スマスロ 攻殻機動隊
▲スマスロ新鬼武者3
▲Lパチスロ革命機ヴァルヴレイヴ2",2026-05-13T14:23:03,data/raw/2026-05-13/_E3_82_A2_E3_82_A6_E3_83_88_E3_83_90_E3_83_BC_E3_83_B3_E3_83_96_E3_83_AA_E3_83_83_E3_83_84_list.html
%E3%82%A2%E3%82%A6%E3%83%88%E3%83%90%E3%83%BC%E3%83%B3%E3%83%96%E3%83%AA%E3%83%83%E3%83%84,アウトバーンブリッツ,2026-03-02,月,https://min-repo.com/2953755/,2953755,,,,,1935,,2026-05-13T14:23:03,data/raw/2026-05-13/_E3_82_A2_E3_82_A6_E3_83_88_E3_83_90_E3_83_BC_E3_83_B3_E3_83_96_E3_83_AA_E3_83_83_E3_83_84_list.html
%E3%82%A2%E3%82%A6%E3%83%88%E3%83%90%E3%83%BC%E3%83%B3%E3%83%96%E3%83%AA%E3%83%83%E3%83%84,アウトバーンブリッツ,2026-03-01,日,https://min-repo.com/2951598/,2951598,,,1225,4,2410,"☆Lパチスロ革命機ヴァルヴレイヴ2
☆スマスロ マギアレコード 魔法少女まどか☆マギカ外伝
▲スマスロ 東京リベンジャーズ",2026-05-13T14:23:03,data/raw/2026-05-13/_E3_82_A2_E3_82_A6_E3_83_88_E3_83_90_E3_83_BC_E3_83_B3_E3_83_96_E3_83_AA_E3_83_83_E3_83_84_list.html
%E3%82%A2%E3%82%A6%E3%83%88%E3%83%90%E3%83%BC%E3%83%B3%E3%83%96%E3%83%AA%E3%83%83%E3%83%84,アウトバーンブリッツ,2026-02-28,土,https://min-repo.com/2949392/,2949392,満遍なく設定,1の位が8の日。各機種に満遍なく設定が入る想定。,48362,141,3902,"☆スマスロ 攻殻機動隊
☆押忍！番長ＺＥＲＯ
◯押忍！番長4
▲Lパチスロ炎炎ノ消防隊",2026-05-13T14:23:03,data/raw/2026-05-13/_E3_82_A2_E3_82_A6_E3_83_88_E3_83_90_E3_83_BC_E3_83_B3_E3_83_96_E3_83_AA_E3_83_83_E3_83_84_list.html
%E3%82%A2%E3%82%A6%E3%83%88%E3%83%90%E3%83%BC%E3%83%B3%E3%83%96%E3%83%AA%E3%83%83%E3%83%84,アウトバーンブリッツ,2026-02-27,金,https://min-repo.com/2947531/,2947531,,,32416,95,2076,"☆スマスロバジリスク～甲賀忍法帖～絆2 天膳 BLACK EDITION
◯スマスロモンキーターンV
◯マイジャグラーV",2026-05-13T14:23:03,data/raw/2026-05-13/_E3_82_A2_E3_82_A6_E3_83_88_E3_83_90_E3_83_BC_E3_83_B3_E3_83_96_E3_83_AA_E3_83_83_E3_83_84_list.html
%E3%82%A2%E3%82%A6%E3%83%88%E3%83%90%E3%83%BC%E3%83%B3%E3%83%96%E3%83%AA%E3%83%83%E3%83%84,アウトバーンブリッツ,2026-02-26,木,https://min-repo.com/2945266/,2945266,,,,,1536,,2026-05-13T14:23:03,data/raw/2026-05-13/_E3_82_A2_E3_82_A6_E3_83_88_E3_83_90_E3_83_BC_E3_83_B3_E3_83_96_E3_83_AA_E3_83_83_E3_83_84_list.html
%E3%82%A2%E3%82%A6%E3%83%88%E3%83%90%E3%83%BC%E3%83%B3%E3%83%96%E3%83%AA%E3%83%83%E3%83%84,アウトバーンブリッツ,2026-02-25,水,https://min-repo.com/2943141/,2943141,,,39158,114,1719,☆Lダーリン・イン・ザ・フランキス,2026-05-13T14:23:03,data/raw/2026-05-13/_E3_82_A2_E3_82_A6_E3_83_88_E3_83_90_E3_83_BC_E3_83_B3_E3_83_96_E3_83_AA_E3_83_83_E3_83_84_list.html
%E3%82%A2%E3%82%A6%E3%83%88%E3%83%90%E3%83%BC%E3%83%B3%E3%83%96%E3%83%AA%E3%83%83%E3%83%84,アウトバーンブリッツ,2026-02-24,火,https://min-repo.com/2941112/,2941112,満遍なく設定,1の位が4の日。各機種に満遍なく設定が入る想定。,30107,88,2447,"☆Lダーリン・イン・ザ・フランキス
◯マイジャグラーV
▲L戦国乙女４　戦乱に閃く炯眼の軍師
▲沖ドキ！BLACK
▲末尾ゾロ目",2026-05-13T14:23:03,data/raw/2026-05-13/_E3_82_A2_E3_82_A6_E3_83_88_E3_83_90_E3_83_BC_E3_83_B3_E3_83_96_E3_83_AA_E3_83_83_E3_83_84_list.html
%E3%82%A2%E3%82%A6%E3%83%88%E3%83%90%E3%83%BC%E3%83%B3%E3%83%96%E3%83%AA%E3%83%83%E3%83%84,アウトバーンブリッツ,2026-02-23,月,https://min-repo.com/2939184/,2939184,,,30018,88,2364,"▲スマスロ ゴッドイーター リザレクション
▲吉宗",2026-05-13T14:23:03,data/raw/2026-05-13/_E3_82_A2_E3_82_A6_E3_83_88_E3_83_90_E3_83_BC_E3_83_B3_E3_83_96_E3_83_AA_E3_83_83_E3_83_84_list.html
%E3%82%A2%E3%82%A6%E3%83%88%E3%83%90%E3%83%BC%E3%83%B3%E3%83%96%E3%83%AA%E3%83%83%E3%83%84,アウトバーンブリッツ,2026-02-22,日,https://min-repo.com/2937182/,2937182,,,41794,122,4057,"☆Lパチスロ革命機ヴァルヴレイヴ2
☆スマスロ ギルティクラウン2
▲押忍！番長4
▲スマスロ 東京リベンジャーズ
▲スマスロバジリスク～甲賀忍法帖～絆2 天膳 BLACK EDITION
▲Lパチスロ革命機ヴァルヴレイヴ",2026-05-13T14:23:03,data/raw/2026-05-13/_E3_82_A2_E3_82_A6_E3_83_88_E3_83_90_E3_83_BC_E3_83_B3_E3_83_96_E3_83_AA_E3_83_83_E3_83_84_list.html
%E3%82%A2%E3%82%A6%E3%83%88%E3%83%90%E3%83%BC%E3%83%B3%E3%83%96%E3%83%AA%E3%83%83%E3%83%84,アウトバーンブリッツ,2026-02-21,土,https://min-repo.com/2935399/,2935399,,,,,1943,"▲Lパチスロ炎炎ノ消防隊
▲Lパチスロ かぐや様は告らせたい
▲マイジャグラーV",2026-05-13T14:23:03,data/raw/2026-05-13/_E3_82_A2_E3_82_A6_E3_83_88_E3_83_90_E3_83_BC_E3_83_B3_E3_83_96_E3_83_AA_E3_83_83_E3_83_84_list.html
%E3%82%A2%E3%82%A6%E3%83%88%E3%83%90%E3%83%BC%E3%83%B3%E3%83%96%E3%83%AA%E3%83%83%E3%83%84,アウトバーンブリッツ,2026-02-20,金,https://min-repo.com/2933381/,2933381,,,,,1684,,2026-05-13T14:23:03,data/raw/2026-05-13/_E3_82_A2_E3_82_A6_E3_83_88_E3_83_90_E3_83_BC_E3_83_B3_E3_83_96_E3_83_AA_E3_83_83_E3_83_84_list.html
%E3%82%A2%E3%82%A6%E3%83%88%E3%83%90%E3%83%BC%E3%83%B3%E3%83%96%E3%83%AA%E3%83%83%E3%83%84,アウトバーンブリッツ,2026-02-19,木,https://min-repo.com/2931069/,2931069,,,14312,42,1686,,2026-05-13T14:23:03,data/raw/2026-05-13/_E3_82_A2_E3_82_A6_E3_83_88_E3_83_90_E3_83_BC_E3_83_B3_E3_83_96_E3_83_AA_E3_83_83_E3_83_84_list.html
%E3%82%A2%E3%82%A6%E3%83%88%E3%83%90%E3%83%BC%E3%83%B3%E3%83%96%E3%83%AA%E3%83%83%E3%83%84,アウトバーンブリッツ,2026-02-18,水,https://min-repo.com/2928720/,2928720,満遍なく設定,1の位が8の日。各機種に満遍なく設定が入る想定。,46477,136,2619,"☆スマスロ モンスターハンターライズ
▲スマスロ マギアレコード 魔法少女まどか☆マギカ外伝
▲スマスロ北斗の拳 転生の章2
▲押忍！番長4",2026-05-13T14:23:03,data/raw/2026-05-13/_E3_82_A2_E3_82_A6_E3_83_88_E3_83_90_E3_83_BC_E3_83_B3_E3_83_96_E3_83_AA_E3_83_83_E3_83_84_list.html
%E3%82%A2%E3%82%A6%E3%83%88%E3%83%90%E3%83%BC%E3%83%B3%E3%83%96%E3%83%AA%E3%83%83%E3%83%84,アウトバーンブリッツ,2026-02-17,火,https://min-repo.com/2927160/,2927160,,,23220,68,1714,☆スロット ゾンビランドサガ,2026-05-13T14:23:03,data/raw/2026-05-13/_E3_82_A2_E3_82_A6_E3_83_88_E3_83_90_E3_83_BC_E3_83_B3_E3_83_96_E3_83_AA_E3_83_83_E3_83_84_list.html
%E3%82%A2%E3%82%A6%E3%83%88%E3%83%90%E3%83%BC%E3%83%B3%E3%83%96%E3%83%AA%E3%83%83%E3%83%84,アウトバーンブリッツ,2026-02-16,月,https://min-repo.com/2925423/,2925423,,,,,1585,,2026-05-13T14:23:03,data/raw/2026-05-13/_E3_82_A2_E3_82_A6_E3_83_88_E3_83_90_E3_83_BC_E3_83_B3_E3_83_96_E3_83_AA_E3_83_83_E3_83_84_list.html
%E3%82%A2%E3%82%A6%E3%83%88%E3%83%90%E3%83%BC%E3%83%B3%E3%83%96%E3%83%AA%E3%83%83%E3%83%84,アウトバーンブリッツ,2026-02-15,日,https://min-repo.com/2924451/,2924451,,,5312,16,2508,▲スマスロ スーパーブラックジャック,2026-05-13T14:23:03,data/raw/2026-05-13/_E3_82_A2_E3_82_A6_E3_83_88_E3_83_90_E3_83_BC_E3_83_B3_E3_83_96_E3_83_AA_E3_83_83_E3_83_84_list.html
%E3%82%A2%E3%82%A6%E3%83%88%E3%83%90%E3%83%BC%E3%83%B3%E3%83%96%E3%83%AA%E3%83%83%E3%83%84,アウトバーンブリッツ,2026-02-14,土,https://min-repo.com/2920529/,2920529,満遍なく設定,1の位が4の日。各機種に満遍なく設定が入る想定。,12462,36,3433,"◯マイジャグラーV
▲スマスロ デビルメイクライ5 スタイリッシュトライブ
▲スマスロ 攻殻機動隊
▲スマスロ バイオハザード5",2026-05-13T14:23:03,data/raw/2026-05-13/_E3_82_A2_E3_82_A6_E3_83_88_E3_83_90_E3_83_BC_E3_83_B3_E3_83_96_E3_83_AA_E3_83_83_E3_83_84_list.html
%E3%82%A2%E3%82%A6%E3%83%88%E3%83%90%E3%83%BC%E3%83%B3%E3%83%96%E3%83%AA%E3%83%83%E3%83%84,アウトバーンブリッツ,2026-02-13,金,https://min-repo.com/2920187/,2920187,,,,,1559,◯ハナハナホウオウ～天翔～-30,2026-05-13T14:23:03,data/raw/2026-05-13/_E3_82_A2_E3_82_A6_E3_83_88_E3_83_90_E3_83_BC_E3_83_B3_E3_83_96_E3_83_AA_E3_83_83_E3_83_84_list.html
%E3%82%A2%E3%82%A6%E3%83%88%E3%83%90%E3%83%BC%E3%83%B3%E3%83%96%E3%83%AA%E3%83%83%E3%83%84,アウトバーンブリッツ,2026-02-12,木,https://min-repo.com/2918038/,2918038,,,17382,51,1682,,2026-05-13T14:23:03,data/raw/2026-05-13/_E3_82_A2_E3_82_A6_E3_83_88_E3_83_90_E3_83_BC_E3_83_B3_E3_83_96_E3_83_AA_E3_83_83_E3_83_84_list.html
%E3%82%A2%E3%82%A6%E3%83%88%E3%83%90%E3%83%BC%E3%83%B3%E3%83%96%E3%83%AA%E3%83%83%E3%83%84,アウトバーンブリッツ,2026-02-11,水,https://min-repo.com/2914848/,2914848,,,56333,165,2757,"☆L主役は銭形5
☆スマスロ痛いのは嫌なので防御力に極振りしたいと思います。
◯スマスロモンキーターンV
◯マイジャグラーV",2026-05-13T14:23:03,data/raw/2026-05-13/_E3_82_A2_E3_82_A6_E3_83_88_E3_83_90_E3_83_BC_E3_83_B3_E3_83_96_E3_83_AA_E3_83_83_E3_83_84_list.html
%E3%82%A2%E3%82%A6%E3%83%88%E3%83%90%E3%83%BC%E3%83%B3%E3%83%96%E3%83%AA%E3%83%83%E3%83%84,アウトバーンブリッツ,2026-02-10,火,https://min-repo.com/2912940/,2912940,,,,,1698,,2026-05-13T14:23:03,data/raw/2026-05-13/_E3_82_A2_E3_82_A6_E3_83_88_E3_83_90_E3_83_BC_E3_83_B3_E3_83_96_E3_83_AA_E3_83_83_E3_83_84_list.html
%E3%82%A2%E3%82%A6%E3%83%88%E3%83%90%E3%83%BC%E3%83%B3%E3%83%96%E3%83%AA%E3%83%83%E3%83%84,アウトバーンブリッツ,2026-02-09,月,https://min-repo.com/2911678/,2911678,,,1735,5,1633,,2026-05-13T14:23:03,data/raw/2026-05-13/_E3_82_A2_E3_82_A6_E3_83_88_E3_83_90_E3_83_BC_E3_83_B3_E3_83_96_E3_83_AA_E3_83_83_E3_83_84_list.html
%E3%82%A2%E3%82%A6%E3%83%88%E3%83%90%E3%83%BC%E3%83%B3%E3%83%96%E3%83%AA%E3%83%83%E3%83%84,アウトバーンブリッツ,2026-02-08,日,https://min-repo.com/2908098/,2908098,満遍なく設定,1の位が8の日。各機種に満遍なく設定が入る想定。,,,3077,"☆Lパチスロ かぐや様は告らせたい
▲スマスロ モンスターハンターライズ",2026-05-13T14:23:03,data/raw/2026-05-13/_E3_82_A2_E3_82_A6_E3_83_88_E3_83_90_E3_83_BC_E3_83_B3_E3_83_96_E3_83_AA_E3_83_83_E3_83_84_list.html
%E3%82%A2%E3%82%A6%E3%83%88%E3%83%90%E3%83%BC%E3%83%B3%E3%83%96%E3%83%AA%E3%83%83%E3%83%84,アウトバーンブリッツ,2026-02-07,土,https://min-repo.com/2906251/,2906251,,,17523,51,2107,"☆L戦国乙女４　戦乱に閃く炯眼の軍師
▲押忍！番長ＺＥＲＯ",2026-05-13T14:23:03,data/raw/2026-05-13/_E3_82_A2_E3_82_A6_E3_83_88_E3_83_90_E3_83_BC_E3_83_B3_E3_83_96_E3_83_AA_E3_83_83_E3_83_84_list.html
%E3%82%A2%E3%82%A6%E3%83%88%E3%83%90%E3%83%BC%E3%83%B3%E3%83%96%E3%83%AA%E3%83%83%E3%83%84,アウトバーンブリッツ,2026-02-06,金,https://min-repo.com/2904271/,2904271,,,10280,30,1691,"◯押忍！番長ＺＥＲＯ
▲LBパチスロ ヱヴァンゲリヲン～約束の扉～",2026-05-13T14:23:03,data/raw/2026-05-13/_E3_82_A2_E3_82_A6_E3_83_88_E3_83_90_E3_83_BC_E3_83_B3_E3_83_96_E3_83_AA_E3_83_83_E3_83_84_list.html
%E3%82%A2%E3%82%A6%E3%83%88%E3%83%90%E3%83%BC%E3%83%B3%E3%83%96%E3%83%AA%E3%83%83%E3%83%84,アウトバーンブリッツ,2026-02-05,木,https://min-repo.com/2902027/,2902027,,,21321,62,1666,"◎ウルトラミラクルジャグラー
◯スマート沖スロ スターハナハナ
◯スマスロ 攻殻機動隊",2026-05-13T14:23:03,data/raw/2026-05-13/_E3_82_A2_E3_82_A6_E3_83_88_E3_83_90_E3_83_BC_E3_83_B3_E3_83_96_E3_83_AA_E3_83_83_E3_83_84_list.html
%E3%82%A2%E3%82%A6%E3%83%88%E3%83%90%E3%83%BC%E3%83%B3%E3%83%96%E3%83%AA%E3%83%83%E3%83%84,アウトバーンブリッツ,2026-02-04,水,https://min-repo.com/2899953/,2899953,満遍なく設定,1の位が4の日。各機種に満遍なく設定が入る想定。,23405,68,3298,"☆押忍！番長ＺＥＲＯ
◯ウルトラミラクルジャグラー
▲スマスロ 攻殻機動隊
▲スマスロニューパルサーBT
▲Lパチスロからくりサーカス
▲Lスマスロ北斗の拳",2026-05-13T14:23:03,data/raw/2026-05-13/_E3_82_A2_E3_82_A6_E3_83_88_E3_83_90_E3_83_BC_E3_83_B3_E3_83_96_E3_83_AA_E3_83_83_E3_83_84_list.html
%E3%82%A2%E3%82%A6%E3%83%88%E3%83%90%E3%83%BC%E3%83%B3%E3%83%96%E3%83%AA%E3%83%83%E3%83%84,アウトバーンブリッツ,2026-02-02,月,https://min-repo.com/2896124/,2896124,,,,,2008,"☆ウルトラミラクルジャグラー
▲スマスロバジリスク～甲賀忍法帖～絆2 天膳 BLACK EDITION",2026-05-13T14:23:03,data/raw/2026-05-13/_E3_82_A2_E3_82_A6_E3_83_88_E3_83_90_E3_83_BC_E3_83_B3_E3_83_96_E3_83_AA_E3_83_83_E3_83_84_list.html
%E3%82%A2%E3%82%A6%E3%83%88%E3%83%90%E3%83%BC%E3%83%B3%E3%83%96%E3%83%AA%E3%83%83%E3%83%84,アウトバーンブリッツ,2026-02-01,日,https://min-repo.com/2894687/,2894687,,,24364,71,2790,"◎吉宗
◯パチスロ　甲鉄城のカバネリ
▲スマスロ 沖ドキ!DUO アンコール",2026-05-13T14:23:03,data/raw/2026-05-13/_E3_82_A2_E3_82_A6_E3_83_88_E3_83_90_E3_83_BC_E3_83_B3_E3_83_96_E3_83_AA_E3_83_83_E3_83_84_list.html
%E3%82%A2%E3%82%A6%E3%83%88%E3%83%90%E3%83%BC%E3%83%B3%E3%83%96%E3%83%AA%E3%83%83%E3%83%84,アウトバーンブリッツ,2026-01-31,土,https://min-repo.com/2892544/,2892544,,,,,2380,☆マイジャグラーV,2026-05-13T14:23:03,data/raw/2026-05-13/_E3_82_A2_E3_82_A6_E3_83_88_E3_83_90_E3_83_BC_E3_83_B3_E3_83_96_E3_83_AA_E3_83_83_E3_83_84_list.html
%E3%82%A2%E3%82%A6%E3%83%88%E3%83%90%E3%83%BC%E3%83%B3%E3%83%96%E3%83%AA%E3%83%83%E3%83%84,アウトバーンブリッツ,2026-01-30,金,https://min-repo.com/2890135/,2890135,,,55940,164,2056,◯ゴーゴージャグラー３,2026-05-13T14:23:03,data/raw/2026-05-13/_E3_82_A2_E3_82_A6_E3_83_88_E3_83_90_E3_83_BC_E3_83_B3_E3_83_96_E3_83_AA_E3_83_83_E3_83_84_list.html
%E3%82%A2%E3%82%A6%E3%83%88%E3%83%90%E3%83%BC%E3%83%B3%E3%83%96%E3%83%AA%E3%83%83%E3%83%84,アウトバーンブリッツ,2026-01-29,木,https://min-repo.com/2888408/,2888408,,,,,1489,☆スマスロ バイオハザード5,2026-05-13T14:23:03,data/raw/2026-05-13/_E3_82_A2_E3_82_A6_E3_83_88_E3_83_90_E3_83_BC_E3_83_B3_E3_83_96_E3_83_AA_E3_83_83_E3_83_84_list.html
%E3%82%A2%E3%82%A6%E3%83%88%E3%83%90%E3%83%BC%E3%83%B3%E3%83%96%E3%83%AA%E3%83%83%E3%83%84,アウトバーンブリッツ,2026-01-28,水,https://min-repo.com/2885615/,2885615,満遍なく設定,1の位が8の日。各機種に満遍なく設定が入る想定。,,,2643,◎スマスロモンキーターンV,2026-05-13T14:23:03,data/raw/2026-05-13/_E3_82_A2_E3_82_A6_E3_83_88_E3_83_90_E3_83_BC_E3_83_B3_E3_83_96_E3_83_AA_E3_83_83_E3_83_84_list.html
%E3%82%A2%E3%82%A6%E3%83%88%E3%83%90%E3%83%BC%E3%83%B3%E3%83%96%E3%83%AA%E3%83%83%E3%83%84,アウトバーンブリッツ,2026-01-27,火,https://min-repo.com/2884108/,2884108,,,,,1392,"☆スマスロ北斗の拳 転生の章2
◯押忍！番長ＺＥＲＯ
◯スマスロ化物語",2026-05-13T14:23:03,data/raw/2026-05-13/_E3_82_A2_E3_82_A6_E3_83_88_E3_83_90_E3_83_BC_E3_83_B3_E3_83_96_E3_83_AA_E3_83_83_E3_83_84_list.html
%E3%82%A2%E3%82%A6%E3%83%88%E3%83%90%E3%83%BC%E3%83%B3%E3%83%96%E3%83%AA%E3%83%83%E3%83%84,アウトバーンブリッツ,2026-01-26,月,https://min-repo.com/2882155/,2882155,,,5658,17,1432,◎スマスロ 東京リベンジャーズ,2026-05-13T14:23:03,data/raw/2026-05-13/_E3_82_A2_E3_82_A6_E3_83_88_E3_83_90_E3_83_BC_E3_83_B3_E3_83_96_E3_83_AA_E3_83_83_E3_83_84_list.html
%E3%82%A2%E3%82%A6%E3%83%88%E3%83%90%E3%83%BC%E3%83%B3%E3%83%96%E3%83%AA%E3%83%83%E3%83%84,アウトバーンブリッツ,2026-01-25,日,https://min-repo.com/2879607/,2879607,,,23001,67,2304,,2026-05-13T14:23:03,data/raw/2026-05-13/_E3_82_A2_E3_82_A6_E3_83_88_E3_83_90_E3_83_BC_E3_83_B3_E3_83_96_E3_83_AA_E3_83_83_E3_83_84_list.html
%E3%82%A2%E3%82%A6%E3%83%88%E3%83%90%E3%83%BC%E3%83%B3%E3%83%96%E3%83%AA%E3%83%83%E3%83%84,アウトバーンブリッツ,2026-01-24,土,https://min-repo.com/2877333/,2877333,満遍なく設定,1の位が4の日。各機種に満遍なく設定が入る想定。,72189,211,3486,"☆L島娘
◯ファンキージャグラー２ＫＴ
▲Lパチスロ革命機ヴァルヴレイヴ2
▲Lパチスロ炎炎ノ消防隊
▲スマスロ北斗の拳 転生の章2",2026-05-13T14:23:03,data/raw/2026-05-13/_E3_82_A2_E3_82_A6_E3_83_88_E3_83_90_E3_83_BC_E3_83_B3_E3_83_96_E3_83_AA_E3_83_83_E3_83_84_list.html
%E3%82%A2%E3%82%A6%E3%83%88%E3%83%90%E3%83%BC%E3%83%B3%E3%83%96%E3%83%AA%E3%83%83%E3%83%84,アウトバーンブリッツ,2026-01-23,金,https://min-repo.com/2876036/,2876036,,,,,1444,☆スマスロ バイオハザード5,2026-05-13T14:23:03,data/raw/2026-05-13/_E3_82_A2_E3_82_A6_E3_83_88_E3_83_90_E3_83_BC_E3_83_B3_E3_83_96_E3_83_AA_E3_83_83_E3_83_84_list.html
%E3%82%A2%E3%82%A6%E3%83%88%E3%83%90%E3%83%BC%E3%83%B3%E3%83%96%E3%83%AA%E3%83%83%E3%83%84,アウトバーンブリッツ,2026-01-22,木,https://min-repo.com/2873993/,2873993,,,,,1592,☆スマスロ マギアレコード 魔法少女まどか☆マギカ外伝,2026-05-13T14:23:03,data/raw/2026-05-13/_E3_82_A2_E3_82_A6_E3_83_88_E3_83_90_E3_83_BC_E3_83_B3_E3_83_96_E3_83_AA_E3_83_83_E3_83_84_list.html
%E3%82%A2%E3%82%A6%E3%83%88%E3%83%90%E3%83%BC%E3%83%B3%E3%83%96%E3%83%AA%E3%83%83%E3%83%84,アウトバーンブリッツ,2026-01-21,水,https://min-repo.com/2872959/,2872959,,,,,1435,◯スマスロ 東京リベンジャーズ,2026-05-13T14:23:03,data/raw/2026-05-13/_E3_82_A2_E3_82_A6_E3_83_88_E3_83_90_E3_83_BC_E3_83_B3_E3_83_96_E3_83_AA_E3_83_83_E3_83_84_list.html
%E3%82%A2%E3%82%A6%E3%83%88%E3%83%90%E3%83%BC%E3%83%B3%E3%83%96%E3%83%AA%E3%83%83%E3%83%84,アウトバーンブリッツ,2026-01-20,火,https://min-repo.com/2869619/,2869619,,,26877,79,1704,"▲スマスロ北斗の拳 転生の章2
▲Lパチスロ革命機ヴァルヴレイヴ2",2026-05-13T14:23:03,data/raw/2026-05-13/_E3_82_A2_E3_82_A6_E3_83_88_E3_83_90_E3_83_BC_E3_83_B3_E3_83_96_E3_83_AA_E3_83_83_E3_83_84_list.html
%E3%82%A2%E3%82%A6%E3%83%88%E3%83%90%E3%83%BC%E3%83%B3%E3%83%96%E3%83%AA%E3%83%83%E3%83%84,アウトバーンブリッツ,2026-01-19,月,https://min-repo.com/2867548/,2867548,,,22856,67,1657,"◯ネオアイムジャグラーEX
▲スマスロ北斗の拳 転生の章2",2026-05-13T14:23:03,data/raw/2026-05-13/_E3_82_A2_E3_82_A6_E3_83_88_E3_83_90_E3_83_BC_E3_83_B3_E3_83_96_E3_83_AA_E3_83_83_E3_83_84_list.html
%E3%82%A2%E3%82%A6%E3%83%88%E3%83%90%E3%83%BC%E3%83%B3%E3%83%96%E3%83%AA%E3%83%83%E3%83%84,アウトバーンブリッツ,2026-01-18,日,https://min-repo.com/2865078/,2865078,満遍なく設定,1の位が8の日。各機種に満遍なく設定が入る想定。,,,3209,"☆スマスロ痛いのは嫌なので防御力に極振りしたいと思います。
◯Lパチスロ炎炎ノ消防隊",2026-05-13T14:23:03,data/raw/2026-05-13/_E3_82_A2_E3_82_A6_E3_83_88_E3_83_90_E3_83_BC_E3_83_B3_E3_83_96_E3_83_AA_E3_83_83_E3_83_84_list.html
%E3%82%A2%E3%82%A6%E3%83%88%E3%83%90%E3%83%BC%E3%83%B3%E3%83%96%E3%83%AA%E3%83%83%E3%83%84,アウトバーンブリッツ,2026-01-17,土,https://min-repo.com/2863508/,2863508,,,35492,104,2014,"☆Lスマスロ北斗の拳
▲スマスロ北斗の拳 転生の章2",2026-05-13T14:23:03,data/raw/2026-05-13/_E3_82_A2_E3_82_A6_E3_83_88_E3_83_90_E3_83_BC_E3_83_B3_E3_83_96_E3_83_AA_E3_83_83_E3_83_84_list.html
%E3%82%A2%E3%82%A6%E3%83%88%E3%83%90%E3%83%BC%E3%83%B3%E3%83%96%E3%83%AA%E3%83%83%E3%83%84,アウトバーンブリッツ,2026-01-16,金,https://min-repo.com/2861540/,2861540,,,,,1582,"☆ジャグラーガールズSS
☆スマスロ北斗の拳 転生の章2
▲スマスロ新鬼武者3",2026-05-13T14:23:03,data/raw/2026-05-13/_E3_82_A2_E3_82_A6_E3_83_88_E3_83_90_E3_83_BC_E3_83_B3_E3_83_96_E3_83_AA_E3_83_83_E3_83_84_list.html
%E3%82%A2%E3%82%A6%E3%83%88%E3%83%90%E3%83%BC%E3%83%B3%E3%83%96%E3%83%AA%E3%83%83%E3%83%84,アウトバーンブリッツ,2026-01-15,木,https://min-repo.com/2858881/,2858881,,,,,1565,,2026-05-13T14:23:03,data/raw/2026-05-13/_E3_82_A2_E3_82_A6_E3_83_88_E3_83_90_E3_83_BC_E3_83_B3_E3_83_96_E3_83_AA_E3_83_83_E3_83_84_list.html
%E3%82%A2%E3%82%A6%E3%83%88%E3%83%90%E3%83%BC%E3%83%B3%E3%83%96%E3%83%AA%E3%83%83%E3%83%84,アウトバーンブリッツ,2026-01-14,水,https://min-repo.com/2856835/,2856835,満遍なく設定,1の位が4の日。各機種に満遍なく設定が入る想定。,79636,233,2703,"☆スマスロ北斗の拳 転生の章2
☆Lパチスロ革命機ヴァルヴレイヴ2
▲スマスロ化物語
▲スマスロ ゴッドイーター リザレクション",2026-05-13T14:23:03,data/raw/2026-05-13/_E3_82_A2_E3_82_A6_E3_83_88_E3_83_90_E3_83_BC_E3_83_B3_E3_83_96_E3_83_AA_E3_83_83_E3_83_84_list.html
%E3%82%A2%E3%82%A6%E3%83%88%E3%83%90%E3%83%BC%E3%83%B3%E3%83%96%E3%83%AA%E3%83%83%E3%83%84,アウトバーンブリッツ,2026-01-12,月,https://min-repo.com/2854596/,2854596,,,,,1811,"◎LBパチスロ ヱヴァンゲリヲン～約束の扉～
▲スマスロバジリスク～甲賀忍法帖～絆2 天膳 BLACK EDITION",2026-05-13T14:23:03,data/raw/2026-05-13/_E3_82_A2_E3_82_A6_E3_83_88_E3_83_90_E3_83_BC_E3_83_B3_E3_83_96_E3_83_AA_E3_83_83_E3_83_84_list.html
%E3%82%A2%E3%82%A6%E3%83%88%E3%83%90%E3%83%BC%E3%83%B3%E3%83%96%E3%83%AA%E3%83%83%E3%83%84,アウトバーンブリッツ,2026-01-11,日,https://min-repo.com/2850906/,2850906,,,16401,48,2524,"☆スマスロ スーパーブラックジャック
▲スマスロ モンスターハンターライズ
▲スマスロ化物語",2026-05-13T14:23:03,data/raw/2026-05-13/_E3_82_A2_E3_82_A6_E3_83_88_E3_83_90_E3_83_BC_E3_83_B3_E3_83_96_E3_83_AA_E3_83_83_E3_83_84_list.html
%E3%82%A2%E3%82%A6%E3%83%88%E3%83%90%E3%83%BC%E3%83%B3%E3%83%96%E3%83%AA%E3%83%83%E3%83%84,アウトバーンブリッツ,2026-01-10,土,https://min-repo.com/2848980/,2848980,,,49340,144,1988,"☆スマスロバジリスク～甲賀忍法帖～絆2 天膳 BLACK EDITION
☆押忍！番長ＺＥＲＯ",2026-05-13T14:23:03,data/raw/2026-05-13/_E3_82_A2_E3_82_A6_E3_83_88_E3_83_90_E3_83_BC_E3_83_B3_E3_83_96_E3_83_AA_E3_83_83_E3_83_84_list.html
%E3%82%A2%E3%82%A6%E3%83%88%E3%83%90%E3%83%BC%E3%83%B3%E3%83%96%E3%83%AA%E3%83%83%E3%83%84,アウトバーンブリッツ,2026-01-09,金,https://min-repo.com/2846943/,2846943,,,7789,23,1611,◎スマート沖スロ ドラゴンハナハナ～閃光～,2026-05-13T14:23:03,data/raw/2026-05-13/_E3_82_A2_E3_82_A6_E3_83_88_E3_83_90_E3_83_BC_E3_83_B3_E3_83_96_E3_83_AA_E3_83_83_E3_83_84_list.html
%E3%82%A2%E3%82%A6%E3%83%88%E3%83%90%E3%83%BC%E3%83%B3%E3%83%96%E3%83%AA%E3%83%83%E3%83%84,アウトバーンブリッツ,2026-01-08,木,https://min-repo.com/2844529/,2844529,満遍なく設定,1の位が8の日。各機種に満遍なく設定が入る想定。,39418,115,2656,"☆Lパチスロ炎炎ノ消防隊
☆スマスロ化物語
▲スマスロモンキーターンV",2026-05-13T14:23:03,data/raw/2026-05-13/_E3_82_A2_E3_82_A6_E3_83_88_E3_83_90_E3_83_BC_E3_83_B3_E3_83_96_E3_83_AA_E3_83_83_E3_83_84_list.html
%E3%82%A2%E3%82%A6%E3%83%88%E3%83%90%E3%83%BC%E3%83%B3%E3%83%96%E3%83%AA%E3%83%83%E3%83%84,アウトバーンブリッツ,2026-01-07,水,https://min-repo.com/2843029/,2843029,,,37822,111,1654,"◎吉宗
◯LBパチスロ ヱヴァンゲリヲン～約束の扉～
▲スマスロ デビルメイクライ5 スタイリッシュトライブ",2026-05-13T14:23:03,data/raw/2026-05-13/_E3_82_A2_E3_82_A6_E3_83_88_E3_83_90_E3_83_BC_E3_83_B3_E3_83_96_E3_83_AA_E3_83_83_E3_83_84_list.html
%E3%82%A2%E3%82%A6%E3%83%88%E3%83%90%E3%83%BC%E3%83%B3%E3%83%96%E3%83%AA%E3%83%83%E3%83%84,アウトバーンブリッツ,2026-01-06,火,https://min-repo.com/2841209/,2841209,,,24192,71,2126,☆スマスロ マギアレコード 魔法少女まどか☆マギカ外伝,2026-05-13T14:23:03,data/raw/2026-05-13/_E3_82_A2_E3_82_A6_E3_83_88_E3_83_90_E3_83_BC_E3_83_B3_E3_83_96_E3_83_AA_E3_83_83_E3_83_84_list.html
%E3%82%A2%E3%82%A6%E3%83%88%E3%83%90%E3%83%BC%E3%83%B3%E3%83%96%E3%83%AA%E3%83%83%E3%83%84,アウトバーンブリッツ,2026-01-05,月,https://min-repo.com/2838707/,2838707,,,13155,38,2039,"☆スマスロモンキーターンV
◯マイジャグラーV",2026-05-13T14:23:03,data/raw/2026-05-13/_E3_82_A2_E3_82_A6_E3_83_88_E3_83_90_E3_83_BC_E3_83_B3_E3_83_96_E3_83_AA_E3_83_83_E3_83_84_list.html
%E3%82%A2%E3%82%A6%E3%83%88%E3%83%90%E3%83%BC%E3%83%B3%E3%83%96%E3%83%AA%E3%83%83%E3%83%84,アウトバーンブリッツ,2026-01-04,日,https://min-repo.com/2836544/,2836544,満遍なく設定,1の位が4の日。各機種に満遍なく設定が入る想定。,33510,98,3494,"☆ウルトラミラクルジャグラー
▲スマスロ モンスターハンターライズ
▲スマスロ 東京リベンジャーズ
▲パチスロ　甲鉄城のカバネリ
▲Lパチスロからくりサーカス
▲末尾6",2026-05-13T14:23:03,data/raw/2026-05-13/_E3_82_A2_E3_82_A6_E3_83_88_E3_83_90_E3_83_BC_E3_83_B3_E3_83_96_E3_83_AA_E3_83_83_E3_83_84_list.html
%E3%82%A2%E3%82%A6%E3%83%88%E3%83%90%E3%83%BC%E3%83%B3%E3%83%96%E3%83%AA%E3%83%83%E3%83%84,アウトバーンブリッツ,2026-01-03,土,https://min-repo.com/2834729/,2834729,,,,,2506,"☆パチスロ　甲鉄城のカバネリ
☆スマスロ痛いのは嫌なので防御力に極振りしたいと思います。
▲Lダーリン・イン・ザ・フランキス
▲スマスロ バイオハザード5",2026-05-13T14:23:03,data/raw/2026-05-13/_E3_82_A2_E3_82_A6_E3_83_88_E3_83_90_E3_83_BC_E3_83_B3_E3_83_96_E3_83_AA_E3_83_83_E3_83_84_list.html
%E3%82%A2%E3%82%A6%E3%83%88%E3%83%90%E3%83%BC%E3%83%B3%E3%83%96%E3%83%AA%E3%83%83%E3%83%84,アウトバーンブリッツ,2026-01-02,金,https://min-repo.com/2832568/,2832568,,,,,1639,"☆ハッピージャグラーＶＩＩＩ
▲スマスロ化物語",2026-05-13T14:23:03,data/raw/2026-05-13/_E3_82_A2_E3_82_A6_E3_83_88_E3_83_90_E3_83_BC_E3_83_B3_E3_83_96_E3_83_AA_E3_83_83_E3_83_84_list.html
%E3%82%A2%E3%82%A6%E3%83%88%E3%83%90%E3%83%BC%E3%83%B3%E3%83%96%E3%83%AA%E3%83%83%E3%83%84,アウトバーンブリッツ,2026-01-01,木,https://min-repo.com/2830456/,2830456,,,5319,16,1656,☆ジャグラーガールズSS,2026-05-13T14:23:03,data/raw/2026-05-13/_E3_82_A2_E3_82_A6_E3_83_88_E3_83_90_E3_83_BC_E3_83_B3_E3_83_96_E3_83_AA_E3_83_83_E3_83_84_list.html
%E3%82%A2%E3%82%A6%E3%83%88%E3%83%90%E3%83%BC%E3%83%B3%E3%83%96%E3%83%AA%E3%83%83%E3%83%84,アウトバーンブリッツ,2025-12-31,水,https://min-repo.com/2828750/,2828750,,,37694,110,2297,"▲スマスロ化物語
▲Lパチスロ革命機ヴァルヴレイヴ",2026-05-13T14:23:03,data/raw/2026-05-13/_E3_82_A2_E3_82_A6_E3_83_88_E3_83_90_E3_83_BC_E3_83_B3_E3_83_96_E3_83_AA_E3_83_83_E3_83_84_list.html
%E3%82%A2%E3%82%A6%E3%83%88%E3%83%90%E3%83%BC%E3%83%B3%E3%83%96%E3%83%AA%E3%83%83%E3%83%84,アウトバーンブリッツ,2025-12-30,火,https://min-repo.com/2826531/,2826531,,,44616,130,3273,"☆スマスロ痛いのは嫌なので防御力に極振りしたいと思います。
☆押忍！番長ＺＥＲＯ
☆ファンキージャグラー２ＫＴ",2026-05-13T14:23:03,data/raw/2026-05-13/_E3_82_A2_E3_82_A6_E3_83_88_E3_83_90_E3_83_BC_E3_83_B3_E3_83_96_E3_83_AA_E3_83_83_E3_83_84_list.html
%E3%82%A2%E3%82%A6%E3%83%88%E3%83%90%E3%83%BC%E3%83%B3%E3%83%96%E3%83%AA%E3%83%83%E3%83%84,アウトバーンブリッツ,2025-12-29,月,https://min-repo.com/2824346/,2824346,,,339,1,2544,"☆マイジャグラーV
◯スマスロモンキーターンV",2026-05-13T14:23:03,data/raw/2026-05-13/_E3_82_A2_E3_82_A6_E3_83_88_E3_83_90_E3_83_BC_E3_83_B3_E3_83_96_E3_83_AA_E3_83_83_E3_83_84_list.html
%E3%82%A2%E3%82%A6%E3%83%88%E3%83%90%E3%83%BC%E3%83%B3%E3%83%96%E3%83%AA%E3%83%83%E3%83%84,アウトバーンブリッツ,2025-12-28,日,https://min-repo.com/2822072/,2822072,満遍なく設定,1の位が8の日。各機種に満遍なく設定が入る想定。,26389,77,3911,"☆Lパチスロ炎炎ノ消防隊
☆パチスロ　甲鉄城のカバネリ
☆スマスロバジリスク～甲賀忍法帖～絆2 天膳 BLACK EDITION
◯スマスロモンキーターンV
◯スマスロ新鬼武者3
◯マイジャグラーV
▲Lダーリン・イン・ザ・フランキス
▲スマスロ バイオハザード5",2026-05-13T14:23:03,data/raw/2026-05-13/_E3_82_A2_E3_82_A6_E3_83_88_E3_83_90_E3_83_BC_E3_83_B3_E3_83_96_E3_83_AA_E3_83_83_E3_83_84_list.html
%E3%82%A2%E3%82%A6%E3%83%88%E3%83%90%E3%83%BC%E3%83%B3%E3%83%96%E3%83%AA%E3%83%83%E3%83%84,アウトバーンブリッツ,2025-12-27,土,https://min-repo.com/2820146/,2820146,,,16317,48,2325,"◯ゴーゴージャグラー３
◯押忍！番長ＺＥＲＯ",2026-05-13T14:23:03,data/raw/2026-05-13/_E3_82_A2_E3_82_A6_E3_83_88_E3_83_90_E3_83_BC_E3_83_B3_E3_83_96_E3_83_AA_E3_83_83_E3_83_84_list.html
%E3%82%A2%E3%82%A6%E3%83%88%E3%83%90%E3%83%BC%E3%83%B3%E3%83%96%E3%83%AA%E3%83%83%E3%83%84,アウトバーンブリッツ,2025-12-26,金,https://min-repo.com/2817983/,2817983,,,,,2084,,2026-05-13T14:23:03,data/raw/2026-05-13/_E3_82_A2_E3_82_A6_E3_83_88_E3_83_90_E3_83_BC_E3_83_B3_E3_83_96_E3_83_AA_E3_83_83_E3_83_84_list.html
%E3%82%A2%E3%82%A6%E3%83%88%E3%83%90%E3%83%BC%E3%83%B3%E3%83%96%E3%83%AA%E3%83%83%E3%83%84,アウトバーンブリッツ,2025-12-24,水,https://min-repo.com/2813945/,2813945,満遍なく設定,1の位が4の日。各機種に満遍なく設定が入る想定。,35299,103,2849,"☆ジャグラーガールズSS
◯スマスロ 東京リベンジャーズ
▲スマスロバジリスク～甲賀忍法帖～絆2 天膳 BLACK EDITION",2026-05-13T14:23:03,data/raw/2026-05-13/_E3_82_A2_E3_82_A6_E3_83_88_E3_83_90_E3_83_BC_E3_83_B3_E3_83_96_E3_83_AA_E3_83_83_E3_83_84_list.html
%E3%82%A2%E3%82%A6%E3%83%88%E3%83%90%E3%83%BC%E3%83%B3%E3%83%96%E3%83%AA%E3%83%83%E3%83%84,アウトバーンブリッツ,2025-12-23,火,https://min-repo.com/2812556/,2812556,,,16297,48,1561,◎スマート沖スロ ドラゴンハナハナ～閃光～,2026-05-13T14:23:03,data/raw/2026-05-13/_E3_82_A2_E3_82_A6_E3_83_88_E3_83_90_E3_83_BC_E3_83_B3_E3_83_96_E3_83_AA_E3_83_83_E3_83_84_list.html
%E3%82%A2%E3%82%A6%E3%83%88%E3%83%90%E3%83%BC%E3%83%B3%E3%83%96%E3%83%AA%E3%83%83%E3%83%84,アウトバーンブリッツ,2025-12-22,月,https://min-repo.com/2810196/,2810196,,,,,1666,"☆マイジャグラーV
▲スマスロモンキーターンV",2026-05-13T14:23:03,data/raw/2026-05-13/_E3_82_A2_E3_82_A6_E3_83_88_E3_83_90_E3_83_BC_E3_83_B3_E3_83_96_E3_83_AA_E3_83_83_E3_83_84_list.html
%E3%82%A2%E3%82%A6%E3%83%88%E3%83%90%E3%83%BC%E3%83%B3%E3%83%96%E3%83%AA%E3%83%83%E3%83%84,アウトバーンブリッツ,2025-12-21,日,https://min-repo.com/2808625/,2808625,,,54964,161,2439,"◎Lスマスロ北斗の拳
▲Lパチスロ炎炎ノ消防隊",2026-05-13T14:23:03,data/raw/2026-05-13/_E3_82_A2_E3_82_A6_E3_83_88_E3_83_90_E3_83_BC_E3_83_B3_E3_83_96_E3_83_AA_E3_83_83_E3_83_84_list.html
%E3%82%A2%E3%82%A6%E3%83%88%E3%83%90%E3%83%BC%E3%83%B3%E3%83%96%E3%83%AA%E3%83%83%E3%83%84,アウトバーンブリッツ,2025-12-20,土,https://min-repo.com/2806562/,2806562,,,15386,45,1991,"☆マイジャグラーV
▲L ToLOVEるダークネス
▲吉宗",2026-05-13T14:23:03,data/raw/2026-05-13/_E3_82_A2_E3_82_A6_E3_83_88_E3_83_90_E3_83_BC_E3_83_B3_E3_83_96_E3_83_AA_E3_83_83_E3_83_84_list.html
%E3%82%A2%E3%82%A6%E3%83%88%E3%83%90%E3%83%BC%E3%83%B3%E3%83%96%E3%83%AA%E3%83%83%E3%83%84,アウトバーンブリッツ,2025-12-19,金,https://min-repo.com/2804100/,2804100,,,,,1475,,2026-05-13T14:23:03,data/raw/2026-05-13/_E3_82_A2_E3_82_A6_E3_83_88_E3_83_90_E3_83_BC_E3_83_B3_E3_83_96_E3_83_AA_E3_83_83_E3_83_84_list.html
%E3%82%A2%E3%82%A6%E3%83%88%E3%83%90%E3%83%BC%E3%83%B3%E3%83%96%E3%83%AA%E3%83%83%E3%83%84,アウトバーンブリッツ,2025-12-18,木,https://min-repo.com/2801837/,2801837,満遍なく設定,1の位が8の日。各機種に満遍なく設定が入る想定。,,,2238,"☆押忍！番長ＺＥＲＯ
▲L ToLOVEるダークネス",2026-05-13T14:23:03,data/raw/2026-05-13/_E3_82_A2_E3_82_A6_E3_83_88_E3_83_90_E3_83_BC_E3_83_B3_E3_83_96_E3_83_AA_E3_83_83_E3_83_84_list.html
%E3%82%A2%E3%82%A6%E3%83%88%E3%83%90%E3%83%BC%E3%83%B3%E3%83%96%E3%83%AA%E3%83%83%E3%83%84,アウトバーンブリッツ,2025-12-17,水,https://min-repo.com/2800442/,2800442,,,,,1474,◎スマスロ モンスターハンターライズ,2026-05-13T14:23:03,data/raw/2026-05-13/_E3_82_A2_E3_82_A6_E3_83_88_E3_83_90_E3_83_BC_E3_83_B3_E3_83_96_E3_83_AA_E3_83_83_E3_83_84_list.html
%E3%82%A2%E3%82%A6%E3%83%88%E3%83%90%E3%83%BC%E3%83%B3%E3%83%96%E3%83%AA%E3%83%83%E3%83%84,アウトバーンブリッツ,2025-12-16,火,https://min-repo.com/2798129/,2798129,,,,,1387,,2026-05-13T14:23:03,data/raw/2026-05-13/_E3_82_A2_E3_82_A6_E3_83_88_E3_83_90_E3_83_BC_E3_83_B3_E3_83_96_E3_83_AA_E3_83_83_E3_83_84_list.html
%E3%82%A2%E3%82%A6%E3%83%88%E3%83%90%E3%83%BC%E3%83%B3%E3%83%96%E3%83%AA%E3%83%83%E3%83%84,アウトバーンブリッツ,2025-12-15,月,https://min-repo.com/2795776/,2795776,,,7799,23,1955,"◎L南国育ち
◯ジャグラーガールズSS
◯ネオアイムジャグラーEX",2026-05-13T14:23:03,data/raw/2026-05-13/_E3_82_A2_E3_82_A6_E3_83_88_E3_83_90_E3_83_BC_E3_83_B3_E3_83_96_E3_83_AA_E3_83_83_E3_83_84_list.html
%E3%82%A2%E3%82%A6%E3%83%88%E3%83%90%E3%83%BC%E3%83%B3%E3%83%96%E3%83%AA%E3%83%83%E3%83%84,アウトバーンブリッツ,2025-12-14,日,https://min-repo.com/2793684/,2793684,満遍なく設定,1の位が4の日。各機種に満遍なく設定が入る想定。,,,3092,"☆スマスロ マギアレコード 魔法少女まどか☆マギカ外伝
◯ミスタージャグラー
▲スマスロ デビルメイクライ5 スタイリッシュトライブ
▲L ToLOVEるダークネス
▲スマスロ痛いのは嫌なので防御力に極振りしたいと思います。",2026-05-13T14:23:03,data/raw/2026-05-13/_E3_82_A2_E3_82_A6_E3_83_88_E3_83_90_E3_83_BC_E3_83_B3_E3_83_96_E3_83_AA_E3_83_83_E3_83_84_list.html
%E3%82%A2%E3%82%A6%E3%83%88%E3%83%90%E3%83%BC%E3%83%B3%E3%83%96%E3%83%AA%E3%83%83%E3%83%84,アウトバーンブリッツ,2025-12-13,土,https://min-repo.com/2792295/,2792295,,,23057,67,1772,"◯ハッピージャグラーＶＩＩＩ
◯マイジャグラーV
▲スマスロモンキーターンV",2026-05-13T14:23:03,data/raw/2026-05-13/_E3_82_A2_E3_82_A6_E3_83_88_E3_83_90_E3_83_BC_E3_83_B3_E3_83_96_E3_83_AA_E3_83_83_E3_83_84_list.html
%E3%82%A2%E3%82%A6%E3%83%88%E3%83%90%E3%83%BC%E3%83%B3%E3%83%96%E3%83%AA%E3%83%83%E3%83%84,アウトバーンブリッツ,2025-12-12,金,https://min-repo.com/2789670/,2789670,,,,,1542,▲L ToLOVEるダークネス,2026-05-13T14:23:03,data/raw/2026-05-13/_E3_82_A2_E3_82_A6_E3_83_88_E3_83_90_E3_83_BC_E3_83_B3_E3_83_96_E3_83_AA_E3_83_83_E3_83_84_list.html
%E3%82%A2%E3%82%A6%E3%83%88%E3%83%90%E3%83%BC%E3%83%B3%E3%83%96%E3%83%AA%E3%83%83%E3%83%84,アウトバーンブリッツ,2025-12-11,木,https://min-repo.com/2788110/,2788110,,,7800,23,1388,"☆スマスロ痛いのは嫌なので防御力に極振りしたいと思います。
◯LBパチスロ ヱヴァンゲリヲン～約束の扉～",2026-05-13T14:23:03,data/raw/2026-05-13/_E3_82_A2_E3_82_A6_E3_83_88_E3_83_90_E3_83_BC_E3_83_B3_E3_83_96_E3_83_AA_E3_83_83_E3_83_84_list.html
%E3%82%A2%E3%82%A6%E3%83%88%E3%83%90%E3%83%BC%E3%83%B3%E3%83%96%E3%83%AA%E3%83%83%E3%83%84,アウトバーンブリッツ,2025-12-10,水,https://min-repo.com/2786567/,2786567,,,14974,44,1427,"☆ミスタージャグラー
▲スマスロ バイオハザード5
▲スマスロバジリスク～甲賀忍法帖～絆2 天膳 BLACK EDITION",2026-05-13T14:23:03,data/raw/2026-05-13/_E3_82_A2_E3_82_A6_E3_83_88_E3_83_90_E3_83_BC_E3_83_B3_E3_83_96_E3_83_AA_E3_83_83_E3_83_84_list.html
%E3%82%A2%E3%82%A6%E3%83%88%E3%83%90%E3%83%BC%E3%83%B3%E3%83%96%E3%83%AA%E3%83%83%E3%83%84,アウトバーンブリッツ,2025-12-09,火,https://min-repo.com/2783932/,2783932,,,,,1650,"◎ハナハナホウオウ～天翔～-30
▲スマスロ スーパーブラックジャック",2026-05-13T14:23:03,data/raw/2026-05-13/_E3_82_A2_E3_82_A6_E3_83_88_E3_83_90_E3_83_BC_E3_83_B3_E3_83_96_E3_83_AA_E3_83_83_E3_83_84_list.html
%E3%82%A2%E3%82%A6%E3%83%88%E3%83%90%E3%83%BC%E3%83%B3%E3%83%96%E3%83%AA%E3%83%83%E3%83%84,アウトバーンブリッツ,2025-12-08,月,https://min-repo.com/2781684/,2781684,満遍なく設定,1の位が8の日。各機種に満遍なく設定が入る想定。,,,2581,"◯ウルトラミラクルジャグラー
▲Lパチスロ炎炎ノ消防隊",2026-05-13T14:23:03,data/raw/2026-05-13/_E3_82_A2_E3_82_A6_E3_83_88_E3_83_90_E3_83_BC_E3_83_B3_E3_83_96_E3_83_AA_E3_83_83_E3_83_84_list.html
%E3%82%A2%E3%82%A6%E3%83%88%E3%83%90%E3%83%BC%E3%83%B3%E3%83%96%E3%83%AA%E3%83%83%E3%83%84,アウトバーンブリッツ,2025-12-07,日,https://min-repo.com/2779846/,2779846,,,,,2499,"☆ジャグラーガールズSS
◎LBパチスロ ヱヴァンゲリヲン～約束の扉～",2026-05-13T14:23:03,data/raw/2026-05-13/_E3_82_A2_E3_82_A6_E3_83_88_E3_83_90_E3_83_BC_E3_83_B3_E3_83_96_E3_83_AA_E3_83_83_E3_83_84_list.html
%E3%82%A2%E3%82%A6%E3%83%88%E3%83%90%E3%83%BC%E3%83%B3%E3%83%96%E3%83%AA%E3%83%83%E3%83%84,アウトバーンブリッツ,2025-12-06,土,https://min-repo.com/2778255/,2778255,,,27347,80,1629,"☆スマスロ バイオハザード5
☆パチスロ　甲鉄城のカバネリ
▲チバリヨ2",2026-05-13T14:23:03,data/raw/2026-05-13/_E3_82_A2_E3_82_A6_E3_83_88_E3_83_90_E3_83_BC_E3_83_B3_E3_83_96_E3_83_AA_E3_83_83_E3_83_84_list.html
%E3%82%A2%E3%82%A6%E3%83%88%E3%83%90%E3%83%BC%E3%83%B3%E3%83%96%E3%83%AA%E3%83%83%E3%83%84,アウトバーンブリッツ,2025-12-05,金,https://min-repo.com/2775606/,2775606,,,,,1213,☆ミスタージャグラー,2026-05-13T14:23:03,data/raw/2026-05-13/_E3_82_A2_E3_82_A6_E3_83_88_E3_83_90_E3_83_BC_E3_83_B3_E3_83_96_E3_83_AA_E3_83_83_E3_83_84_list.html
%E3%82%A2%E3%82%A6%E3%83%88%E3%83%90%E3%83%BC%E3%83%B3%E3%83%96%E3%83%AA%E3%83%83%E3%83%84,アウトバーンブリッツ,2025-12-04,木,https://min-repo.com/2773562/,2773562,満遍なく設定,1の位が4の日。各機種に満遍なく設定が入る想定。,19329,57,2147,"☆押忍！番長ＺＥＲＯ
☆L ToLOVEるダークネス
☆スマスロ デビルメイクライ5 スタイリッシュトライブ
◯スマスロモンキーターンV",2026-05-13T14:23:03,data/raw/2026-05-13/_E3_82_A2_E3_82_A6_E3_83_88_E3_83_90_E3_83_BC_E3_83_B3_E3_83_96_E3_83_AA_E3_83_83_E3_83_84_list.html
%E3%82%A2%E3%82%A6%E3%83%88%E3%83%90%E3%83%BC%E3%83%B3%E3%83%96%E3%83%AA%E3%83%83%E3%83%84,アウトバーンブリッツ,2025-12-03,水,https://min-repo.com/2771636/,2771636,,,22378,65,1412,"☆押忍！番長ＺＥＲＯ
▲スマスロバジリスク～甲賀忍法帖～絆2 天膳 BLACK EDITION",2026-05-13T14:23:03,data/raw/2026-05-13/_E3_82_A2_E3_82_A6_E3_83_88_E3_83_90_E3_83_BC_E3_83_B3_E3_83_96_E3_83_AA_E3_83_83_E3_83_84_list.html
%E3%82%A2%E3%82%A6%E3%83%88%E3%83%90%E3%83%BC%E3%83%B3%E3%83%96%E3%83%AA%E3%83%83%E3%83%84,アウトバーンブリッツ,2025-12-02,火,https://min-repo.com/2769845/,2769845,,,29817,87,1522,"◯ジャグラーガールズSS
▲L ToLOVEるダークネス
▲チバリヨ2",2026-05-13T14:23:03,data/raw/2026-05-13/_E3_82_A2_E3_82_A6_E3_83_88_E3_83_90_E3_83_BC_E3_83_B3_E3_83_96_E3_83_AA_E3_83_83_E3_83_84_list.html
%E3%82%A2%E3%82%A6%E3%83%88%E3%83%90%E3%83%BC%E3%83%B3%E3%83%96%E3%83%AA%E3%83%83%E3%83%84,アウトバーンブリッツ,2025-12-01,月,https://min-repo.com/2767770/,2767770,,,,,1168,,2026-05-13T14:23:03,data/raw/2026-05-13/_E3_82_A2_E3_82_A6_E3_83_88_E3_83_90_E3_83_BC_E3_83_B3_E3_83_96_E3_83_AA_E3_83_83_E3_83_84_list.html
%E3%82%A2%E3%82%A6%E3%83%88%E3%83%90%E3%83%BC%E3%83%B3%E3%83%96%E3%83%AA%E3%83%83%E3%83%84,アウトバーンブリッツ,2025-11-30,日,https://min-repo.com/2766127/,2766127,,,,,3049,"◯押忍！番長ＺＥＲＯ
◯ミスタージャグラー
▲吉宗",2026-05-13T14:23:03,data/raw/2026-05-13/_E3_82_A2_E3_82_A6_E3_83_88_E3_83_90_E3_83_BC_E3_83_B3_E3_83_96_E3_83_AA_E3_83_83_E3_83_84_list.html
%E3%82%A2%E3%82%A6%E3%83%88%E3%83%90%E3%83%BC%E3%83%B3%E3%83%96%E3%83%AA%E3%83%83%E3%83%84,アウトバーンブリッツ,2025-11-29,土,https://min-repo.com/2763772/,2763772,,,,,1220,,2026-05-13T14:23:03,data/raw/2026-05-13/_E3_82_A2_E3_82_A6_E3_83_88_E3_83_90_E3_83_BC_E3_83_B3_E3_83_96_E3_83_AA_E3_83_83_E3_83_84_list.html
%E3%82%A2%E3%82%A6%E3%83%88%E3%83%90%E3%83%BC%E3%83%B3%E3%83%96%E3%83%AA%E3%83%83%E3%83%84,アウトバーンブリッツ,2025-11-28,金,https://min-repo.com/2761342/,2761342,満遍なく設定,1の位が8の日。各機種に満遍なく設定が入る想定。,25047,73,2460,"☆パチスロ　甲鉄城のカバネリ
▲チバリヨ2
▲L ToLOVEるダークネス",2026-05-13T14:23:03,data/raw/2026-05-13/_E3_82_A2_E3_82_A6_E3_83_88_E3_83_90_E3_83_BC_E3_83_B3_E3_83_96_E3_83_AA_E3_83_83_E3_83_84_list.html
%E3%82%A2%E3%82%A6%E3%83%88%E3%83%90%E3%83%BC%E3%83%B3%E3%83%96%E3%83%AA%E3%83%83%E3%83%84,アウトバーンブリッツ,2025-11-27,木,https://min-repo.com/2760279/,2760279,,,17847,52,1089,,2026-05-13T14:23:03,data/raw/2026-05-13/_E3_82_A2_E3_82_A6_E3_83_88_E3_83_90_E3_83_BC_E3_83_B3_E3_83_96_E3_83_AA_E3_83_83_E3_83_84_list.html
%E3%82%A2%E3%82%A6%E3%83%88%E3%83%90%E3%83%BC%E3%83%B3%E3%83%96%E3%83%AA%E3%83%83%E3%83%84,アウトバーンブリッツ,2025-11-26,水,https://min-repo.com/2758277/,2758277,,,,,981,,2026-05-13T14:23:03,data/raw/2026-05-13/_E3_82_A2_E3_82_A6_E3_83_88_E3_83_90_E3_83_BC_E3_83_B3_E3_83_96_E3_83_AA_E3_83_83_E3_83_84_list.html
%E3%82%A2%E3%82%A6%E3%83%88%E3%83%90%E3%83%BC%E3%83%B3%E3%83%96%E3%83%AA%E3%83%83%E3%83%84,アウトバーンブリッツ,2025-11-25,火,https://min-repo.com/2755463/,2755463,,,,,1190,,2026-05-13T14:23:03,data/raw/2026-05-13/_E3_82_A2_E3_82_A6_E3_83_88_E3_83_90_E3_83_BC_E3_83_B3_E3_83_96_E3_83_AA_E3_83_83_E3_83_84_list.html
%E3%82%A2%E3%82%A6%E3%83%88%E3%83%90%E3%83%BC%E3%83%B3%E3%83%96%E3%83%AA%E3%83%83%E3%83%84,アウトバーンブリッツ,2025-11-24,月,https://min-repo.com/2754698/,2754698,満遍なく設定,1の位が4の日。各機種に満遍なく設定が入る想定。,40087,117,3037,"☆スマスロ スーパーブラックジャック
◎吉宗
◯マイジャグラーV
▲スマスロ デビルメイクライ5 スタイリッシュトライブ",2026-05-13T14:23:03,data/raw/2026-05-13/_E3_82_A2_E3_82_A6_E3_83_88_E3_83_90_E3_83_BC_E3_83_B3_E3_83_96_E3_83_AA_E3_83_83_E3_83_84_list.html
%E3%82%A2%E3%82%A6%E3%83%88%E3%83%90%E3%83%BC%E3%83%B3%E3%83%96%E3%83%AA%E3%83%83%E3%83%84,アウトバーンブリッツ,2025-11-23,日,https://min-repo.com/2752184/,2752184,,,17621,52,1845,▲スマスロ 東京リベンジャーズ,2026-05-13T14:23:03,data/raw/2026-05-13/_E3_82_A2_E3_82_A6_E3_83_88_E3_83_90_E3_83_BC_E3_83_B3_E3_83_96_E3_83_AA_E3_83_83_E3_83_84_list.html
%E3%82%A2%E3%82%A6%E3%83%88%E3%83%90%E3%83%BC%E3%83%B3%E3%83%96%E3%83%AA%E3%83%83%E3%83%84,アウトバーンブリッツ,2025-11-22,土,https://min-repo.com/2749807/,2749807,,,,,1330,,2026-05-13T14:23:03,data/raw/2026-05-13/_E3_82_A2_E3_82_A6_E3_83_88_E3_83_90_E3_83_BC_E3_83_B3_E3_83_96_E3_83_AA_E3_83_83_E3_83_84_list.html
%E3%82%A2%E3%82%A6%E3%83%88%E3%83%90%E3%83%BC%E3%83%B3%E3%83%96%E3%83%AA%E3%83%83%E3%83%84,アウトバーンブリッツ,2025-11-21,金,https://min-repo.com/2747857/,2747857,,,11782,34,1244,"☆Lパチスロ革命機ヴァルヴレイヴ2
◯マイジャグラーV",2026-05-13T14:23:03,data/raw/2026-05-13/_E3_82_A2_E3_82_A6_E3_83_88_E3_83_90_E3_83_BC_E3_83_B3_E3_83_96_E3_83_AA_E3_83_83_E3_83_84_list.html
%E3%82%A2%E3%82%A6%E3%83%88%E3%83%90%E3%83%BC%E3%83%B3%E3%83%96%E3%83%AA%E3%83%83%E3%83%84,アウトバーンブリッツ,2025-11-20,木,https://min-repo.com/2746044/,2746044,,,3973,12,1245,,2026-05-13T14:23:03,data/raw/2026-05-13/_E3_82_A2_E3_82_A6_E3_83_88_E3_83_90_E3_83_BC_E3_83_B3_E3_83_96_E3_83_AA_E3_83_83_E3_83_84_list.html
%E3%82%A2%E3%82%A6%E3%83%88%E3%83%90%E3%83%BC%E3%83%B3%E3%83%96%E3%83%AA%E3%83%83%E3%83%84,アウトバーンブリッツ,2025-11-19,水,https://min-repo.com/2743302/,2743302,,,,,1215,,2026-05-13T14:23:03,data/raw/2026-05-13/_E3_82_A2_E3_82_A6_E3_83_88_E3_83_90_E3_83_BC_E3_83_B3_E3_83_96_E3_83_AA_E3_83_83_E3_83_84_list.html
%E3%82%A2%E3%82%A6%E3%83%88%E3%83%90%E3%83%BC%E3%83%B3%E3%83%96%E3%83%AA%E3%83%83%E3%83%84,アウトバーンブリッツ,2025-11-18,火,https://min-repo.com/2741078/,2741078,満遍なく設定,1の位が8の日。各機種に満遍なく設定が入る想定。,18373,54,2148,"◯ジャグラーガールズSS
▲スマスロ新鬼武者3
▲スマスロ 東京リベンジャーズ",2026-05-13T14:23:03,data/raw/2026-05-13/_E3_82_A2_E3_82_A6_E3_83_88_E3_83_90_E3_83_BC_E3_83_B3_E3_83_96_E3_83_AA_E3_83_83_E3_83_84_list.html
%E3%82%A2%E3%82%A6%E3%83%88%E3%83%90%E3%83%BC%E3%83%B3%E3%83%96%E3%83%AA%E3%83%83%E3%83%84,アウトバーンブリッツ,2025-11-17,月,https://min-repo.com/2739580/,2739580,,,4075,12,1174,,2026-05-13T14:23:03,data/raw/2026-05-13/_E3_82_A2_E3_82_A6_E3_83_88_E3_83_90_E3_83_BC_E3_83_B3_E3_83_96_E3_83_AA_E3_83_83_E3_83_84_list.html
%E3%82%A2%E3%82%A6%E3%83%88%E3%83%90%E3%83%BC%E3%83%B3%E3%83%96%E3%83%AA%E3%83%83%E3%83%84,アウトバーンブリッツ,2025-11-16,日,https://min-repo.com/2737849/,2737849,,,,,2118,"◎スマスロ新鬼武者3
▲スマスロ 東京リベンジャーズ
▲スマスロモンキーターンV",2026-05-13T14:23:03,data/raw/2026-05-13/_E3_82_A2_E3_82_A6_E3_83_88_E3_83_90_E3_83_BC_E3_83_B3_E3_83_96_E3_83_AA_E3_83_83_E3_83_84_list.html
%E3%82%A2%E3%82%A6%E3%83%88%E3%83%90%E3%83%BC%E3%83%B3%E3%83%96%E3%83%AA%E3%83%83%E3%83%84,アウトバーンブリッツ,2025-11-15,土,https://min-repo.com/2734905/,2734905,,,,,1393,☆スマスロバジリスク～甲賀忍法帖～絆2 天膳 BLACK EDITION,2026-05-13T14:23:03,data/raw/2026-05-13/_E3_82_A2_E3_82_A6_E3_83_88_E3_83_90_E3_83_BC_E3_83_B3_E3_83_96_E3_83_AA_E3_83_83_E3_83_84_list.html
%E3%82%A2%E3%82%A6%E3%83%88%E3%83%90%E3%83%BC%E3%83%B3%E3%83%96%E3%83%AA%E3%83%83%E3%83%84,アウトバーンブリッツ,2025-11-14,金,https://min-repo.com/2732874/,2732874,満遍なく設定,1の位が4の日。各機種に満遍なく設定が入る想定。,35915,105,2457,"☆スマスロ痛いのは嫌なので防御力に極振りしたいと思います。
▲スマスロモンキーターンV
▲スマスロ新鬼武者3
▲スマスロ モンスターハンターライズ",2026-05-13T14:23:03,data/raw/2026-05-13/_E3_82_A2_E3_82_A6_E3_83_88_E3_83_90_E3_83_BC_E3_83_B3_E3_83_96_E3_83_AA_E3_83_83_E3_83_84_list.html
%E3%82%A2%E3%82%A6%E3%83%88%E3%83%90%E3%83%BC%E3%83%B3%E3%83%96%E3%83%AA%E3%83%83%E3%83%84,アウトバーンブリッツ,2025-11-13,木,https://min-repo.com/2731283/,2731283,,,,,917,,2026-05-13T14:23:03,data/raw/2026-05-13/_E3_82_A2_E3_82_A6_E3_83_88_E3_83_90_E3_83_BC_E3_83_B3_E3_83_96_E3_83_AA_E3_83_83_E3_83_84_list.html
%E3%82%A2%E3%82%A6%E3%83%88%E3%83%90%E3%83%BC%E3%83%B3%E3%83%96%E3%83%AA%E3%83%83%E3%83%84,アウトバーンブリッツ,2025-11-12,水,https://min-repo.com/2729639/,2729639,,,16986,50,1242,"◯ミスタージャグラー
▲チバリヨ2",2026-05-13T14:23:03,data/raw/2026-05-13/_E3_82_A2_E3_82_A6_E3_83_88_E3_83_90_E3_83_BC_E3_83_B3_E3_83_96_E3_83_AA_E3_83_83_E3_83_84_list.html
%E3%82%A2%E3%82%A6%E3%83%88%E3%83%90%E3%83%BC%E3%83%B3%E3%83%96%E3%83%AA%E3%83%83%E3%83%84,アウトバーンブリッツ,2025-11-11,火,https://min-repo.com/2728189/,2728189,,,25471,74,1733,,2026-05-13T14:23:03,data/raw/2026-05-13/_E3_82_A2_E3_82_A6_E3_83_88_E3_83_90_E3_83_BC_E3_83_B3_E3_83_96_E3_83_AA_E3_83_83_E3_83_84_list.html
%E3%82%A2%E3%82%A6%E3%83%88%E3%83%90%E3%83%BC%E3%83%B3%E3%83%96%E3%83%AA%E3%83%83%E3%83%84,アウトバーンブリッツ,2025-11-10,月,https://min-repo.com/2725454/,2725454,,,,,1193,,2026-05-13T14:23:03,data/raw/2026-05-13/_E3_82_A2_E3_82_A6_E3_83_88_E3_83_90_E3_83_BC_E3_83_B3_E3_83_96_E3_83_AA_E3_83_83_E3_83_84_list.html
%E3%82%A2%E3%82%A6%E3%83%88%E3%83%90%E3%83%BC%E3%83%B3%E3%83%96%E3%83%AA%E3%83%83%E3%83%84,アウトバーンブリッツ,2025-11-09,日,https://min-repo.com/2722793/,2722793,,,,,1996,▲スマスロ新鬼武者3,2026-05-13T14:23:03,data/raw/2026-05-13/_E3_82_A2_E3_82_A6_E3_83_88_E3_83_90_E3_83_BC_E3_83_B3_E3_83_96_E3_83_AA_E3_83_83_E3_83_84_list.html
%E3%82%A2%E3%82%A6%E3%83%88%E3%83%90%E3%83%BC%E3%83%B3%E3%83%96%E3%83%AA%E3%83%83%E3%83%84,アウトバーンブリッツ,2025-11-08,土,https://min-repo.com/2720577/,2720577,満遍なく設定,1の位が8の日。各機種に満遍なく設定が入る想定。,32017,94,3133,"☆スマスロ マギアレコード 魔法少女まどか☆マギカ外伝
☆スマスロバジリスク～甲賀忍法帖～絆2 天膳 BLACK EDITION
☆ジャグラーガールズSS
◯ミスタージャグラー",2026-05-13T14:23:03,data/raw/2026-05-13/_E3_82_A2_E3_82_A6_E3_83_88_E3_83_90_E3_83_BC_E3_83_B3_E3_83_96_E3_83_AA_E3_83_83_E3_83_84_list.html
%E3%82%A2%E3%82%A6%E3%83%88%E3%83%90%E3%83%BC%E3%83%B3%E3%83%96%E3%83%AA%E3%83%83%E3%83%84,アウトバーンブリッツ,2025-11-07,金,https://min-repo.com/2718933/,2718933,,,,,1338,▲Lパチスロ革命機ヴァルヴレイヴ2,2026-05-13T14:23:03,data/raw/2026-05-13/_E3_82_A2_E3_82_A6_E3_83_88_E3_83_90_E3_83_BC_E3_83_B3_E3_83_96_E3_83_AA_E3_83_83_E3_83_84_list.html
%E3%82%A2%E3%82%A6%E3%83%88%E3%83%90%E3%83%BC%E3%83%B3%E3%83%96%E3%83%AA%E3%83%83%E3%83%84,アウトバーンブリッツ,2025-11-05,水,https://min-repo.com/2714703/,2714703,,,2532,7,1354,,2026-05-13T14:23:03,data/raw/2026-05-13/_E3_82_A2_E3_82_A6_E3_83_88_E3_83_90_E3_83_BC_E3_83_B3_E3_83_96_E3_83_AA_E3_83_83_E3_83_84_list.html
%E3%82%A2%E3%82%A6%E3%83%88%E3%83%90%E3%83%BC%E3%83%B3%E3%83%96%E3%83%AA%E3%83%83%E3%83%84,アウトバーンブリッツ,2025-11-04,火,https://min-repo.com/2712750/,2712750,満遍なく設定,1の位が4の日。各機種に満遍なく設定が入る想定。,3535,10,3344,"☆スマスロバジリスク～甲賀忍法帖～絆2 天膳 BLACK EDITION
◯吉宗
▲スマスロモンキーターンV",2026-05-13T14:23:03,data/raw/2026-05-13/_E3_82_A2_E3_82_A6_E3_83_88_E3_83_90_E3_83_BC_E3_83_B3_E3_83_96_E3_83_AA_E3_83_83_E3_83_84_list.html
%E3%82%A2%E3%82%A6%E3%83%88%E3%83%90%E3%83%BC%E3%83%B3%E3%83%96%E3%83%AA%E3%83%83%E3%83%84,アウトバーンブリッツ,2025-11-03,月,https://min-repo.com/2711527/,2711527,,,26467,77,1531,▲Lパチスロ革命機ヴァルヴレイヴ,2026-05-13T14:23:03,data/raw/2026-05-13/_E3_82_A2_E3_82_A6_E3_83_88_E3_83_90_E3_83_BC_E3_83_B3_E3_83_96_E3_83_AA_E3_83_83_E3_83_84_list.html
%E3%82%A2%E3%82%A6%E3%83%88%E3%83%90%E3%83%BC%E3%83%B3%E3%83%96%E3%83%AA%E3%83%83%E3%83%84,アウトバーンブリッツ,2025-11-02,日,https://min-repo.com/2709081/,2709081,,,,,1662,,2026-05-13T14:23:03,data/raw/2026-05-13/_E3_82_A2_E3_82_A6_E3_83_88_E3_83_90_E3_83_BC_E3_83_B3_E3_83_96_E3_83_AA_E3_83_83_E3_83_84_list.html
%E3%82%A2%E3%82%A6%E3%83%88%E3%83%90%E3%83%BC%E3%83%B3%E3%83%96%E3%83%AA%E3%83%83%E3%83%84,アウトバーンブリッツ,2025-11-01,土,https://min-repo.com/2707662/,2707662,,,29917,87,1999,▲スマスロ 東京リベンジャーズ,2026-05-13T14:23:03,data/raw/2026-05-13/_E3_82_A2_E3_82_A6_E3_83_88_E3_83_90_E3_83_BC_E3_83_B3_E3_83_96_E3_83_AA_E3_83_83_E3_83_84_list.html
%E3%82%A2%E3%82%A6%E3%83%88%E3%83%90%E3%83%BC%E3%83%B3%E3%83%96%E3%83%AA%E3%83%83%E3%83%84,アウトバーンブリッツ,2025-10-31,金,https://min-repo.com/2705269/,2705269,,,,,1241,,2026-05-13T14:23:03,data/raw/2026-05-13/_E3_82_A2_E3_82_A6_E3_83_88_E3_83_90_E3_83_BC_E3_83_B3_E3_83_96_E3_83_AA_E3_83_83_E3_83_84_list.html
%E3%82%A2%E3%82%A6%E3%83%88%E3%83%90%E3%83%BC%E3%83%B3%E3%83%96%E3%83%AA%E3%83%83%E3%83%84,アウトバーンブリッツ,2025-10-30,木,https://min-repo.com/2703818/,2703818,,,34853,102,1179,,2026-05-13T14:23:03,data/raw/2026-05-13/_E3_82_A2_E3_82_A6_E3_83_88_E3_83_90_E3_83_BC_E3_83_B3_E3_83_96_E3_83_AA_E3_83_83_E3_83_84_list.html
%E3%82%A2%E3%82%A6%E3%83%88%E3%83%90%E3%83%BC%E3%83%B3%E3%83%96%E3%83%AA%E3%83%83%E3%83%84,アウトバーンブリッツ,2025-10-29,水,https://min-repo.com/2701105/,2701105,,,6188,18,1171,"▲Lパチスロ炎炎ノ消防隊
▲ミスタージャグラー",2026-05-13T14:23:03,data/raw/2026-05-13/_E3_82_A2_E3_82_A6_E3_83_88_E3_83_90_E3_83_BC_E3_83_B3_E3_83_96_E3_83_AA_E3_83_83_E3_83_84_list.html
%E3%82%A2%E3%82%A6%E3%83%88%E3%83%90%E3%83%BC%E3%83%B3%E3%83%96%E3%83%AA%E3%83%83%E3%83%84,アウトバーンブリッツ,2025-10-28,火,https://min-repo.com/2698555/,2698555,満遍なく設定,1の位が8の日。各機種に満遍なく設定が入る想定。,49075,143,2406,"◯ミスタージャグラー
◯ジャグラーガールズSS",2026-05-13T14:23:03,data/raw/2026-05-13/_E3_82_A2_E3_82_A6_E3_83_88_E3_83_90_E3_83_BC_E3_83_B3_E3_83_96_E3_83_AA_E3_83_83_E3_83_84_list.html
%E3%82%A2%E3%82%A6%E3%83%88%E3%83%90%E3%83%BC%E3%83%B3%E3%83%96%E3%83%AA%E3%83%83%E3%83%84,アウトバーンブリッツ,2025-10-27,月,https://min-repo.com/2697667/,2697667,,,,,1178,,2026-05-13T14:23:03,data/raw/2026-05-13/_E3_82_A2_E3_82_A6_E3_83_88_E3_83_90_E3_83_BC_E3_83_B3_E3_83_96_E3_83_AA_E3_83_83_E3_83_84_list.html
%E3%82%A2%E3%82%A6%E3%83%88%E3%83%90%E3%83%BC%E3%83%B3%E3%83%96%E3%83%AA%E3%83%83%E3%83%84,アウトバーンブリッツ,2025-10-26,日,https://min-repo.com/2695633/,2695633,,,,,1531,,2026-05-13T14:23:03,data/raw/2026-05-13/_E3_82_A2_E3_82_A6_E3_83_88_E3_83_90_E3_83_BC_E3_83_B3_E3_83_96_E3_83_AA_E3_83_83_E3_83_84_list.html
%E3%82%A2%E3%82%A6%E3%83%88%E3%83%90%E3%83%BC%E3%83%B3%E3%83%96%E3%83%AA%E3%83%83%E3%83%84,アウトバーンブリッツ,2025-10-25,土,https://min-repo.com/2692446/,2692446,,,,,1617,,2026-05-13T14:23:03,data/raw/2026-05-13/_E3_82_A2_E3_82_A6_E3_83_88_E3_83_90_E3_83_BC_E3_83_B3_E3_83_96_E3_83_AA_E3_83_83_E3_83_84_list.html
%E3%82%A2%E3%82%A6%E3%83%88%E3%83%90%E3%83%BC%E3%83%B3%E3%83%96%E3%83%AA%E3%83%83%E3%83%84,アウトバーンブリッツ,2025-10-24,金,https://min-repo.com/2690502/,2690502,満遍なく設定,1の位が4の日。各機種に満遍なく設定が入る想定。,7840,23,2485,"☆スマスロ スーパーブラックジャック
☆押忍！番長ＺＥＲＯ
◎スマスロ ゴッドイーター リザレクション
◯ウルトラミラクルジャグラー",2026-05-13T14:23:03,data/raw/2026-05-13/_E3_82_A2_E3_82_A6_E3_83_88_E3_83_90_E3_83_BC_E3_83_B3_E3_83_96_E3_83_AA_E3_83_83_E3_83_84_list.html
%E3%82%A2%E3%82%A6%E3%83%88%E3%83%90%E3%83%BC%E3%83%B3%E3%83%96%E3%83%AA%E3%83%83%E3%83%84,アウトバーンブリッツ,2025-10-23,木,https://min-repo.com/2688769/,2688769,,,,,1021,,2026-05-13T14:23:03,data/raw/2026-05-13/_E3_82_A2_E3_82_A6_E3_83_88_E3_83_90_E3_83_BC_E3_83_B3_E3_83_96_E3_83_AA_E3_83_83_E3_83_84_list.html
%E3%82%A2%E3%82%A6%E3%83%88%E3%83%90%E3%83%BC%E3%83%B3%E3%83%96%E3%83%AA%E3%83%83%E3%83%84,アウトバーンブリッツ,2025-10-22,水,https://min-repo.com/2686372/,2686372,,,4194,12,1308,▲末尾8,2026-05-13T14:23:03,data/raw/2026-05-13/_E3_82_A2_E3_82_A6_E3_83_88_E3_83_90_E3_83_BC_E3_83_B3_E3_83_96_E3_83_AA_E3_83_83_E3_83_84_list.html
%E3%82%A2%E3%82%A6%E3%83%88%E3%83%90%E3%83%BC%E3%83%B3%E3%83%96%E3%83%AA%E3%83%83%E3%83%84,アウトバーンブリッツ,2025-10-19,日,https://min-repo.com/2680365/,2680365,,,4651,14,1729,▲スマスロ モンスターハンターライズ,2026-05-13T14:23:03,data/raw/2026-05-13/_E3_82_A2_E3_82_A6_E3_83_88_E3_83_90_E3_83_BC_E3_83_B3_E3_83_96_E3_83_AA_E3_83_83_E3_83_84_list.html
%E3%82%A2%E3%82%A6%E3%83%88%E3%83%90%E3%83%BC%E3%83%B3%E3%83%96%E3%83%AA%E3%83%83%E3%83%84,アウトバーンブリッツ,2025-10-18,土,https://min-repo.com/2678199/,2678199,満遍なく設定,1の位が8の日。各機種に満遍なく設定が入る想定。,116828,342,3325,"☆Lパチスロ炎炎ノ消防隊
☆スマスロ痛いのは嫌なので防御力に極振りしたいと思います。
▲スマスロバジリスク～甲賀忍法帖～絆2 天膳 BLACK EDITION
▲スマスロ新鬼武者3
▲スマスロ 東京リベンジャーズ",2026-05-13T14:23:03,data/raw/2026-05-13/_E3_82_A2_E3_82_A6_E3_83_88_E3_83_90_E3_83_BC_E3_83_B3_E3_83_96_E3_83_AA_E3_83_83_E3_83_84_list.html
%E3%82%A2%E3%82%A6%E3%83%88%E3%83%90%E3%83%BC%E3%83%B3%E3%83%96%E3%83%AA%E3%83%83%E3%83%84,アウトバーンブリッツ,2025-10-17,金,https://min-repo.com/2676462/,2676462,,,,,1328,,2026-05-13T14:23:03,data/raw/2026-05-13/_E3_82_A2_E3_82_A6_E3_83_88_E3_83_90_E3_83_BC_E3_83_B3_E3_83_96_E3_83_AA_E3_83_83_E3_83_84_list.html
%E3%82%A2%E3%82%A6%E3%83%88%E3%83%90%E3%83%BC%E3%83%B3%E3%83%96%E3%83%AA%E3%83%83%E3%83%84,アウトバーンブリッツ,2025-10-16,木,https://min-repo.com/2675190/,2675190,,,5489,16,1548,"▲押忍！番長ＺＥＲＯ
▲Lパチスロ革命機ヴァルヴレイヴ",2026-05-13T14:23:03,data/raw/2026-05-13/_E3_82_A2_E3_82_A6_E3_83_88_E3_83_90_E3_83_BC_E3_83_B3_E3_83_96_E3_83_AA_E3_83_83_E3_83_84_list.html
%E3%82%A2%E3%82%A6%E3%83%88%E3%83%90%E3%83%BC%E3%83%B3%E3%83%96%E3%83%AA%E3%83%83%E3%83%84,アウトバーンブリッツ,2025-10-15,水,https://min-repo.com/2672045/,2672045,,,,,1437,,2026-05-13T14:23:03,data/raw/2026-05-13/_E3_82_A2_E3_82_A6_E3_83_88_E3_83_90_E3_83_BC_E3_83_B3_E3_83_96_E3_83_AA_E3_83_83_E3_83_84_list.html
%E3%82%A2%E3%82%A6%E3%83%88%E3%83%90%E3%83%BC%E3%83%B3%E3%83%96%E3%83%AA%E3%83%83%E3%83%84,アウトバーンブリッツ,2025-10-14,火,https://min-repo.com/2670007/,2670007,満遍なく設定,1の位が4の日。各機種に満遍なく設定が入る想定。,73630,215,2660,"☆スマスロモンキーターンV
☆ミスタージャグラー
▲スマスロ痛いのは嫌なので防御力に極振りしたいと思います。
▲スマスロ ゴッドイーター リザレクション",2026-05-13T14:23:03,data/raw/2026-05-13/_E3_82_A2_E3_82_A6_E3_83_88_E3_83_90_E3_83_BC_E3_83_B3_E3_83_96_E3_83_AA_E3_83_83_E3_83_84_list.html
%E3%82%A2%E3%82%A6%E3%83%88%E3%83%90%E3%83%BC%E3%83%B3%E3%83%96%E3%83%AA%E3%83%83%E3%83%84,アウトバーンブリッツ,2025-10-13,月,https://min-repo.com/2669132/,2669132,,,33309,97,1708,▲押忍！番長ＺＥＲＯ,2026-05-13T14:23:03,data/raw/2026-05-13/_E3_82_A2_E3_82_A6_E3_83_88_E3_83_90_E3_83_BC_E3_83_B3_E3_83_96_E3_83_AA_E3_83_83_E3_83_84_list.html
%E3%82%A2%E3%82%A6%E3%83%88%E3%83%90%E3%83%BC%E3%83%B3%E3%83%96%E3%83%AA%E3%83%83%E3%83%84,アウトバーンブリッツ,2025-10-12,日,https://min-repo.com/2666748/,2666748,,,,,1915,"▲スマスロ 東京リベンジャーズ
▲スマスロ新鬼武者3",2026-05-13T14:23:03,data/raw/2026-05-13/_E3_82_A2_E3_82_A6_E3_83_88_E3_83_90_E3_83_BC_E3_83_B3_E3_83_96_E3_83_AA_E3_83_83_E3_83_84_list.html
%E3%82%A2%E3%82%A6%E3%83%88%E3%83%90%E3%83%BC%E3%83%B3%E3%83%96%E3%83%AA%E3%83%83%E3%83%84,アウトバーンブリッツ,2025-10-11,土,https://min-repo.com/2665266/,2665266,,,18113,53,2031,▲スマスロ マギアレコード 魔法少女まどか☆マギカ外伝,2026-05-13T14:23:03,data/raw/2026-05-13/_E3_82_A2_E3_82_A6_E3_83_88_E3_83_90_E3_83_BC_E3_83_B3_E3_83_96_E3_83_AA_E3_83_83_E3_83_84_list.html
%E3%82%A2%E3%82%A6%E3%83%88%E3%83%90%E3%83%BC%E3%83%B3%E3%83%96%E3%83%AA%E3%83%83%E3%83%84,アウトバーンブリッツ,2025-10-10,金,https://min-repo.com/2661955/,2661955,,,,,1882,,2026-05-13T14:23:03,data/raw/2026-05-13/_E3_82_A2_E3_82_A6_E3_83_88_E3_83_90_E3_83_BC_E3_83_B3_E3_83_96_E3_83_AA_E3_83_83_E3_83_84_list.html
%E3%82%A2%E3%82%A6%E3%83%88%E3%83%90%E3%83%BC%E3%83%B3%E3%83%96%E3%83%AA%E3%83%83%E3%83%84,アウトバーンブリッツ,2025-10-08,水,https://min-repo.com/2657864/,2657864,満遍なく設定,1の位が8の日。各機種に満遍なく設定が入る想定。,39444,115,2884,"▲スマスロ マギアレコード 魔法少女まどか☆マギカ外伝
▲スマスロ バイオハザード5
◯末尾8",2026-05-13T14:23:03,data/raw/2026-05-13/_E3_82_A2_E3_82_A6_E3_83_88_E3_83_90_E3_83_BC_E3_83_B3_E3_83_96_E3_83_AA_E3_83_83_E3_83_84_list.html
%E3%82%A2%E3%82%A6%E3%83%88%E3%83%90%E3%83%BC%E3%83%B3%E3%83%96%E3%83%AA%E3%83%83%E3%83%84,アウトバーンブリッツ,2025-10-07,火,https://min-repo.com/2656448/,2656448,,,35050,102,1755,"▲スマスロ バイオハザード5
▲押忍！番長ＺＥＲＯ
▲末尾7",2026-05-13T14:23:03,data/raw/2026-05-13/_E3_82_A2_E3_82_A6_E3_83_88_E3_83_90_E3_83_BC_E3_83_B3_E3_83_96_E3_83_AA_E3_83_83_E3_83_84_list.html
%E3%82%A2%E3%82%A6%E3%83%88%E3%83%90%E3%83%BC%E3%83%B3%E3%83%96%E3%83%AA%E3%83%83%E3%83%84,アウトバーンブリッツ,2025-10-06,月,https://min-repo.com/2654580/,2654580,,,16182,47,1905,,2026-05-13T14:23:03,data/raw/2026-05-13/_E3_82_A2_E3_82_A6_E3_83_88_E3_83_90_E3_83_BC_E3_83_B3_E3_83_96_E3_83_AA_E3_83_83_E3_83_84_list.html
%E3%82%A2%E3%82%A6%E3%83%88%E3%83%90%E3%83%BC%E3%83%B3%E3%83%96%E3%83%AA%E3%83%83%E3%83%84,アウトバーンブリッツ,2025-10-05,日,https://min-repo.com/2651969/,2651969,,,14061,41,2260,▲押忍！番長ＺＥＲＯ,2026-05-13T14:23:03,data/raw/2026-05-13/_E3_82_A2_E3_82_A6_E3_83_88_E3_83_90_E3_83_BC_E3_83_B3_E3_83_96_E3_83_AA_E3_83_83_E3_83_84_list.html
%E3%82%A2%E3%82%A6%E3%83%88%E3%83%90%E3%83%BC%E3%83%B3%E3%83%96%E3%83%AA%E3%83%83%E3%83%84,アウトバーンブリッツ,2025-10-04,土,https://min-repo.com/2649921/,2649921,満遍なく設定,1の位が4の日。各機種に満遍なく設定が入る想定。,25494,75,4084,"☆押忍！番長ＺＥＲＯ
☆ミスタージャグラー
▲スマスロ スーパーブラックジャック
▲ジャグラーガールズSS
▲スマスロ デビルメイクライ5 スタイリッシュトライブ
◯末尾4",2026-05-13T14:23:03,data/raw/2026-05-13/_E3_82_A2_E3_82_A6_E3_83_88_E3_83_90_E3_83_BC_E3_83_B3_E3_83_96_E3_83_AA_E3_83_83_E3_83_84_list.html
%E3%82%A2%E3%82%A6%E3%83%88%E3%83%90%E3%83%BC%E3%83%B3%E3%83%96%E3%83%AA%E3%83%83%E3%83%84,アウトバーンブリッツ,2025-10-03,金,https://min-repo.com/2648506/,2648506,,,13546,40,1724,,2026-05-13T14:23:03,data/raw/2026-05-13/_E3_82_A2_E3_82_A6_E3_83_88_E3_83_90_E3_83_BC_E3_83_B3_E3_83_96_E3_83_AA_E3_83_83_E3_83_84_list.html
%E3%82%A2%E3%82%A6%E3%83%88%E3%83%90%E3%83%BC%E3%83%B3%E3%83%96%E3%83%AA%E3%83%83%E3%83%84,アウトバーンブリッツ,2025-10-02,木,https://min-repo.com/2646494/,2646494,,,,,1509,▲スマスロ 東京リベンジャーズ,2026-05-13T14:23:03,data/raw/2026-05-13/_E3_82_A2_E3_82_A6_E3_83_88_E3_83_90_E3_83_BC_E3_83_B3_E3_83_96_E3_83_AA_E3_83_83_E3_83_84_list.html
%E3%82%A2%E3%82%A6%E3%83%88%E3%83%90%E3%83%BC%E3%83%B3%E3%83%96%E3%83%AA%E3%83%83%E3%83%84,アウトバーンブリッツ,2025-10-01,水,https://min-repo.com/2644071/,2644071,,,10394,30,1547,,2026-05-13T14:23:03,data/raw/2026-05-13/_E3_82_A2_E3_82_A6_E3_83_88_E3_83_90_E3_83_BC_E3_83_B3_E3_83_96_E3_83_AA_E3_83_83_E3_83_84_list.html
%E3%82%A2%E3%82%A6%E3%83%88%E3%83%90%E3%83%BC%E3%83%B3%E3%83%96%E3%83%AA%E3%83%83%E3%83%84,アウトバーンブリッツ,2025-09-30,火,https://min-repo.com/2642710/,2642710,,,13174,39,1587,▲スマスロモンキーターンV,2026-05-13T14:23:03,data/raw/2026-05-13/_E3_82_A2_E3_82_A6_E3_83_88_E3_83_90_E3_83_BC_E3_83_B3_E3_83_96_E3_83_AA_E3_83_83_E3_83_84_list.html
%E3%82%A2%E3%82%A6%E3%83%88%E3%83%90%E3%83%BC%E3%83%B3%E3%83%96%E3%83%AA%E3%83%83%E3%83%84,アウトバーンブリッツ,2025-09-29,月,https://min-repo.com/2640002/,2640002,,,,,1233,▲ミスタージャグラー,2026-05-13T14:23:03,data/raw/2026-05-13/_E3_82_A2_E3_82_A6_E3_83_88_E3_83_90_E3_83_BC_E3_83_B3_E3_83_96_E3_83_AA_E3_83_83_E3_83_84_list.html
%E3%82%A2%E3%82%A6%E3%83%88%E3%83%90%E3%83%BC%E3%83%B3%E3%83%96%E3%83%AA%E3%83%83%E3%83%84,アウトバーンブリッツ,2025-09-28,日,https://min-repo.com/2637648/,2637648,満遍なく設定,1の位が8の日。各機種に満遍なく設定が入る想定。,102671,300,3754,"☆Lダーリン・イン・ザ・フランキス
◎スマスロモンキーターンV
◯スマスロ バイオハザード5
▲スマスロ マギアレコード 魔法少女まどか☆マギカ外伝
▲ジャグラーガールズSS",2026-05-13T14:23:03,data/raw/2026-05-13/_E3_82_A2_E3_82_A6_E3_83_88_E3_83_90_E3_83_BC_E3_83_B3_E3_83_96_E3_83_AA_E3_83_83_E3_83_84_list.html
%E3%82%A2%E3%82%A6%E3%83%88%E3%83%90%E3%83%BC%E3%83%B3%E3%83%96%E3%83%AA%E3%83%83%E3%83%84,アウトバーンブリッツ,2025-09-27,土,https://min-repo.com/2635871/,2635871,,,57709,169,1865,"☆ミスタージャグラー
▲スマスロ マギアレコード 魔法少女まどか☆マギカ外伝
▲末尾1",2026-05-13T14:23:03,data/raw/2026-05-13/_E3_82_A2_E3_82_A6_E3_83_88_E3_83_90_E3_83_BC_E3_83_B3_E3_83_96_E3_83_AA_E3_83_83_E3_83_84_list.html
%E3%82%A2%E3%82%A6%E3%83%88%E3%83%90%E3%83%BC%E3%83%B3%E3%83%96%E3%83%AA%E3%83%83%E3%83%84,アウトバーンブリッツ,2025-09-26,金,https://min-repo.com/2634162/,2634162,,,3405,10,1473,▲パチスロ炎炎ノ消防隊,2026-05-13T14:23:03,data/raw/2026-05-13/_E3_82_A2_E3_82_A6_E3_83_88_E3_83_90_E3_83_BC_E3_83_B3_E3_83_96_E3_83_AA_E3_83_83_E3_83_84_list.html
%E3%82%A2%E3%82%A6%E3%83%88%E3%83%90%E3%83%BC%E3%83%B3%E3%83%96%E3%83%AA%E3%83%83%E3%83%84,アウトバーンブリッツ,2025-09-25,木,https://min-repo.com/2631567/,2631567,,,9190,27,1665,,2026-05-13T14:23:03,data/raw/2026-05-13/_E3_82_A2_E3_82_A6_E3_83_88_E3_83_90_E3_83_BC_E3_83_B3_E3_83_96_E3_83_AA_E3_83_83_E3_83_84_list.html
%E3%82%A2%E3%82%A6%E3%83%88%E3%83%90%E3%83%BC%E3%83%B3%E3%83%96%E3%83%AA%E3%83%83%E3%83%84,アウトバーンブリッツ,2025-09-24,水,https://min-repo.com/2629571/,2629571,満遍なく設定,1の位が4の日。各機種に満遍なく設定が入る想定。,3724,11,2834,"☆パチスロ炎炎ノ消防隊
▲スマスロモンキーターンV
◯末尾4",2026-05-13T14:23:03,data/raw/2026-05-13/_E3_82_A2_E3_82_A6_E3_83_88_E3_83_90_E3_83_BC_E3_83_B3_E3_83_96_E3_83_AA_E3_83_83_E3_83_84_list.html
%E3%82%A2%E3%82%A6%E3%83%88%E3%83%90%E3%83%BC%E3%83%B3%E3%83%96%E3%83%AA%E3%83%83%E3%83%84,アウトバーンブリッツ,2025-09-23,火,https://min-repo.com/2629334/,2629334,,,32608,95,2328,,2026-05-13T14:23:03,data/raw/2026-05-13/_E3_82_A2_E3_82_A6_E3_83_88_E3_83_90_E3_83_BC_E3_83_B3_E3_83_96_E3_83_AA_E3_83_83_E3_83_84_list.html
%E3%82%A2%E3%82%A6%E3%83%88%E3%83%90%E3%83%BC%E3%83%B3%E3%83%96%E3%83%AA%E3%83%83%E3%83%84,アウトバーンブリッツ,2025-09-22,月,https://min-repo.com/2627144/,2627144,,,8140,24,1313,▲Lパチスロからくりサーカス,2026-05-13T14:23:03,data/raw/2026-05-13/_E3_82_A2_E3_82_A6_E3_83_88_E3_83_90_E3_83_BC_E3_83_B3_E3_83_96_E3_83_AA_E3_83_83_E3_83_84_list.html
%E3%82%A2%E3%82%A6%E3%83%88%E3%83%90%E3%83%BC%E3%83%B3%E3%83%96%E3%83%AA%E3%83%83%E3%83%84,アウトバーンブリッツ,2025-09-21,日,https://min-repo.com/2625321/,2625321,,,,,1828,,2026-05-13T14:23:03,data/raw/2026-05-13/_E3_82_A2_E3_82_A6_E3_83_88_E3_83_90_E3_83_BC_E3_83_B3_E3_83_96_E3_83_AA_E3_83_83_E3_83_84_list.html
%E3%82%A2%E3%82%A6%E3%83%88%E3%83%90%E3%83%BC%E3%83%B3%E3%83%96%E3%83%AA%E3%83%83%E3%83%84,アウトバーンブリッツ,2025-09-20,土,https://min-repo.com/2622593/,2622593,,,,,1834,▲スマスロバジリスク～甲賀忍法帖～絆2 天膳 BLACK EDITION,2026-05-13T14:23:03,data/raw/2026-05-13/_E3_82_A2_E3_82_A6_E3_83_88_E3_83_90_E3_83_BC_E3_83_B3_E3_83_96_E3_83_AA_E3_83_83_E3_83_84_list.html
%E3%82%A2%E3%82%A6%E3%83%88%E3%83%90%E3%83%BC%E3%83%B3%E3%83%96%E3%83%AA%E3%83%83%E3%83%84,アウトバーンブリッツ,2025-09-19,金,https://min-repo.com/2619578/,2619578,,,,,1140,,2026-05-13T14:23:03,data/raw/2026-05-13/_E3_82_A2_E3_82_A6_E3_83_88_E3_83_90_E3_83_BC_E3_83_B3_E3_83_96_E3_83_AA_E3_83_83_E3_83_84_list.html
%E3%82%A2%E3%82%A6%E3%83%88%E3%83%90%E3%83%BC%E3%83%B3%E3%83%96%E3%83%AA%E3%83%83%E3%83%84,アウトバーンブリッツ,2025-09-18,木,https://min-repo.com/2617208/,2617208,満遍なく設定,1の位が8の日。各機種に満遍なく設定が入る想定。,44703,131,2519,▲スマスロ バイオハザード5,2026-05-13T14:23:03,data/raw/2026-05-13/_E3_82_A2_E3_82_A6_E3_83_88_E3_83_90_E3_83_BC_E3_83_B3_E3_83_96_E3_83_AA_E3_83_83_E3_83_84_list.html
%E3%82%A2%E3%82%A6%E3%83%88%E3%83%90%E3%83%BC%E3%83%B3%E3%83%96%E3%83%AA%E3%83%83%E3%83%84,アウトバーンブリッツ,2025-09-17,水,https://min-repo.com/2615432/,2615432,,,24916,73,1104,◯スマスロ 東京リベンジャーズ,2026-05-13T14:23:03,data/raw/2026-05-13/_E3_82_A2_E3_82_A6_E3_83_88_E3_83_90_E3_83_BC_E3_83_B3_E3_83_96_E3_83_AA_E3_83_83_E3_83_84_list.html
%E3%82%A2%E3%82%A6%E3%83%88%E3%83%90%E3%83%BC%E3%83%B3%E3%83%96%E3%83%AA%E3%83%83%E3%83%84,アウトバーンブリッツ,2025-09-16,火,https://min-repo.com/2614198/,2614198,,,26262,77,1298,◎スマスロモンキーターンV,2026-05-13T14:23:03,data/raw/2026-05-13/_E3_82_A2_E3_82_A6_E3_83_88_E3_83_90_E3_83_BC_E3_83_B3_E3_83_96_E3_83_AA_E3_83_83_E3_83_84_list.html
%E3%82%A2%E3%82%A6%E3%83%88%E3%83%90%E3%83%BC%E3%83%B3%E3%83%96%E3%83%AA%E3%83%83%E3%83%84,アウトバーンブリッツ,2025-09-15,月,https://min-repo.com/2611069/,2611069,,,,,2026,,2026-05-13T14:23:03,data/raw/2026-05-13/_E3_82_A2_E3_82_A6_E3_83_88_E3_83_90_E3_83_BC_E3_83_B3_E3_83_96_E3_83_AA_E3_83_83_E3_83_84_list.html
%E3%82%A2%E3%82%A6%E3%83%88%E3%83%90%E3%83%BC%E3%83%B3%E3%83%96%E3%83%AA%E3%83%83%E3%83%84,アウトバーンブリッツ,2025-09-14,日,https://min-repo.com/2609026/,2609026,満遍なく設定,1の位が4の日。各機種に満遍なく設定が入る想定。,53802,157,3714,"☆パチスロ炎炎ノ消防隊
▲スマスロ モンスターハンターライズ
▲スマスロ ゴッドイーター リザレクション
▲Lダーリン・イン・ザ・フランキス
◯末尾4",2026-05-13T14:23:03,data/raw/2026-05-13/_E3_82_A2_E3_82_A6_E3_83_88_E3_83_90_E3_83_BC_E3_83_B3_E3_83_96_E3_83_AA_E3_83_83_E3_83_84_list.html
%E3%82%A2%E3%82%A6%E3%83%88%E3%83%90%E3%83%BC%E3%83%B3%E3%83%96%E3%83%AA%E3%83%83%E3%83%84,アウトバーンブリッツ,2025-09-13,土,https://min-repo.com/2607804/,2607804,,,,,2214,"▲スマスロバジリスク～甲賀忍法帖～絆2 天膳 BLACK EDITION
▲スマスロ バイオハザード5",2026-05-13T14:23:03,data/raw/2026-05-13/_E3_82_A2_E3_82_A6_E3_83_88_E3_83_90_E3_83_BC_E3_83_B3_E3_83_96_E3_83_AA_E3_83_83_E3_83_84_list.html
%E3%82%A2%E3%82%A6%E3%83%88%E3%83%90%E3%83%BC%E3%83%B3%E3%83%96%E3%83%AA%E3%83%83%E3%83%84,アウトバーンブリッツ,2025-09-12,金,https://min-repo.com/2605424/,2605424,,,,,1454,,2026-05-13T14:23:03,data/raw/2026-05-13/_E3_82_A2_E3_82_A6_E3_83_88_E3_83_90_E3_83_BC_E3_83_B3_E3_83_96_E3_83_AA_E3_83_83_E3_83_84_list.html
%E3%82%A2%E3%82%A6%E3%83%88%E3%83%90%E3%83%BC%E3%83%B3%E3%83%96%E3%83%AA%E3%83%83%E3%83%84,アウトバーンブリッツ,2025-09-11,木,https://min-repo.com/2603354/,2603354,,,13430,39,1535,,2026-05-13T14:23:03,data/raw/2026-05-13/_E3_82_A2_E3_82_A6_E3_83_88_E3_83_90_E3_83_BC_E3_83_B3_E3_83_96_E3_83_AA_E3_83_83_E3_83_84_list.html
%E3%82%A2%E3%82%A6%E3%83%88%E3%83%90%E3%83%BC%E3%83%B3%E3%83%96%E3%83%AA%E3%83%83%E3%83%84,アウトバーンブリッツ,2025-09-09,火,https://min-repo.com/2600745/,2600745,,,49234,144,1914,"▲スマスロ マギアレコード 魔法少女まどか☆マギカ外伝
◯末尾9",2026-05-13T14:23:03,data/raw/2026-05-13/_E3_82_A2_E3_82_A6_E3_83_88_E3_83_90_E3_83_BC_E3_83_B3_E3_83_96_E3_83_AA_E3_83_83_E3_83_84_list.html
%E3%82%A2%E3%82%A6%E3%83%88%E3%83%90%E3%83%BC%E3%83%B3%E3%83%96%E3%83%AA%E3%83%83%E3%83%84,アウトバーンブリッツ,2025-09-08,月,https://min-repo.com/2597044/,2597044,満遍なく設定,1の位が8の日。各機種に満遍なく設定が入る想定。,,,2965,◯ミスタージャグラー,2026-05-13T14:23:03,data/raw/2026-05-13/_E3_82_A2_E3_82_A6_E3_83_88_E3_83_90_E3_83_BC_E3_83_B3_E3_83_96_E3_83_AA_E3_83_83_E3_83_84_list.html
%E3%82%A2%E3%82%A6%E3%83%88%E3%83%90%E3%83%BC%E3%83%B3%E3%83%96%E3%83%AA%E3%83%83%E3%83%84,アウトバーンブリッツ,2025-09-07,日,https://min-repo.com/2595745/,2595745,,,,,1817,▲Lダーリン・イン・ザ・フランキス,2026-05-13T14:23:03,data/raw/2026-05-13/_E3_82_A2_E3_82_A6_E3_83_88_E3_83_90_E3_83_BC_E3_83_B3_E3_83_96_E3_83_AA_E3_83_83_E3_83_84_list.html
%E3%82%A2%E3%82%A6%E3%83%88%E3%83%90%E3%83%BC%E3%83%B3%E3%83%96%E3%83%AA%E3%83%83%E3%83%84,アウトバーンブリッツ,2025-09-06,土,https://min-repo.com/2594220/,2594220,,,,,2032,◯ミスタージャグラー,2026-05-13T14:23:03,data/raw/2026-05-13/_E3_82_A2_E3_82_A6_E3_83_88_E3_83_90_E3_83_BC_E3_83_B3_E3_83_96_E3_83_AA_E3_83_83_E3_83_84_list.html
%E3%82%A2%E3%82%A6%E3%83%88%E3%83%90%E3%83%BC%E3%83%B3%E3%83%96%E3%83%AA%E3%83%83%E3%83%84,アウトバーンブリッツ,2025-09-05,金,https://min-repo.com/2590974/,2590974,,,,,1243,,2026-05-13T14:23:03,data/raw/2026-05-13/_E3_82_A2_E3_82_A6_E3_83_88_E3_83_90_E3_83_BC_E3_83_B3_E3_83_96_E3_83_AA_E3_83_83_E3_83_84_list.html
%E3%82%A2%E3%82%A6%E3%83%88%E3%83%90%E3%83%BC%E3%83%B3%E3%83%96%E3%83%AA%E3%83%83%E3%83%84,アウトバーンブリッツ,2025-09-04,木,https://min-repo.com/2588865/,2588865,満遍なく設定,1の位が4の日。各機種に満遍なく設定が入る想定。,21327,62,2546,▲押忍！番長ＺＥＲＯ,2026-05-13T14:23:03,data/raw/2026-05-13/_E3_82_A2_E3_82_A6_E3_83_88_E3_83_90_E3_83_BC_E3_83_B3_E3_83_96_E3_83_AA_E3_83_83_E3_83_84_list.html
%E3%82%A2%E3%82%A6%E3%83%88%E3%83%90%E3%83%BC%E3%83%B3%E3%83%96%E3%83%AA%E3%83%83%E3%83%84,アウトバーンブリッツ,2025-09-03,水,https://min-repo.com/2587389/,2587389,,,,,1199,,2026-05-13T14:23:03,data/raw/2026-05-13/_E3_82_A2_E3_82_A6_E3_83_88_E3_83_90_E3_83_BC_E3_83_B3_E3_83_96_E3_83_AA_E3_83_83_E3_83_84_list.html
%E3%82%A2%E3%82%A6%E3%83%88%E3%83%90%E3%83%BC%E3%83%B3%E3%83%96%E3%83%AA%E3%83%83%E3%83%84,アウトバーンブリッツ,2025-09-02,火,https://min-repo.com/2585925/,2585925,,,22029,64,1449,,2026-05-13T14:23:03,data/raw/2026-05-13/_E3_82_A2_E3_82_A6_E3_83_88_E3_83_90_E3_83_BC_E3_83_B3_E3_83_96_E3_83_AA_E3_83_83_E3_83_84_list.html
%E3%82%A2%E3%82%A6%E3%83%88%E3%83%90%E3%83%BC%E3%83%B3%E3%83%96%E3%83%AA%E3%83%83%E3%83%84,アウトバーンブリッツ,2025-09-01,月,https://min-repo.com/2583253/,2583253,,,,,1281,,2026-05-13T14:23:03,data/raw/2026-05-13/_E3_82_A2_E3_82_A6_E3_83_88_E3_83_90_E3_83_BC_E3_83_B3_E3_83_96_E3_83_AA_E3_83_83_E3_83_84_list.html
%E3%82%A2%E3%82%A6%E3%83%88%E3%83%90%E3%83%BC%E3%83%B3%E3%83%96%E3%83%AA%E3%83%83%E3%83%84,アウトバーンブリッツ,2025-08-31,日,https://min-repo.com/2581779/,2581779,,,37199,109,1990,◯押忍！番長ＺＥＲＯ,2026-05-13T14:23:03,data/raw/2026-05-13/_E3_82_A2_E3_82_A6_E3_83_88_E3_83_90_E3_83_BC_E3_83_B3_E3_83_96_E3_83_AA_E3_83_83_E3_83_84_list.html
%E3%82%A2%E3%82%A6%E3%83%88%E3%83%90%E3%83%BC%E3%83%B3%E3%83%96%E3%83%AA%E3%83%83%E3%83%84,アウトバーンブリッツ,2025-08-30,土,https://min-repo.com/2580082/,2580082,,,37507,110,1863,,2026-05-13T14:23:03,data/raw/2026-05-13/_E3_82_A2_E3_82_A6_E3_83_88_E3_83_90_E3_83_BC_E3_83_B3_E3_83_96_E3_83_AA_E3_83_83_E3_83_84_list.html
%E3%82%A2%E3%82%A6%E3%83%88%E3%83%90%E3%83%BC%E3%83%B3%E3%83%96%E3%83%AA%E3%83%83%E3%83%84,アウトバーンブリッツ,2025-08-29,金,https://min-repo.com/2577104/,2577104,,,12817,37,1173,,2026-05-13T14:23:03,data/raw/2026-05-13/_E3_82_A2_E3_82_A6_E3_83_88_E3_83_90_E3_83_BC_E3_83_B3_E3_83_96_E3_83_AA_E3_83_83_E3_83_84_list.html
%E3%82%A2%E3%82%A6%E3%83%88%E3%83%90%E3%83%BC%E3%83%B3%E3%83%96%E3%83%AA%E3%83%83%E3%83%84,アウトバーンブリッツ,2025-08-28,木,https://min-repo.com/2574597/,2574597,満遍なく設定,1の位が8の日。各機種に満遍なく設定が入る想定。,36803,108,2281,"☆スマスロ マギアレコード 魔法少女まどか☆マギカ外伝
◯ミスタージャグラー",2026-05-13T14:23:03,data/raw/2026-05-13/_E3_82_A2_E3_82_A6_E3_83_88_E3_83_90_E3_83_BC_E3_83_B3_E3_83_96_E3_83_AA_E3_83_83_E3_83_84_list.html
%E3%82%A2%E3%82%A6%E3%83%88%E3%83%90%E3%83%BC%E3%83%B3%E3%83%96%E3%83%AA%E3%83%83%E3%83%84,アウトバーンブリッツ,2025-08-27,水,https://min-repo.com/2573244/,2573244,,,,,1279,,2026-05-13T14:23:03,data/raw/2026-05-13/_E3_82_A2_E3_82_A6_E3_83_88_E3_83_90_E3_83_BC_E3_83_B3_E3_83_96_E3_83_AA_E3_83_83_E3_83_84_list.html
%E3%82%A2%E3%82%A6%E3%83%88%E3%83%90%E3%83%BC%E3%83%B3%E3%83%96%E3%83%AA%E3%83%83%E3%83%84,アウトバーンブリッツ,2025-08-26,火,https://min-repo.com/2571443/,2571443,,,13873,41,1200,,2026-05-13T14:23:03,data/raw/2026-05-13/_E3_82_A2_E3_82_A6_E3_83_88_E3_83_90_E3_83_BC_E3_83_B3_E3_83_96_E3_83_AA_E3_83_83_E3_83_84_list.html
%E3%82%A2%E3%82%A6%E3%83%88%E3%83%90%E3%83%BC%E3%83%B3%E3%83%96%E3%83%AA%E3%83%83%E3%83%84,アウトバーンブリッツ,2025-08-25,月,https://min-repo.com/2568503/,2568503,,,,,1095,,2026-05-13T14:23:03,data/raw/2026-05-13/_E3_82_A2_E3_82_A6_E3_83_88_E3_83_90_E3_83_BC_E3_83_B3_E3_83_96_E3_83_AA_E3_83_83_E3_83_84_list.html
%E3%82%A2%E3%82%A6%E3%83%88%E3%83%90%E3%83%BC%E3%83%B3%E3%83%96%E3%83%AA%E3%83%83%E3%83%84,アウトバーンブリッツ,2025-08-24,日,https://min-repo.com/2566413/,2566413,満遍なく設定,1の位が4の日。各機種に満遍なく設定が入る想定。,108245,317,3104,"◎スマスロ モンスターハンターライズ
◯ミスタージャグラー
▲Lパチスロ革命機ヴァルヴレイヴ
▲L ToLOVEるダークネス
▲末尾3",2026-05-13T14:23:03,data/raw/2026-05-13/_E3_82_A2_E3_82_A6_E3_83_88_E3_83_90_E3_83_BC_E3_83_B3_E3_83_96_E3_83_AA_E3_83_83_E3_83_84_list.html
%E3%82%A2%E3%82%A6%E3%83%88%E3%83%90%E3%83%BC%E3%83%B3%E3%83%96%E3%83%AA%E3%83%83%E3%83%84,アウトバーンブリッツ,2025-08-23,土,https://min-repo.com/2565123/,2565123,,,,,1432,,2026-05-13T14:23:03,data/raw/2026-05-13/_E3_82_A2_E3_82_A6_E3_83_88_E3_83_90_E3_83_BC_E3_83_B3_E3_83_96_E3_83_AA_E3_83_83_E3_83_84_list.html
%E3%82%A2%E3%82%A6%E3%83%88%E3%83%90%E3%83%BC%E3%83%B3%E3%83%96%E3%83%AA%E3%83%83%E3%83%84,アウトバーンブリッツ,2025-08-22,金,https://min-repo.com/2563599/,2563599,,,4558,13,1319,,2026-05-13T14:23:03,data/raw/2026-05-13/_E3_82_A2_E3_82_A6_E3_83_88_E3_83_90_E3_83_BC_E3_83_B3_E3_83_96_E3_83_AA_E3_83_83_E3_83_84_list.html
%E3%82%A2%E3%82%A6%E3%83%88%E3%83%90%E3%83%BC%E3%83%B3%E3%83%96%E3%83%AA%E3%83%83%E3%83%84,アウトバーンブリッツ,2025-08-21,木,https://min-repo.com/2561603/,2561603,,,,,957,,2026-05-13T14:23:03,data/raw/2026-05-13/_E3_82_A2_E3_82_A6_E3_83_88_E3_83_90_E3_83_BC_E3_83_B3_E3_83_96_E3_83_AA_E3_83_83_E3_83_84_list.html
%E3%82%A2%E3%82%A6%E3%83%88%E3%83%90%E3%83%BC%E3%83%B3%E3%83%96%E3%83%AA%E3%83%83%E3%83%84,アウトバーンブリッツ,2025-08-20,水,https://min-repo.com/2559148/,2559148,,,,,1097,,2026-05-13T14:23:03,data/raw/2026-05-13/_E3_82_A2_E3_82_A6_E3_83_88_E3_83_90_E3_83_BC_E3_83_B3_E3_83_96_E3_83_AA_E3_83_83_E3_83_84_list.html
%E3%82%A2%E3%82%A6%E3%83%88%E3%83%90%E3%83%BC%E3%83%B3%E3%83%96%E3%83%AA%E3%83%83%E3%83%84,アウトバーンブリッツ,2025-08-19,火,https://min-repo.com/2556895/,2556895,,,18059,53,1203,◯スマスロモンキーターンV,2026-05-13T14:23:03,data/raw/2026-05-13/_E3_82_A2_E3_82_A6_E3_83_88_E3_83_90_E3_83_BC_E3_83_B3_E3_83_96_E3_83_AA_E3_83_83_E3_83_84_list.html
%E3%82%A2%E3%82%A6%E3%83%88%E3%83%90%E3%83%BC%E3%83%B3%E3%83%96%E3%83%AA%E3%83%83%E3%83%84,アウトバーンブリッツ,2025-08-18,月,https://min-repo.com/2554235/,2554235,満遍なく設定,1の位が8の日。各機種に満遍なく設定が入る想定。,21345,62,1868,▲スマスロ 緑ドン VIVA!情熱南米編 REVIVAL,2026-05-13T14:23:03,data/raw/2026-05-13/_E3_82_A2_E3_82_A6_E3_83_88_E3_83_90_E3_83_BC_E3_83_B3_E3_83_96_E3_83_AA_E3_83_83_E3_83_84_list.html
%E3%82%A2%E3%82%A6%E3%83%88%E3%83%90%E3%83%BC%E3%83%B3%E3%83%96%E3%83%AA%E3%83%83%E3%83%84,アウトバーンブリッツ,2025-08-17,日,https://min-repo.com/2552938/,2552938,,,,,1783,▲スマスロモンキーターンV,2026-05-13T14:23:03,data/raw/2026-05-13/_E3_82_A2_E3_82_A6_E3_83_88_E3_83_90_E3_83_BC_E3_83_B3_E3_83_96_E3_83_AA_E3_83_83_E3_83_84_list.html
%E3%82%A2%E3%82%A6%E3%83%88%E3%83%90%E3%83%BC%E3%83%B3%E3%83%96%E3%83%AA%E3%83%83%E3%83%84,アウトバーンブリッツ,2025-08-16,土,https://min-repo.com/2550874/,2550874,,,,,1994,▲スマスロバジリスク～甲賀忍法帖～絆2 天膳 BLACK EDITION,2026-05-13T14:23:03,data/raw/2026-05-13/_E3_82_A2_E3_82_A6_E3_83_88_E3_83_90_E3_83_BC_E3_83_B3_E3_83_96_E3_83_AA_E3_83_83_E3_83_84_list.html
%E3%82%A2%E3%82%A6%E3%83%88%E3%83%90%E3%83%BC%E3%83%B3%E3%83%96%E3%83%AA%E3%83%83%E3%83%84,アウトバーンブリッツ,2025-08-15,金,https://min-repo.com/2548221/,2548221,,,1316,4,2131,▲スマスロモンキーターンV,2026-05-13T14:23:03,data/raw/2026-05-13/_E3_82_A2_E3_82_A6_E3_83_88_E3_83_90_E3_83_BC_E3_83_B3_E3_83_96_E3_83_AA_E3_83_83_E3_83_84_list.html
%E3%82%A2%E3%82%A6%E3%83%88%E3%83%90%E3%83%BC%E3%83%B3%E3%83%96%E3%83%AA%E3%83%83%E3%83%84,アウトバーンブリッツ,2025-08-14,木,https://min-repo.com/2546007/,2546007,満遍なく設定,1の位が4の日。各機種に満遍なく設定が入る想定。,14698,43,3267,"☆スマスロ痛いのは嫌なので防御力に極振りしたいと思います。
▲Lパチスロ炎炎ノ消防隊",2026-05-13T14:23:03,data/raw/2026-05-13/_E3_82_A2_E3_82_A6_E3_83_88_E3_83_90_E3_83_BC_E3_83_B3_E3_83_96_E3_83_AA_E3_83_83_E3_83_84_list.html
%E3%82%A2%E3%82%A6%E3%83%88%E3%83%90%E3%83%BC%E3%83%B3%E3%83%96%E3%83%AA%E3%83%83%E3%83%84,アウトバーンブリッツ,2025-08-13,水,https://min-repo.com/2544306/,2544306,,,8971,26,1679,,2026-05-13T14:23:03,data/raw/2026-05-13/_E3_82_A2_E3_82_A6_E3_83_88_E3_83_90_E3_83_BC_E3_83_B3_E3_83_96_E3_83_AA_E3_83_83_E3_83_84_list.html
%E3%82%A2%E3%82%A6%E3%83%88%E3%83%90%E3%83%BC%E3%83%B3%E3%83%96%E3%83%AA%E3%83%83%E3%83%84,アウトバーンブリッツ,2025-08-12,火,https://min-repo.com/2542268/,2542268,,,,,1639,"◎スマスロモンキーターンV
▲スマスロ モンスターハンターライズ",2026-05-13T14:23:03,data/raw/2026-05-13/_E3_82_A2_E3_82_A6_E3_83_88_E3_83_90_E3_83_BC_E3_83_B3_E3_83_96_E3_83_AA_E3_83_83_E3_83_84_list.html
%E3%82%A2%E3%82%A6%E3%83%88%E3%83%90%E3%83%BC%E3%83%B3%E3%83%96%E3%83%AA%E3%83%83%E3%83%84,アウトバーンブリッツ,2025-08-11,月,https://min-repo.com/2540653/,2540653,,,7942,23,1926,"▲Lパチスロ革命機ヴァルヴレイヴ
▲スマスロバジリスク～甲賀忍法帖～絆2 天膳 BLACK EDITION",2026-05-13T14:23:03,data/raw/2026-05-13/_E3_82_A2_E3_82_A6_E3_83_88_E3_83_90_E3_83_BC_E3_83_B3_E3_83_96_E3_83_AA_E3_83_83_E3_83_84_list.html
%E3%82%A2%E3%82%A6%E3%83%88%E3%83%90%E3%83%BC%E3%83%B3%E3%83%96%E3%83%AA%E3%83%83%E3%83%84,アウトバーンブリッツ,2025-08-10,日,https://min-repo.com/2538763/,2538763,,,,,1493,,2026-05-13T14:23:03,data/raw/2026-05-13/_E3_82_A2_E3_82_A6_E3_83_88_E3_83_90_E3_83_BC_E3_83_B3_E3_83_96_E3_83_AA_E3_83_83_E3_83_84_list.html
%E3%82%A2%E3%82%A6%E3%83%88%E3%83%90%E3%83%BC%E3%83%B3%E3%83%96%E3%83%AA%E3%83%83%E3%83%84,アウトバーンブリッツ,2025-08-09,土,https://min-repo.com/2536183/,2536183,,,9716,28,1609,,2026-05-13T14:23:03,data/raw/2026-05-13/_E3_82_A2_E3_82_A6_E3_83_88_E3_83_90_E3_83_BC_E3_83_B3_E3_83_96_E3_83_AA_E3_83_83_E3_83_84_list.html
%E3%82%A2%E3%82%A6%E3%83%88%E3%83%90%E3%83%BC%E3%83%B3%E3%83%96%E3%83%AA%E3%83%83%E3%83%84,アウトバーンブリッツ,2025-08-08,金,https://min-repo.com/2533601/,2533601,満遍なく設定,1の位が8の日。各機種に満遍なく設定が入る想定。,10452,31,3065,"☆スマスロバジリスク～甲賀忍法帖～絆2 天膳 BLACK EDITION
◯パチスロ炎炎ノ消防隊
▲Lダーリン・イン・ザ・フランキス
▲Lパチスロからくりサーカス",2026-05-13T14:23:03,data/raw/2026-05-13/_E3_82_A2_E3_82_A6_E3_83_88_E3_83_90_E3_83_BC_E3_83_B3_E3_83_96_E3_83_AA_E3_83_83_E3_83_84_list.html
%E3%82%A2%E3%82%A6%E3%83%88%E3%83%90%E3%83%BC%E3%83%B3%E3%83%96%E3%83%AA%E3%83%83%E3%83%84,アウトバーンブリッツ,2025-08-07,木,https://min-repo.com/2532583/,2532583,,,28204,82,1834,,2026-05-13T14:23:03,data/raw/2026-05-13/_E3_82_A2_E3_82_A6_E3_83_88_E3_83_90_E3_83_BC_E3_83_B3_E3_83_96_E3_83_AA_E3_83_83_E3_83_84_list.html
%E3%82%A2%E3%82%A6%E3%83%88%E3%83%90%E3%83%BC%E3%83%B3%E3%83%96%E3%83%AA%E3%83%83%E3%83%84,アウトバーンブリッツ,2025-08-05,火,https://min-repo.com/2527894/,2527894,,,,,1425,▲スマスロ マギアレコード 魔法少女まどか☆マギカ外伝,2026-05-13T14:23:03,data/raw/2026-05-13/_E3_82_A2_E3_82_A6_E3_83_88_E3_83_90_E3_83_BC_E3_83_B3_E3_83_96_E3_83_AA_E3_83_83_E3_83_84_list.html
%E3%82%A2%E3%82%A6%E3%83%88%E3%83%90%E3%83%BC%E3%83%B3%E3%83%96%E3%83%AA%E3%83%83%E3%83%84,アウトバーンブリッツ,2025-08-04,月,https://min-repo.com/2525877/,2525877,満遍なく設定,1の位が4の日。各機種に満遍なく設定が入る想定。,,,3002,,2026-05-13T14:23:03,data/raw/2026-05-13/_E3_82_A2_E3_82_A6_E3_83_88_E3_83_90_E3_83_BC_E3_83_B3_E3_83_96_E3_83_AA_E3_83_83_E3_83_84_list.html
%E3%82%A2%E3%82%A6%E3%83%88%E3%83%90%E3%83%BC%E3%83%B3%E3%83%96%E3%83%AA%E3%83%83%E3%83%84,アウトバーンブリッツ,2025-08-03,日,https://min-repo.com/2524508/,2524508,,,30676,90,1699,"▲スマスロ ゴッドイーター リザレクション
▲スマスロモンキーターンV",2026-05-13T14:23:03,data/raw/2026-05-13/_E3_82_A2_E3_82_A6_E3_83_88_E3_83_90_E3_83_BC_E3_83_B3_E3_83_96_E3_83_AA_E3_83_83_E3_83_84_list.html
%E3%82%A2%E3%82%A6%E3%83%88%E3%83%90%E3%83%BC%E3%83%B3%E3%83%96%E3%83%AA%E3%83%83%E3%83%84,アウトバーンブリッツ,2025-08-02,土,https://min-repo.com/2522309/,2522309,,,,,1496,,2026-05-13T14:23:03,data/raw/2026-05-13/_E3_82_A2_E3_82_A6_E3_83_88_E3_83_90_E3_83_BC_E3_83_B3_E3_83_96_E3_83_AA_E3_83_83_E3_83_84_list.html
%E3%82%A2%E3%82%A6%E3%83%88%E3%83%90%E3%83%BC%E3%83%B3%E3%83%96%E3%83%AA%E3%83%83%E3%83%84,アウトバーンブリッツ,2025-08-01,金,https://min-repo.com/2519986/,2519986,,,,,1535,▲スマスロ マギアレコード 魔法少女まどか☆マギカ外伝,2026-05-13T14:23:03,data/raw/2026-05-13/_E3_82_A2_E3_82_A6_E3_83_88_E3_83_90_E3_83_BC_E3_83_B3_E3_83_96_E3_83_AA_E3_83_83_E3_83_84_list.html
%E3%82%A2%E3%82%A6%E3%83%88%E3%83%90%E3%83%BC%E3%83%B3%E3%83%96%E3%83%AA%E3%83%83%E3%83%84,アウトバーンブリッツ,2025-07-31,木,https://min-repo.com/2518378/,2518378,,,3705,11,962,☆スマスロ マギアレコード 魔法少女まどか☆マギカ外伝,2026-05-13T14:23:03,data/raw/2026-05-13/_E3_82_A2_E3_82_A6_E3_83_88_E3_83_90_E3_83_BC_E3_83_B3_E3_83_96_E3_83_AA_E3_83_83_E3_83_84_list.html
%E3%82%A2%E3%82%A6%E3%83%88%E3%83%90%E3%83%BC%E3%83%B3%E3%83%96%E3%83%AA%E3%83%83%E3%83%84,アウトバーンブリッツ,2025-07-30,水,https://min-repo.com/2516389/,2516389,,,907,3,1115,,2026-05-13T14:23:03,data/raw/2026-05-13/_E3_82_A2_E3_82_A6_E3_83_88_E3_83_90_E3_83_BC_E3_83_B3_E3_83_96_E3_83_AA_E3_83_83_E3_83_84_list.html
%E3%82%A2%E3%82%A6%E3%83%88%E3%83%90%E3%83%BC%E3%83%B3%E3%83%96%E3%83%AA%E3%83%83%E3%83%84,アウトバーンブリッツ,2025-07-29,火,https://min-repo.com/2513867/,2513867,,,4002,12,1022,,2026-05-13T14:23:03,data/raw/2026-05-13/_E3_82_A2_E3_82_A6_E3_83_88_E3_83_90_E3_83_BC_E3_83_B3_E3_83_96_E3_83_AA_E3_83_83_E3_83_84_list.html
%E3%82%A2%E3%82%A6%E3%83%88%E3%83%90%E3%83%BC%E3%83%B3%E3%83%96%E3%83%AA%E3%83%83%E3%83%84,アウトバーンブリッツ,2025-07-28,月,https://min-repo.com/2511577/,2511577,満遍なく設定,1の位が8の日。各機種に満遍なく設定が入る想定。,,,2459,,2026-05-13T14:23:03,data/raw/2026-05-13/_E3_82_A2_E3_82_A6_E3_83_88_E3_83_90_E3_83_BC_E3_83_B3_E3_83_96_E3_83_AA_E3_83_83_E3_83_84_list.html
%E3%82%A2%E3%82%A6%E3%83%88%E3%83%90%E3%83%BC%E3%83%B3%E3%83%96%E3%83%AA%E3%83%83%E3%83%84,アウトバーンブリッツ,2025-07-27,日,https://min-repo.com/2510871/,2510871,,,9880,29,1338,,2026-05-13T14:23:03,data/raw/2026-05-13/_E3_82_A2_E3_82_A6_E3_83_88_E3_83_90_E3_83_BC_E3_83_B3_E3_83_96_E3_83_AA_E3_83_83_E3_83_84_list.html
%E3%82%A2%E3%82%A6%E3%83%88%E3%83%90%E3%83%BC%E3%83%B3%E3%83%96%E3%83%AA%E3%83%83%E3%83%84,アウトバーンブリッツ,2025-07-26,土,https://min-repo.com/2508010/,2508010,,,,,1672,▲スマスロモンキーターンV,2026-05-13T14:23:03,data/raw/2026-05-13/_E3_82_A2_E3_82_A6_E3_83_88_E3_83_90_E3_83_BC_E3_83_B3_E3_83_96_E3_83_AA_E3_83_83_E3_83_84_list.html
%E3%82%A2%E3%82%A6%E3%83%88%E3%83%90%E3%83%BC%E3%83%B3%E3%83%96%E3%83%AA%E3%83%83%E3%83%84,アウトバーンブリッツ,2025-07-25,金,https://min-repo.com/2505354/,2505354,,,,,1092,◯スマスロモンキーターンV,2026-05-13T14:23:03,data/raw/2026-05-13/_E3_82_A2_E3_82_A6_E3_83_88_E3_83_90_E3_83_BC_E3_83_B3_E3_83_96_E3_83_AA_E3_83_83_E3_83_84_list.html
%E3%82%A2%E3%82%A6%E3%83%88%E3%83%90%E3%83%BC%E3%83%B3%E3%83%96%E3%83%AA%E3%83%83%E3%83%84,アウトバーンブリッツ,2025-07-24,木,https://min-repo.com/2503231/,2503231,満遍なく設定,1の位が4の日。各機種に満遍なく設定が入る想定。,19791,58,2478,"☆スマスロ バイオハザード5
▲スマスロバジリスク～甲賀忍法帖～絆2 天膳 BLACK EDITION",2026-05-13T14:23:03,data/raw/2026-05-13/_E3_82_A2_E3_82_A6_E3_83_88_E3_83_90_E3_83_BC_E3_83_B3_E3_83_96_E3_83_AA_E3_83_83_E3_83_84_list.html
%E3%82%A2%E3%82%A6%E3%83%88%E3%83%90%E3%83%BC%E3%83%B3%E3%83%96%E3%83%AA%E3%83%83%E3%83%84,アウトバーンブリッツ,2025-07-23,水,https://min-repo.com/2501697/,2501697,,,,,1041,,2026-05-13T14:23:03,data/raw/2026-05-13/_E3_82_A2_E3_82_A6_E3_83_88_E3_83_90_E3_83_BC_E3_83_B3_E3_83_96_E3_83_AA_E3_83_83_E3_83_84_list.html
%E3%82%A2%E3%82%A6%E3%83%88%E3%83%90%E3%83%BC%E3%83%B3%E3%83%96%E3%83%AA%E3%83%83%E3%83%84,アウトバーンブリッツ,2025-07-22,火,https://min-repo.com/2499542/,2499542,,,,,1079,,2026-05-13T14:23:03,data/raw/2026-05-13/_E3_82_A2_E3_82_A6_E3_83_88_E3_83_90_E3_83_BC_E3_83_B3_E3_83_96_E3_83_AA_E3_83_83_E3_83_84_list.html
%E3%82%A2%E3%82%A6%E3%83%88%E3%83%90%E3%83%BC%E3%83%B3%E3%83%96%E3%83%AA%E3%83%83%E3%83%84,アウトバーンブリッツ,2025-07-21,月,https://min-repo.com/2497527/,2497527,,,8473,25,2383,,2026-05-13T14:23:03,data/raw/2026-05-13/_E3_82_A2_E3_82_A6_E3_83_88_E3_83_90_E3_83_BC_E3_83_B3_E3_83_96_E3_83_AA_E3_83_83_E3_83_84_list.html
%E3%82%A2%E3%82%A6%E3%83%88%E3%83%90%E3%83%BC%E3%83%B3%E3%83%96%E3%83%AA%E3%83%83%E3%83%84,アウトバーンブリッツ,2025-07-20,日,https://min-repo.com/2495894/,2495894,,,57586,168,2130,"☆スマスロ マギアレコード 魔法少女まどか☆マギカ外伝
▲スマスロ痛いのは嫌なので防御力に極振りしたいと思います。",2026-05-13T14:23:03,data/raw/2026-05-13/_E3_82_A2_E3_82_A6_E3_83_88_E3_83_90_E3_83_BC_E3_83_B3_E3_83_96_E3_83_AA_E3_83_83_E3_83_84_list.html
%E3%82%A2%E3%82%A6%E3%83%88%E3%83%90%E3%83%BC%E3%83%B3%E3%83%96%E3%83%AA%E3%83%83%E3%83%84,アウトバーンブリッツ,2025-07-19,土,https://min-repo.com/2493392/,2493392,,,,,1424,,2026-05-13T14:23:03,data/raw/2026-05-13/_E3_82_A2_E3_82_A6_E3_83_88_E3_83_90_E3_83_BC_E3_83_B3_E3_83_96_E3_83_AA_E3_83_83_E3_83_84_list.html
%E3%82%A2%E3%82%A6%E3%83%88%E3%83%90%E3%83%BC%E3%83%B3%E3%83%96%E3%83%AA%E3%83%83%E3%83%84,アウトバーンブリッツ,2025-07-18,金,https://min-repo.com/2490959/,2490959,満遍なく設定,1の位が8の日。各機種に満遍なく設定が入る想定。,29011,85,2604,☆押忍！番長ＺＥＲＯ,2026-05-13T14:23:03,data/raw/2026-05-13/_E3_82_A2_E3_82_A6_E3_83_88_E3_83_90_E3_83_BC_E3_83_B3_E3_83_96_E3_83_AA_E3_83_83_E3_83_84_list.html
%E3%82%A2%E3%82%A6%E3%83%88%E3%83%90%E3%83%BC%E3%83%B3%E3%83%96%E3%83%AA%E3%83%83%E3%83%84,アウトバーンブリッツ,2025-07-17,木,https://min-repo.com/2489501/,2489501,,,,,1027,,2026-05-13T14:23:03,data/raw/2026-05-13/_E3_82_A2_E3_82_A6_E3_83_88_E3_83_90_E3_83_BC_E3_83_B3_E3_83_96_E3_83_AA_E3_83_83_E3_83_84_list.html
%E3%82%A2%E3%82%A6%E3%83%88%E3%83%90%E3%83%BC%E3%83%B3%E3%83%96%E3%83%AA%E3%83%83%E3%83%84,アウトバーンブリッツ,2025-07-16,水,https://min-repo.com/2487465/,2487465,,,130,0,1123,◯スマスロ バイオハザード5,2026-05-13T14:23:03,data/raw/2026-05-13/_E3_82_A2_E3_82_A6_E3_83_88_E3_83_90_E3_83_BC_E3_83_B3_E3_83_96_E3_83_AA_E3_83_83_E3_83_84_list.html
%E3%82%A2%E3%82%A6%E3%83%88%E3%83%90%E3%83%BC%E3%83%B3%E3%83%96%E3%83%AA%E3%83%83%E3%83%84,アウトバーンブリッツ,2025-07-15,火,https://min-repo.com/2484796/,2484796,,,,,1309,,2026-05-13T14:23:03,data/raw/2026-05-13/_E3_82_A2_E3_82_A6_E3_83_88_E3_83_90_E3_83_BC_E3_83_B3_E3_83_96_E3_83_AA_E3_83_83_E3_83_84_list.html
%E3%82%A2%E3%82%A6%E3%83%88%E3%83%90%E3%83%BC%E3%83%B3%E3%83%96%E3%83%AA%E3%83%83%E3%83%84,アウトバーンブリッツ,2025-07-14,月,https://min-repo.com/2482734/,2482734,満遍なく設定,1の位が4の日。各機種に満遍なく設定が入る想定。,67581,198,2670,"▲スマスロ 緑ドン VIVA!情熱南米編 REVIVAL
▲スマスロ マギアレコード 魔法少女まどか☆マギカ外伝
▲スマスロ ゴッドイーター リザレクション
▲Lパチスロからくりサーカス
▲パチスロ　甲鉄城のカバネリ
▲末尾2",2026-05-13T14:23:03,data/raw/2026-05-13/_E3_82_A2_E3_82_A6_E3_83_88_E3_83_90_E3_83_BC_E3_83_B3_E3_83_96_E3_83_AA_E3_83_83_E3_83_84_list.html
%E3%82%A2%E3%82%A6%E3%83%88%E3%83%90%E3%83%BC%E3%83%B3%E3%83%96%E3%83%AA%E3%83%83%E3%83%84,アウトバーンブリッツ,2025-07-13,日,https://min-repo.com/2480913/,2480913,,,4247,12,1942,☆スマスロ 緑ドン VIVA!情熱南米編 REVIVAL,2026-05-13T14:23:03,data/raw/2026-05-13/_E3_82_A2_E3_82_A6_E3_83_88_E3_83_90_E3_83_BC_E3_83_B3_E3_83_96_E3_83_AA_E3_83_83_E3_83_84_list.html
%E3%82%A2%E3%82%A6%E3%83%88%E3%83%90%E3%83%BC%E3%83%B3%E3%83%96%E3%83%AA%E3%83%83%E3%83%84,アウトバーンブリッツ,2025-07-12,土,https://min-repo.com/2479398/,2479398,,,30395,89,1831,"☆スマスロ デビルメイクライ5 スタイリッシュトライブ
▲Lパチスロからくりサーカス
▲末尾1",2026-05-13T14:23:03,data/raw/2026-05-13/_E3_82_A2_E3_82_A6_E3_83_88_E3_83_90_E3_83_BC_E3_83_B3_E3_83_96_E3_83_AA_E3_83_83_E3_83_84_list.html
%E3%82%A2%E3%82%A6%E3%83%88%E3%83%90%E3%83%BC%E3%83%B3%E3%83%96%E3%83%AA%E3%83%83%E3%83%84,アウトバーンブリッツ,2025-07-11,金,https://min-repo.com/2476841/,2476841,,,4532,13,1279,,2026-05-13T14:23:03,data/raw/2026-05-13/_E3_82_A2_E3_82_A6_E3_83_88_E3_83_90_E3_83_BC_E3_83_B3_E3_83_96_E3_83_AA_E3_83_83_E3_83_84_list.html
%E3%82%A2%E3%82%A6%E3%83%88%E3%83%90%E3%83%BC%E3%83%B3%E3%83%96%E3%83%AA%E3%83%83%E3%83%84,アウトバーンブリッツ,2025-07-10,木,https://min-repo.com/2474634/,2474634,,,5149,15,1486,◎スマスロモンキーターンV,2026-05-13T14:23:03,data/raw/2026-05-13/_E3_82_A2_E3_82_A6_E3_83_88_E3_83_90_E3_83_BC_E3_83_B3_E3_83_96_E3_83_AA_E3_83_83_E3_83_84_list.html
%E3%82%A2%E3%82%A6%E3%83%88%E3%83%90%E3%83%BC%E3%83%B3%E3%83%96%E3%83%AA%E3%83%83%E3%83%84,アウトバーンブリッツ,2025-07-08,火,https://min-repo.com/2470612/,2470612,満遍なく設定,1の位が8の日。各機種に満遍なく設定が入る想定。,18114,53,3165,"▲スマスロ マギアレコード 魔法少女まどか☆マギカ外伝
▲スマスロ バイオハザード5",2026-05-13T14:23:03,data/raw/2026-05-13/_E3_82_A2_E3_82_A6_E3_83_88_E3_83_90_E3_83_BC_E3_83_B3_E3_83_96_E3_83_AA_E3_83_83_E3_83_84_list.html
%E3%82%A2%E3%82%A6%E3%83%88%E3%83%90%E3%83%BC%E3%83%B3%E3%83%96%E3%83%AA%E3%83%83%E3%83%84,アウトバーンブリッツ,2025-07-07,月,https://min-repo.com/2470214/,2470214,,,,,3034,,2026-05-13T14:23:03,data/raw/2026-05-13/_E3_82_A2_E3_82_A6_E3_83_88_E3_83_90_E3_83_BC_E3_83_B3_E3_83_96_E3_83_AA_E3_83_83_E3_83_84_list.html
%E3%82%A2%E3%82%A6%E3%83%88%E3%83%90%E3%83%BC%E3%83%B3%E3%83%96%E3%83%AA%E3%83%83%E3%83%84,アウトバーンブリッツ,2025-07-06,日,https://min-repo.com/2467579/,2467579,,,,,1692,,2026-05-13T14:23:03,data/raw/2026-05-13/_E3_82_A2_E3_82_A6_E3_83_88_E3_83_90_E3_83_BC_E3_83_B3_E3_83_96_E3_83_AA_E3_83_83_E3_83_84_list.html
%E3%82%A2%E3%82%A6%E3%83%88%E3%83%90%E3%83%BC%E3%83%B3%E3%83%96%E3%83%AA%E3%83%83%E3%83%84,アウトバーンブリッツ,2025-07-05,土,https://min-repo.com/2464829/,2464829,,,,,1823,▲スマスロ痛いのは嫌なので防御力に極振りしたいと思います。,2026-05-13T14:23:03,data/raw/2026-05-13/_E3_82_A2_E3_82_A6_E3_83_88_E3_83_90_E3_83_BC_E3_83_B3_E3_83_96_E3_83_AA_E3_83_83_E3_83_84_list.html
%E3%82%A2%E3%82%A6%E3%83%88%E3%83%90%E3%83%BC%E3%83%B3%E3%83%96%E3%83%AA%E3%83%83%E3%83%84,アウトバーンブリッツ,2025-07-04,金,https://min-repo.com/2462293/,2462293,満遍なく設定,1の位が4の日。各機種に満遍なく設定が入る想定。,14019,41,2571,"☆スマスロ痛いのは嫌なので防御力に極振りしたいと思います。
☆いざ！番長
▲スマスロ ゴッドイーター リザレクション",2026-05-13T14:23:03,data/raw/2026-05-13/_E3_82_A2_E3_82_A6_E3_83_88_E3_83_90_E3_83_BC_E3_83_B3_E3_83_96_E3_83_AA_E3_83_83_E3_83_84_list.html
%E3%82%A2%E3%82%A6%E3%83%88%E3%83%90%E3%83%BC%E3%83%B3%E3%83%96%E3%83%AA%E3%83%83%E3%83%84,アウトバーンブリッツ,2025-07-03,木,https://min-repo.com/2462052/,2462052,,,3264,10,1431,,2026-05-13T14:23:03,data/raw/2026-05-13/_E3_82_A2_E3_82_A6_E3_83_88_E3_83_90_E3_83_BC_E3_83_B3_E3_83_96_E3_83_AA_E3_83_83_E3_83_84_list.html
%E3%82%A2%E3%82%A6%E3%83%88%E3%83%90%E3%83%BC%E3%83%B3%E3%83%96%E3%83%AA%E3%83%83%E3%83%84,アウトバーンブリッツ,2025-07-02,水,https://min-repo.com/2459164/,2459164,,,,,1382,"☆いざ！番長
☆スマスロモンキーターンV",2026-05-13T14:23:03,data/raw/2026-05-13/_E3_82_A2_E3_82_A6_E3_83_88_E3_83_90_E3_83_BC_E3_83_B3_E3_83_96_E3_83_AA_E3_83_83_E3_83_84_list.html
%E3%82%A2%E3%82%A6%E3%83%88%E3%83%90%E3%83%BC%E3%83%B3%E3%83%96%E3%83%AA%E3%83%83%E3%83%84,アウトバーンブリッツ,2025-07-01,火,https://min-repo.com/2457538/,2457538,,,10313,30,1242,,2026-05-13T14:23:03,data/raw/2026-05-13/_E3_82_A2_E3_82_A6_E3_83_88_E3_83_90_E3_83_BC_E3_83_B3_E3_83_96_E3_83_AA_E3_83_83_E3_83_84_list.html
%E3%82%A2%E3%82%A6%E3%83%88%E3%83%90%E3%83%BC%E3%83%B3%E3%83%96%E3%83%AA%E3%83%83%E3%83%84,アウトバーンブリッツ,2025-06-30,月,https://min-repo.com/2454888/,2454888,,,,,1266,▲スマスロモンキーターンV,2026-05-13T14:23:03,data/raw/2026-05-13/_E3_82_A2_E3_82_A6_E3_83_88_E3_83_90_E3_83_BC_E3_83_B3_E3_83_96_E3_83_AA_E3_83_83_E3_83_84_list.html
%E3%82%A2%E3%82%A6%E3%83%88%E3%83%90%E3%83%BC%E3%83%B3%E3%83%96%E3%83%AA%E3%83%83%E3%83%84,アウトバーンブリッツ,2025-06-29,日,https://min-repo.com/2453826/,2453826,,,2777,8,1749,"◎スマスロ モンスターハンターライズ
▲スマスロ痛いのは嫌なので防御力に極振りしたいと思います。
▲Lパチスロからくりサーカス",2026-05-13T14:23:03,data/raw/2026-05-13/_E3_82_A2_E3_82_A6_E3_83_88_E3_83_90_E3_83_BC_E3_83_B3_E3_83_96_E3_83_AA_E3_83_83_E3_83_84_list.html
%E3%82%A2%E3%82%A6%E3%83%88%E3%83%90%E3%83%BC%E3%83%B3%E3%83%96%E3%83%AA%E3%83%83%E3%83%84,アウトバーンブリッツ,2025-06-28,土,https://min-repo.com/2449949/,2449949,満遍なく設定,1の位が8の日。各機種に満遍なく設定が入る想定。,,,3268,☆Lパチスロ 機動戦士ガンダムSEED,2026-05-13T14:23:03,data/raw/2026-05-13/_E3_82_A2_E3_82_A6_E3_83_88_E3_83_90_E3_83_BC_E3_83_B3_E3_83_96_E3_83_AA_E3_83_83_E3_83_84_list.html
%E3%82%A2%E3%82%A6%E3%83%88%E3%83%90%E3%83%BC%E3%83%B3%E3%83%96%E3%83%AA%E3%83%83%E3%83%84,アウトバーンブリッツ,2025-06-27,金,https://min-repo.com/2448843/,2448843,,,,,1389,◯マイジャグラーV,2026-05-13T14:23:03,data/raw/2026-05-13/_E3_82_A2_E3_82_A6_E3_83_88_E3_83_90_E3_83_BC_E3_83_B3_E3_83_96_E3_83_AA_E3_83_83_E3_83_84_list.html
%E3%82%A2%E3%82%A6%E3%83%88%E3%83%90%E3%83%BC%E3%83%B3%E3%83%96%E3%83%AA%E3%83%83%E3%83%84,アウトバーンブリッツ,2025-06-26,木,https://min-repo.com/2447502/,2447502,,,20419,60,1369,▲Lパチスロからくりサーカス,2026-05-13T14:23:03,data/raw/2026-05-13/_E3_82_A2_E3_82_A6_E3_83_88_E3_83_90_E3_83_BC_E3_83_B3_E3_83_96_E3_83_AA_E3_83_83_E3_83_84_list.html
%E3%82%A2%E3%82%A6%E3%83%88%E3%83%90%E3%83%BC%E3%83%B3%E3%83%96%E3%83%AA%E3%83%83%E3%83%84,アウトバーンブリッツ,2025-06-25,水,https://min-repo.com/2445270/,2445270,,,12254,36,1298,,2026-05-13T14:23:03,data/raw/2026-05-13/_E3_82_A2_E3_82_A6_E3_83_88_E3_83_90_E3_83_BC_E3_83_B3_E3_83_96_E3_83_AA_E3_83_83_E3_83_84_list.html
%E3%82%A2%E3%82%A6%E3%83%88%E3%83%90%E3%83%BC%E3%83%B3%E3%83%96%E3%83%AA%E3%83%83%E3%83%84,アウトバーンブリッツ,2025-06-24,火,https://min-repo.com/2441704/,2441704,満遍なく設定,1の位が4の日。各機種に満遍なく設定が入る想定。,22798,67,2987,▲吉宗,2026-05-13T14:23:03,data/raw/2026-05-13/_E3_82_A2_E3_82_A6_E3_83_88_E3_83_90_E3_83_BC_E3_83_B3_E3_83_96_E3_83_AA_E3_83_83_E3_83_84_list.html
%E3%82%A2%E3%82%A6%E3%83%88%E3%83%90%E3%83%BC%E3%83%B3%E3%83%96%E3%83%AA%E3%83%83%E3%83%84,アウトバーンブリッツ,2025-06-23,月,https://min-repo.com/2440607/,2440607,,,,,1217,▲いざ！番長,2026-05-13T14:23:03,data/raw/2026-05-13/_E3_82_A2_E3_82_A6_E3_83_88_E3_83_90_E3_83_BC_E3_83_B3_E3_83_96_E3_83_AA_E3_83_83_E3_83_84_list.html
%E3%82%A2%E3%82%A6%E3%83%88%E3%83%90%E3%83%BC%E3%83%B3%E3%83%96%E3%83%AA%E3%83%83%E3%83%84,アウトバーンブリッツ,2025-06-22,日,https://min-repo.com/2438524/,2438524,,,,,2245,◯SアイムジャグラーＥＸ,2026-05-13T14:23:03,data/raw/2026-05-13/_E3_82_A2_E3_82_A6_E3_83_88_E3_83_90_E3_83_BC_E3_83_B3_E3_83_96_E3_83_AA_E3_83_83_E3_83_84_list.html
%E3%82%A2%E3%82%A6%E3%83%88%E3%83%90%E3%83%BC%E3%83%B3%E3%83%96%E3%83%AA%E3%83%83%E3%83%84,アウトバーンブリッツ,2025-06-21,土,https://min-repo.com/2436863/,2436863,,,4325,13,1752,,2026-05-13T14:23:03,data/raw/2026-05-13/_E3_82_A2_E3_82_A6_E3_83_88_E3_83_90_E3_83_BC_E3_83_B3_E3_83_96_E3_83_AA_E3_83_83_E3_83_84_list.html
%E3%82%A2%E3%82%A6%E3%83%88%E3%83%90%E3%83%BC%E3%83%B3%E3%83%96%E3%83%AA%E3%83%83%E3%83%84,アウトバーンブリッツ,2025-06-20,金,https://min-repo.com/2434592/,2434592,,,,,1326,◯ジャグラーガールズSS,2026-05-13T14:23:03,data/raw/2026-05-13/_E3_82_A2_E3_82_A6_E3_83_88_E3_83_90_E3_83_BC_E3_83_B3_E3_83_96_E3_83_AA_E3_83_83_E3_83_84_list.html
%E3%82%A2%E3%82%A6%E3%83%88%E3%83%90%E3%83%BC%E3%83%B3%E3%83%96%E3%83%AA%E3%83%83%E3%83%84,アウトバーンブリッツ,2025-06-19,木,https://min-repo.com/2431899/,2431899,,,,,1282,◯ジャグラーガールズSS,2026-05-13T14:23:03,data/raw/2026-05-13/_E3_82_A2_E3_82_A6_E3_83_88_E3_83_90_E3_83_BC_E3_83_B3_E3_83_96_E3_83_AA_E3_83_83_E3_83_84_list.html
%E3%82%A2%E3%82%A6%E3%83%88%E3%83%90%E3%83%BC%E3%83%B3%E3%83%96%E3%83%AA%E3%83%83%E3%83%84,アウトバーンブリッツ,2025-06-18,水,https://min-repo.com/2429456/,2429456,満遍なく設定,1の位が8の日。各機種に満遍なく設定が入る想定。,67139,196,3049,"☆スマスロ マギアレコード 魔法少女まどか☆マギカ外伝
▲スマスロ バイオハザード5
▲Lパチスロ革命機ヴァルヴレイヴ
▲スマスロモンキーターンV",2026-05-13T14:23:03,data/raw/2026-05-13/_E3_82_A2_E3_82_A6_E3_83_88_E3_83_90_E3_83_BC_E3_83_B3_E3_83_96_E3_83_AA_E3_83_83_E3_83_84_list.html
%E3%82%A2%E3%82%A6%E3%83%88%E3%83%90%E3%83%BC%E3%83%B3%E3%83%96%E3%83%AA%E3%83%83%E3%83%84,アウトバーンブリッツ,2025-06-17,火,https://min-repo.com/2428031/,2428031,,,33246,97,1490,,2026-05-13T14:23:03,data/raw/2026-05-13/_E3_82_A2_E3_82_A6_E3_83_88_E3_83_90_E3_83_BC_E3_83_B3_E3_83_96_E3_83_AA_E3_83_83_E3_83_84_list.html
%E3%82%A2%E3%82%A6%E3%83%88%E3%83%90%E3%83%BC%E3%83%B3%E3%83%96%E3%83%AA%E3%83%83%E3%83%84,アウトバーンブリッツ,2025-06-16,月,https://min-repo.com/2426147/,2426147,,,,,1348,,2026-05-13T14:23:03,data/raw/2026-05-13/_E3_82_A2_E3_82_A6_E3_83_88_E3_83_90_E3_83_BC_E3_83_B3_E3_83_96_E3_83_AA_E3_83_83_E3_83_84_list.html
%E3%82%A2%E3%82%A6%E3%83%88%E3%83%90%E3%83%BC%E3%83%B3%E3%83%96%E3%83%AA%E3%83%83%E3%83%84,アウトバーンブリッツ,2025-06-15,日,https://min-repo.com/2423535/,2423535,,,37767,110,2246,▲スマスロ デビルメイクライ5 スタイリッシュトライブ,2026-05-13T14:23:03,data/raw/2026-05-13/_E3_82_A2_E3_82_A6_E3_83_88_E3_83_90_E3_83_BC_E3_83_B3_E3_83_96_E3_83_AA_E3_83_83_E3_83_84_list.html
%E3%82%A2%E3%82%A6%E3%83%88%E3%83%90%E3%83%BC%E3%83%B3%E3%83%96%E3%83%AA%E3%83%83%E3%83%84,アウトバーンブリッツ,2025-06-14,土,https://min-repo.com/2421224/,2421224,満遍なく設定,1の位が4の日。各機種に満遍なく設定が入る想定。,45378,133,3620,"▲パチスロ炎炎ノ消防隊
▲スマスロ ゴッドイーター リザレクション
▲スマスロ痛いのは嫌なので防御力に極振りしたいと思います。",2026-05-13T14:23:03,data/raw/2026-05-13/_E3_82_A2_E3_82_A6_E3_83_88_E3_83_90_E3_83_BC_E3_83_B3_E3_83_96_E3_83_AA_E3_83_83_E3_83_84_list.html
%E3%82%A2%E3%82%A6%E3%83%88%E3%83%90%E3%83%BC%E3%83%B3%E3%83%96%E3%83%AA%E3%83%83%E3%83%84,アウトバーンブリッツ,2025-06-13,金,https://min-repo.com/2420214/,2420214,,,35407,104,1525,,2026-05-13T14:23:03,data/raw/2026-05-13/_E3_82_A2_E3_82_A6_E3_83_88_E3_83_90_E3_83_BC_E3_83_B3_E3_83_96_E3_83_AA_E3_83_83_E3_83_84_list.html
%E3%82%A2%E3%82%A6%E3%83%88%E3%83%90%E3%83%BC%E3%83%B3%E3%83%96%E3%83%AA%E3%83%83%E3%83%84,アウトバーンブリッツ,2025-06-12,木,https://min-repo.com/2417674/,2417674,,,,,1289,,2026-05-13T14:23:03,data/raw/2026-05-13/_E3_82_A2_E3_82_A6_E3_83_88_E3_83_90_E3_83_BC_E3_83_B3_E3_83_96_E3_83_AA_E3_83_83_E3_83_84_list.html
%E3%82%A2%E3%82%A6%E3%83%88%E3%83%90%E3%83%BC%E3%83%B3%E3%83%96%E3%83%AA%E3%83%83%E3%83%84,アウトバーンブリッツ,2025-06-11,水,https://min-repo.com/2416016/,2416016,,,,,1599,,2026-05-13T14:23:03,data/raw/2026-05-13/_E3_82_A2_E3_82_A6_E3_83_88_E3_83_90_E3_83_BC_E3_83_B3_E3_83_96_E3_83_AA_E3_83_83_E3_83_84_list.html
%E3%82%A2%E3%82%A6%E3%83%88%E3%83%90%E3%83%BC%E3%83%B3%E3%83%96%E3%83%AA%E3%83%83%E3%83%84,アウトバーンブリッツ,2025-06-10,火,https://min-repo.com/2414219/,2414219,,,,,1602,,2026-05-13T14:23:03,data/raw/2026-05-13/_E3_82_A2_E3_82_A6_E3_83_88_E3_83_90_E3_83_BC_E3_83_B3_E3_83_96_E3_83_AA_E3_83_83_E3_83_84_list.html
%E3%82%A2%E3%82%A6%E3%83%88%E3%83%90%E3%83%BC%E3%83%B3%E3%83%96%E3%83%AA%E3%83%83%E3%83%84,アウトバーンブリッツ,2025-06-09,月,https://min-repo.com/2411323/,2411323,,,,,1474,,2026-05-13T14:23:03,data/raw/2026-05-13/_E3_82_A2_E3_82_A6_E3_83_88_E3_83_90_E3_83_BC_E3_83_B3_E3_83_96_E3_83_AA_E3_83_83_E3_83_84_list.html
%E3%82%A2%E3%82%A6%E3%83%88%E3%83%90%E3%83%BC%E3%83%B3%E3%83%96%E3%83%AA%E3%83%83%E3%83%84,アウトバーンブリッツ,2025-06-08,日,https://min-repo.com/2408977/,2408977,満遍なく設定,1の位が8の日。各機種に満遍なく設定が入る想定。,73020,214,3704,"☆ウルトラミラクルジャグラー
◎スマスロ モンスターハンターライズ
▲Lパチスロ炎炎ノ消防隊
▲スマスロ 緑ドン VIVA!情熱南米編 REVIVAL
▲パチスロ　甲鉄城のカバネリ
▲Lパチスロ革命機ヴァルヴレイヴ",2026-05-13T14:23:03,data/raw/2026-05-13/_E3_82_A2_E3_82_A6_E3_83_88_E3_83_90_E3_83_BC_E3_83_B3_E3_83_96_E3_83_AA_E3_83_83_E3_83_84_list.html
%E3%82%A2%E3%82%A6%E3%83%88%E3%83%90%E3%83%BC%E3%83%B3%E3%83%96%E3%83%AA%E3%83%83%E3%83%84,アウトバーンブリッツ,2025-06-07,土,https://min-repo.com/2407716/,2407716,,,743,2,1766,◯ジャグラーガールズSS,2026-05-13T14:23:03,data/raw/2026-05-13/_E3_82_A2_E3_82_A6_E3_83_88_E3_83_90_E3_83_BC_E3_83_B3_E3_83_96_E3_83_AA_E3_83_83_E3_83_84_list.html
%E3%82%A2%E3%82%A6%E3%83%88%E3%83%90%E3%83%BC%E3%83%B3%E3%83%96%E3%83%AA%E3%83%83%E3%83%84,アウトバーンブリッツ,2025-06-06,金,https://min-repo.com/2405898/,2405898,,,13810,40,2318,▲Lパチスロ革命機ヴァルヴレイヴ,2026-05-13T14:23:03,data/raw/2026-05-13/_E3_82_A2_E3_82_A6_E3_83_88_E3_83_90_E3_83_BC_E3_83_B3_E3_83_96_E3_83_AA_E3_83_83_E3_83_84_list.html
%E3%82%A2%E3%82%A6%E3%83%88%E3%83%90%E3%83%BC%E3%83%B3%E3%83%96%E3%83%AA%E3%83%83%E3%83%84,アウトバーンブリッツ,2025-06-05,木,https://min-repo.com/2403417/,2403417,,,,,1682,☆L ULTRAMAN,2026-05-13T14:23:03,data/raw/2026-05-13/_E3_82_A2_E3_82_A6_E3_83_88_E3_83_90_E3_83_BC_E3_83_B3_E3_83_96_E3_83_AA_E3_83_83_E3_83_84_list.html
%E3%82%A2%E3%82%A6%E3%83%88%E3%83%90%E3%83%BC%E3%83%B3%E3%83%96%E3%83%AA%E3%83%83%E3%83%84,アウトバーンブリッツ,2025-06-04,水,https://min-repo.com/2400852/,2400852,満遍なく設定,1の位が4の日。各機種に満遍なく設定が入る想定。,12452,36,3667,"◯L ULTRAMAN
▲スマスロ 緑ドン VIVA!情熱南米編 REVIVAL
▲スマスロ バイオハザード5
▲パチスロ炎炎ノ消防隊",2026-05-13T14:23:03,data/raw/2026-05-13/_E3_82_A2_E3_82_A6_E3_83_88_E3_83_90_E3_83_BC_E3_83_B3_E3_83_96_E3_83_AA_E3_83_83_E3_83_84_list.html
%E3%82%A2%E3%82%A6%E3%83%88%E3%83%90%E3%83%BC%E3%83%B3%E3%83%96%E3%83%AA%E3%83%83%E3%83%84,アウトバーンブリッツ,2025-06-02,月,https://min-repo.com/2398801/,2398801,,,,,2319,☆スマスロモンキーターンV,2026-05-13T14:23:03,data/raw/2026-05-13/_E3_82_A2_E3_82_A6_E3_83_88_E3_83_90_E3_83_BC_E3_83_B3_E3_83_96_E3_83_AA_E3_83_83_E3_83_84_list.html
%E3%82%A2%E3%82%A6%E3%83%88%E3%83%90%E3%83%BC%E3%83%B3%E3%83%96%E3%83%AA%E3%83%83%E3%83%84,アウトバーンブリッツ,2025-06-01,日,https://min-repo.com/2395574/,2395574,,,26116,76,2455,"☆マイジャグラーV
▲末尾0",2026-05-13T14:23:03,data/raw/2026-05-13/_E3_82_A2_E3_82_A6_E3_83_88_E3_83_90_E3_83_BC_E3_83_B3_E3_83_96_E3_83_AA_E3_83_83_E3_83_84_list.html
%E3%82%A2%E3%82%A6%E3%83%88%E3%83%90%E3%83%BC%E3%83%B3%E3%83%96%E3%83%AA%E3%83%83%E3%83%84,アウトバーンブリッツ,2025-05-31,土,https://min-repo.com/2393940/,2393940,,,,,1872,▲Lゴジラ,2026-05-13T14:23:03,data/raw/2026-05-13/_E3_82_A2_E3_82_A6_E3_83_88_E3_83_90_E3_83_BC_E3_83_B3_E3_83_96_E3_83_AA_E3_83_83_E3_83_84_list.html
%E3%82%A2%E3%82%A6%E3%83%88%E3%83%90%E3%83%BC%E3%83%B3%E3%83%96%E3%83%AA%E3%83%83%E3%83%84,アウトバーンブリッツ,2025-05-30,金,https://min-repo.com/2391774/,2391774,,,,,1432,,2026-05-13T14:23:03,data/raw/2026-05-13/_E3_82_A2_E3_82_A6_E3_83_88_E3_83_90_E3_83_BC_E3_83_B3_E3_83_96_E3_83_AA_E3_83_83_E3_83_84_list.html
%E3%82%A2%E3%82%A6%E3%83%88%E3%83%90%E3%83%BC%E3%83%B3%E3%83%96%E3%83%AA%E3%83%83%E3%83%84,アウトバーンブリッツ,2025-05-29,木,https://min-repo.com/2389153/,2389153,,,4681,14,1272,,2026-05-13T14:23:03,data/raw/2026-05-13/_E3_82_A2_E3_82_A6_E3_83_88_E3_83_90_E3_83_BC_E3_83_B3_E3_83_96_E3_83_AA_E3_83_83_E3_83_84_list.html
%E3%82%A2%E3%82%A6%E3%83%88%E3%83%90%E3%83%BC%E3%83%B3%E3%83%96%E3%83%AA%E3%83%83%E3%83%84,アウトバーンブリッツ,2025-05-28,水,https://min-repo.com/2386598/,2386598,満遍なく設定,1の位が8の日。各機種に満遍なく設定が入る想定。,78036,228,3007,"◎吉宗
▲スマスロ バイオハザード5
▲Lパチスロ革命機ヴァルヴレイヴ",2026-05-13T14:23:03,data/raw/2026-05-13/_E3_82_A2_E3_82_A6_E3_83_88_E3_83_90_E3_83_BC_E3_83_B3_E3_83_96_E3_83_AA_E3_83_83_E3_83_84_list.html
%E3%82%A2%E3%82%A6%E3%83%88%E3%83%90%E3%83%BC%E3%83%B3%E3%83%96%E3%83%AA%E3%83%83%E3%83%84,アウトバーンブリッツ,2025-05-27,火,https://min-repo.com/2385231/,2385231,,,,,1595,☆Lパチスロ炎炎ノ消防隊,2026-05-13T14:23:03,data/raw/2026-05-13/_E3_82_A2_E3_82_A6_E3_83_88_E3_83_90_E3_83_BC_E3_83_B3_E3_83_96_E3_83_AA_E3_83_83_E3_83_84_list.html
%E3%82%A2%E3%82%A6%E3%83%88%E3%83%90%E3%83%BC%E3%83%B3%E3%83%96%E3%83%AA%E3%83%83%E3%83%84,アウトバーンブリッツ,2025-05-26,月,https://min-repo.com/2383256/,2383256,,,,,1903,◯ジャグラーガールズSS,2026-05-13T14:23:03,data/raw/2026-05-13/_E3_82_A2_E3_82_A6_E3_83_88_E3_83_90_E3_83_BC_E3_83_B3_E3_83_96_E3_83_AA_E3_83_83_E3_83_84_list.html
%E3%82%A2%E3%82%A6%E3%83%88%E3%83%90%E3%83%BC%E3%83%B3%E3%83%96%E3%83%AA%E3%83%83%E3%83%84,アウトバーンブリッツ,2025-05-25,日,https://min-repo.com/2380791/,2380791,,,,,2275,"☆スマスロ 緑ドン VIVA!情熱南米編 REVIVAL
◎マイジャグラーV
▲Lパチスロ 機動戦士ガンダムSEED
▲スマスロ モンスターハンターライズ",2026-05-13T14:23:03,data/raw/2026-05-13/_E3_82_A2_E3_82_A6_E3_83_88_E3_83_90_E3_83_BC_E3_83_B3_E3_83_96_E3_83_AA_E3_83_83_E3_83_84_list.html
%E3%82%A2%E3%82%A6%E3%83%88%E3%83%90%E3%83%BC%E3%83%B3%E3%83%96%E3%83%AA%E3%83%83%E3%83%84,アウトバーンブリッツ,2025-05-24,土,https://min-repo.com/2378298/,2378298,満遍なく設定,1の位が4の日。各機種に満遍なく設定が入る想定。,,,3923,,2026-05-13T14:23:03,data/raw/2026-05-13/_E3_82_A2_E3_82_A6_E3_83_88_E3_83_90_E3_83_BC_E3_83_B3_E3_83_96_E3_83_AA_E3_83_83_E3_83_84_list.html
%E3%82%A2%E3%82%A6%E3%83%88%E3%83%90%E3%83%BC%E3%83%B3%E3%83%96%E3%83%AA%E3%83%83%E3%83%84,アウトバーンブリッツ,2025-05-23,金,https://min-repo.com/2377035/,2377035,,,1612,5,1442,◯スマスロ バイオハザード5,2026-05-13T14:23:03,data/raw/2026-05-13/_E3_82_A2_E3_82_A6_E3_83_88_E3_83_90_E3_83_BC_E3_83_B3_E3_83_96_E3_83_AA_E3_83_83_E3_83_84_list.html
%E3%82%A2%E3%82%A6%E3%83%88%E3%83%90%E3%83%BC%E3%83%B3%E3%83%96%E3%83%AA%E3%83%83%E3%83%84,アウトバーンブリッツ,2025-05-22,木,https://min-repo.com/2374866/,2374866,,,11438,33,1437,▲スマスロ痛いのは嫌なので防御力に極振りしたいと思います。,2026-05-13T14:23:03,data/raw/2026-05-13/_E3_82_A2_E3_82_A6_E3_83_88_E3_83_90_E3_83_BC_E3_83_B3_E3_83_96_E3_83_AA_E3_83_83_E3_83_84_list.html
%E3%82%A2%E3%82%A6%E3%83%88%E3%83%90%E3%83%BC%E3%83%B3%E3%83%96%E3%83%AA%E3%83%83%E3%83%84,アウトバーンブリッツ,2025-05-21,水,https://min-repo.com/2373054/,2373054,,,,,1716,,2026-05-13T14:23:03,data/raw/2026-05-13/_E3_82_A2_E3_82_A6_E3_83_88_E3_83_90_E3_83_BC_E3_83_B3_E3_83_96_E3_83_AA_E3_83_83_E3_83_84_list.html
%E3%82%A2%E3%82%A6%E3%83%88%E3%83%90%E3%83%BC%E3%83%B3%E3%83%96%E3%83%AA%E3%83%83%E3%83%84,アウトバーンブリッツ,2025-05-20,火,https://min-repo.com/2371198/,2371198,,,19190,56,1716,,2026-05-13T14:23:03,data/raw/2026-05-13/_E3_82_A2_E3_82_A6_E3_83_88_E3_83_90_E3_83_BC_E3_83_B3_E3_83_96_E3_83_AA_E3_83_83_E3_83_84_list.html
%E3%82%A2%E3%82%A6%E3%83%88%E3%83%90%E3%83%BC%E3%83%B3%E3%83%96%E3%83%AA%E3%83%83%E3%83%84,アウトバーンブリッツ,2025-05-19,月,https://min-repo.com/2368677/,2368677,,,,,1411,"▲スマスロ 緑ドン VIVA!情熱南米編 REVIVAL
▲吉宗",2026-05-13T14:23:03,data/raw/2026-05-13/_E3_82_A2_E3_82_A6_E3_83_88_E3_83_90_E3_83_BC_E3_83_B3_E3_83_96_E3_83_AA_E3_83_83_E3_83_84_list.html
%E3%82%A2%E3%82%A6%E3%83%88%E3%83%90%E3%83%BC%E3%83%B3%E3%83%96%E3%83%AA%E3%83%83%E3%83%84,アウトバーンブリッツ,2025-05-18,日,https://min-repo.com/2366161/,2366161,満遍なく設定,1の位が8の日。各機種に満遍なく設定が入る想定。,26862,79,3327,"▲スマスロ モンスターハンターライズ
▲スマスロ痛いのは嫌なので防御力に極振りしたいと思います。",2026-05-13T14:23:03,data/raw/2026-05-13/_E3_82_A2_E3_82_A6_E3_83_88_E3_83_90_E3_83_BC_E3_83_B3_E3_83_96_E3_83_AA_E3_83_83_E3_83_84_list.html
%E3%82%A2%E3%82%A6%E3%83%88%E3%83%90%E3%83%BC%E3%83%B3%E3%83%96%E3%83%AA%E3%83%83%E3%83%84,アウトバーンブリッツ,2025-05-17,土,https://min-repo.com/2364668/,2364668,,,,,1927,,2026-05-13T14:23:03,data/raw/2026-05-13/_E3_82_A2_E3_82_A6_E3_83_88_E3_83_90_E3_83_BC_E3_83_B3_E3_83_96_E3_83_AA_E3_83_83_E3_83_84_list.html
%E3%82%A2%E3%82%A6%E3%83%88%E3%83%90%E3%83%BC%E3%83%B3%E3%83%96%E3%83%AA%E3%83%83%E3%83%84,アウトバーンブリッツ,2025-05-16,金,https://min-repo.com/2362637/,2362637,,,53866,158,1456,"☆Lパチスロ 機動戦士ガンダムSEED
▲スマスロ 緑ドン VIVA!情熱南米編 REVIVAL
▲スマスロ マギアレコード 魔法少女まどか☆マギカ外伝",2026-05-13T14:23:03,data/raw/2026-05-13/_E3_82_A2_E3_82_A6_E3_83_88_E3_83_90_E3_83_BC_E3_83_B3_E3_83_96_E3_83_AA_E3_83_83_E3_83_84_list.html
%E3%82%A2%E3%82%A6%E3%83%88%E3%83%90%E3%83%BC%E3%83%B3%E3%83%96%E3%83%AA%E3%83%83%E3%83%84,アウトバーンブリッツ,2025-05-15,木,https://min-repo.com/2360298/,2360298,,,557,2,1658,"☆スマスロ マギアレコード 魔法少女まどか☆マギカ外伝
◯マイジャグラーV
▲スマスロ 緑ドン VIVA!情熱南米編 REVIVAL",2026-05-13T14:23:03,data/raw/2026-05-13/_E3_82_A2_E3_82_A6_E3_83_88_E3_83_90_E3_83_BC_E3_83_B3_E3_83_96_E3_83_AA_E3_83_83_E3_83_84_list.html
%E3%82%A2%E3%82%A6%E3%83%88%E3%83%90%E3%83%BC%E3%83%B3%E3%83%96%E3%83%AA%E3%83%83%E3%83%84,アウトバーンブリッツ,2025-05-14,水,https://min-repo.com/2357898/,2357898,満遍なく設定,1の位が4の日。各機種に満遍なく設定が入る想定。,37318,109,3096,"☆L ToLOVEるダークネス
▲スマスロ マギアレコード 魔法少女まどか☆マギカ外伝
▲吉宗",2026-05-13T14:23:03,data/raw/2026-05-13/_E3_82_A2_E3_82_A6_E3_83_88_E3_83_90_E3_83_BC_E3_83_B3_E3_83_96_E3_83_AA_E3_83_83_E3_83_84_list.html
%E3%82%A2%E3%82%A6%E3%83%88%E3%83%90%E3%83%BC%E3%83%B3%E3%83%96%E3%83%AA%E3%83%83%E3%83%84,アウトバーンブリッツ,2025-05-13,火,https://min-repo.com/2356870/,2356870,,,,,1253,☆ジャグラーガールズSS,2026-05-13T14:23:03,data/raw/2026-05-13/_E3_82_A2_E3_82_A6_E3_83_88_E3_83_90_E3_83_BC_E3_83_B3_E3_83_96_E3_83_AA_E3_83_83_E3_83_84_list.html
%E3%82%A2%E3%82%A6%E3%83%88%E3%83%90%E3%83%BC%E3%83%B3%E3%83%96%E3%83%AA%E3%83%83%E3%83%84,アウトバーンブリッツ,2025-05-12,月,https://min-repo.com/2354544/,2354544,,,,,1953,,2026-05-13T14:23:03,data/raw/2026-05-13/_E3_82_A2_E3_82_A6_E3_83_88_E3_83_90_E3_83_BC_E3_83_B3_E3_83_96_E3_83_AA_E3_83_83_E3_83_84_list.html
%E3%82%A2%E3%82%A6%E3%83%88%E3%83%90%E3%83%BC%E3%83%B3%E3%83%96%E3%83%AA%E3%83%83%E3%83%84,アウトバーンブリッツ,2025-05-11,日,https://min-repo.com/2352750/,2352750,,,12239,36,2422,☆Lゴジラ,2026-05-13T14:23:03,data/raw/2026-05-13/_E3_82_A2_E3_82_A6_E3_83_88_E3_83_90_E3_83_BC_E3_83_B3_E3_83_96_E3_83_AA_E3_83_83_E3_83_84_list.html
%E3%82%A2%E3%82%A6%E3%83%88%E3%83%90%E3%83%BC%E3%83%B3%E3%83%96%E3%83%AA%E3%83%83%E3%83%84,アウトバーンブリッツ,2025-05-10,土,https://min-repo.com/2350152/,2350152,,,,,2440,,2026-05-13T14:23:03,data/raw/2026-05-13/_E3_82_A2_E3_82_A6_E3_83_88_E3_83_90_E3_83_BC_E3_83_B3_E3_83_96_E3_83_AA_E3_83_83_E3_83_84_list.html
%E3%82%A2%E3%82%A6%E3%83%88%E3%83%90%E3%83%BC%E3%83%B3%E3%83%96%E3%83%AA%E3%83%83%E3%83%84,アウトバーンブリッツ,2025-05-08,木,https://min-repo.com/2345812/,2345812,満遍なく設定,1の位が8の日。各機種に満遍なく設定が入る想定。,18893,55,3016,"◯押忍！番長ＺＥＲＯ
◯ジャグラーガールズSS
▲スマスロ ゴッドイーター リザレクション
▲吉宗
▲Lゴジラ
▲スマスロモンキーターンV",2026-05-13T14:23:03,data/raw/2026-05-13/_E3_82_A2_E3_82_A6_E3_83_88_E3_83_90_E3_83_BC_E3_83_B3_E3_83_96_E3_83_AA_E3_83_83_E3_83_84_list.html
%E3%82%A2%E3%82%A6%E3%83%88%E3%83%90%E3%83%BC%E3%83%B3%E3%83%96%E3%83%AA%E3%83%83%E3%83%84,アウトバーンブリッツ,2025-05-07,水,https://min-repo.com/2344458/,2344458,,,,,2538,▲押忍！番長ＺＥＲＯ,2026-05-13T14:23:03,data/raw/2026-05-13/_E3_82_A2_E3_82_A6_E3_83_88_E3_83_90_E3_83_BC_E3_83_B3_E3_83_96_E3_83_AA_E3_83_83_E3_83_84_list.html
%E3%82%A2%E3%82%A6%E3%83%88%E3%83%90%E3%83%BC%E3%83%B3%E3%83%96%E3%83%AA%E3%83%83%E3%83%84,アウトバーンブリッツ,2025-05-06,火,https://min-repo.com/2342278/,2342278,,,,,2564,,2026-05-13T14:23:03,data/raw/2026-05-13/_E3_82_A2_E3_82_A6_E3_83_88_E3_83_90_E3_83_BC_E3_83_B3_E3_83_96_E3_83_AA_E3_83_83_E3_83_84_list.html
%E3%82%A2%E3%82%A6%E3%83%88%E3%83%90%E3%83%BC%E3%83%B3%E3%83%96%E3%83%AA%E3%83%83%E3%83%84,アウトバーンブリッツ,2025-05-05,月,https://min-repo.com/2339855/,2339855,,,144136,421,4623,"☆ハッピージャグラーＶＩＩＩ
◎ファンキージャグラー２ＫＴ
▲スマスロ バイオハザード5
▲スロット ゾンビランドサガ
▲Lゴジラ
▲末尾4",2026-05-13T14:23:03,data/raw/2026-05-13/_E3_82_A2_E3_82_A6_E3_83_88_E3_83_90_E3_83_BC_E3_83_B3_E3_83_96_E3_83_AA_E3_83_83_E3_83_84_list.html
%E3%82%A2%E3%82%A6%E3%83%88%E3%83%90%E3%83%BC%E3%83%B3%E3%83%96%E3%83%AA%E3%83%83%E3%83%84,アウトバーンブリッツ,2025-05-04,日,https://min-repo.com/2337609/,2337609,満遍なく設定,1の位が4の日。各機種に満遍なく設定が入る想定。,40356,118,4003,"☆押忍！番長4
◎スマスロ ゴッドイーター リザレクション
▲Lパチスロ炎炎ノ消防隊",2026-05-13T14:23:03,data/raw/2026-05-13/_E3_82_A2_E3_82_A6_E3_83_88_E3_83_90_E3_83_BC_E3_83_B3_E3_83_96_E3_83_AA_E3_83_83_E3_83_84_list.html
%E3%82%A2%E3%82%A6%E3%83%88%E3%83%90%E3%83%BC%E3%83%B3%E3%83%96%E3%83%AA%E3%83%83%E3%83%84,アウトバーンブリッツ,2025-05-03,土,https://min-repo.com/2335872/,2335872,,,,,2833,,2026-05-13T14:23:03,data/raw/2026-05-13/_E3_82_A2_E3_82_A6_E3_83_88_E3_83_90_E3_83_BC_E3_83_B3_E3_83_96_E3_83_AA_E3_83_83_E3_83_84_list.html
%E3%82%A2%E3%82%A6%E3%83%88%E3%83%90%E3%83%BC%E3%83%B3%E3%83%96%E3%83%AA%E3%83%83%E3%83%84,アウトバーンブリッツ,2025-05-02,金,https://min-repo.com/2333967/,2333967,,,85297,249,2556,"☆スマスロ モンスターハンターライズ
◎スマスロモンキーターンV
◎吉宗
▲スマスロ バイオハザード5
▲Lパチスロ炎炎ノ消防隊",2026-05-13T14:23:03,data/raw/2026-05-13/_E3_82_A2_E3_82_A6_E3_83_88_E3_83_90_E3_83_BC_E3_83_B3_E3_83_96_E3_83_AA_E3_83_83_E3_83_84_list.html
%E3%82%A2%E3%82%A6%E3%83%88%E3%83%90%E3%83%BC%E3%83%B3%E3%83%96%E3%83%AA%E3%83%83%E3%83%84,アウトバーンブリッツ,2025-05-01,木,https://min-repo.com/2331970/,2331970,,,,,2160,"▲吉宗
▲Lゴジラ",2026-05-13T14:23:03,data/raw/2026-05-13/_E3_82_A2_E3_82_A6_E3_83_88_E3_83_90_E3_83_BC_E3_83_B3_E3_83_96_E3_83_AA_E3_83_83_E3_83_84_list.html
%E3%82%A2%E3%82%A6%E3%83%88%E3%83%90%E3%83%BC%E3%83%B3%E3%83%96%E3%83%AA%E3%83%83%E3%83%84,アウトバーンブリッツ,2025-04-30,水,https://min-repo.com/2329820/,2329820,,,38727,113,2324,"☆スマスロ マギアレコード 魔法少女まどか☆マギカ外伝
☆ウルトラミラクルジャグラー
▲Lゴジラ
▲Lパチスロ革命機ヴァルヴレイヴ
▲スマスロ痛いのは嫌なので防御力に極振りしたいと思います。",2026-05-13T14:23:03,data/raw/2026-05-13/_E3_82_A2_E3_82_A6_E3_83_88_E3_83_90_E3_83_BC_E3_83_B3_E3_83_96_E3_83_AA_E3_83_83_E3_83_84_list.html
%E3%82%A2%E3%82%A6%E3%83%88%E3%83%90%E3%83%BC%E3%83%B3%E3%83%96%E3%83%AA%E3%83%83%E3%83%84,アウトバーンブリッツ,2025-04-29,火,https://min-repo.com/2327592/,2327592,,,9887,29,2483,"▲スマスロ モンスターハンターライズ
▲末尾8",2026-05-13T14:23:03,data/raw/2026-05-13/_E3_82_A2_E3_82_A6_E3_83_88_E3_83_90_E3_83_BC_E3_83_B3_E3_83_96_E3_83_AA_E3_83_83_E3_83_84_list.html
%E3%82%A2%E3%82%A6%E3%83%88%E3%83%90%E3%83%BC%E3%83%B3%E3%83%96%E3%83%AA%E3%83%83%E3%83%84,アウトバーンブリッツ,2025-04-28,月,https://min-repo.com/2325011/,2325011,満遍なく設定,1の位が8の日。各機種に満遍なく設定が入る想定。,74761,219,3671,"◎スマスロ痛いのは嫌なので防御力に極振りしたいと思います。
▲スマスロ マギアレコード 魔法少女まどか☆マギカ外伝
▲スマスロバジリスク～甲賀忍法帖～絆2 天膳 BLACK EDITION
▲スマスロ ゴッドイーター リザレクション",2026-05-13T14:23:03,data/raw/2026-05-13/_E3_82_A2_E3_82_A6_E3_83_88_E3_83_90_E3_83_BC_E3_83_B3_E3_83_96_E3_83_AA_E3_83_83_E3_83_84_list.html
%E3%82%A2%E3%82%A6%E3%83%88%E3%83%90%E3%83%BC%E3%83%B3%E3%83%96%E3%83%AA%E3%83%83%E3%83%84,アウトバーンブリッツ,2025-04-27,日,https://min-repo.com/2323349/,2323349,,,43816,128,2959,"◯スマスロモンキーターンV
◯ウルトラミラクルジャグラー
▲Lパチスロ革命機ヴァルヴレイヴ
▲Lパチスロからくりサーカス",2026-05-13T14:23:03,data/raw/2026-05-13/_E3_82_A2_E3_82_A6_E3_83_88_E3_83_90_E3_83_BC_E3_83_B3_E3_83_96_E3_83_AA_E3_83_83_E3_83_84_list.html
%E3%82%A2%E3%82%A6%E3%83%88%E3%83%90%E3%83%BC%E3%83%B3%E3%83%96%E3%83%AA%E3%83%83%E3%83%84,アウトバーンブリッツ,2025-04-26,土,https://min-repo.com/2321134/,2321134,,,68136,199,3314,"☆スマスロ バイオハザード5
☆スマスロ マギアレコード 魔法少女まどか☆マギカ外伝
▲スマスロ モンスターハンターライズ
▲スマスロ ゴッドイーター リザレクション
▲Lスマスロ北斗の拳
▲末尾6",2026-05-13T14:23:03,data/raw/2026-05-13/_E3_82_A2_E3_82_A6_E3_83_88_E3_83_90_E3_83_BC_E3_83_B3_E3_83_96_E3_83_AA_E3_83_83_E3_83_84_list.html
%E3%82%A2%E3%82%A6%E3%83%88%E3%83%90%E3%83%BC%E3%83%B3%E3%83%96%E3%83%AA%E3%83%83%E3%83%84,アウトバーンブリッツ,2025-04-25,金,https://min-repo.com/2318956/,2318956,,,21065,62,2107,"◎吉宗
◯スマスロ バイオハザード5
◯押忍！番長ＺＥＲＯ",2026-05-13T14:23:03,data/raw/2026-05-13/_E3_82_A2_E3_82_A6_E3_83_88_E3_83_90_E3_83_BC_E3_83_B3_E3_83_96_E3_83_AA_E3_83_83_E3_83_84_list.html
%E3%82%A2%E3%82%A6%E3%83%88%E3%83%90%E3%83%BC%E3%83%B3%E3%83%96%E3%83%AA%E3%83%83%E3%83%84,アウトバーンブリッツ,2025-04-24,木,https://min-repo.com/2316778/,2316778,満遍なく設定,1の位が4の日。各機種に満遍なく設定が入る想定。,51025,149,4015,"▲スマスロモンキーターンV
▲Lパチスロからくりサーカス
▲スマスロバジリスク～甲賀忍法帖～絆2 天膳 BLACK EDITION",2026-05-13T14:23:03,data/raw/2026-05-13/_E3_82_A2_E3_82_A6_E3_83_88_E3_83_90_E3_83_BC_E3_83_B3_E3_83_96_E3_83_AA_E3_83_83_E3_83_84_list.html
%E3%82%A2%E3%82%A6%E3%83%88%E3%83%90%E3%83%BC%E3%83%B3%E3%83%96%E3%83%AA%E3%83%83%E3%83%84,アウトバーンブリッツ,2025-04-23,水,https://min-repo.com/2315413/,2315413,,,48571,142,2709,"☆吉宗
☆マイジャグラーV
☆スマスロ バイオハザード5
◯スマスロ マギアレコード 魔法少女まどか☆マギカ外伝
▲スマスロモンキーターンV",2026-05-13T14:23:03,data/raw/2026-05-13/_E3_82_A2_E3_82_A6_E3_83_88_E3_83_90_E3_83_BC_E3_83_B3_E3_83_96_E3_83_AA_E3_83_83_E3_83_84_list.html
%E3%82%A2%E3%82%A6%E3%83%88%E3%83%90%E3%83%BC%E3%83%B3%E3%83%96%E3%83%AA%E3%83%83%E3%83%84,アウトバーンブリッツ,2025-04-22,火,https://min-repo.com/2313027/,2313027,,,60847,178,3491,"☆パチスロ　甲鉄城のカバネリ
◎スマスロモンキーターンV
◯押忍！番長ＺＥＲＯ
▲Lパチスロ革命機ヴァルヴレイヴ
▲Lパチスロからくりサーカス",2026-05-13T14:23:03,data/raw/2026-05-13/_E3_82_A2_E3_82_A6_E3_83_88_E3_83_90_E3_83_BC_E3_83_B3_E3_83_96_E3_83_AA_E3_83_83_E3_83_84_list.html
%E3%82%A2%E3%82%A6%E3%83%88%E3%83%90%E3%83%BC%E3%83%B3%E3%83%96%E3%83%AA%E3%83%83%E3%83%84,アウトバーンブリッツ,2025-04-21,月,https://min-repo.com/2311295/,2311295,,,155324,454,3677,"☆パチスロ炎炎ノ消防隊
▲Lパチスロ革命機ヴァルヴレイヴ
▲Lパチスロ炎炎ノ消防隊",2026-05-13T14:23:03,data/raw/2026-05-13/_E3_82_A2_E3_82_A6_E3_83_88_E3_83_90_E3_83_BC_E3_83_B3_E3_83_96_E3_83_AA_E3_83_83_E3_83_84_list.html
%E3%82%A2%E3%82%A6%E3%83%88%E3%83%90%E3%83%BC%E3%83%B3%E3%83%96%E3%83%AA%E3%83%83%E3%83%84,アウトバーンブリッツ,2025-04-20,日,https://min-repo.com/2309192/,2309192,,,133363,390,3236,"☆Lスマスロ北斗の拳
▲Lパチスロからくりサーカス
▲スマスロ バイオハザード5",2026-05-13T14:23:03,data/raw/2026-05-13/_E3_82_A2_E3_82_A6_E3_83_88_E3_83_90_E3_83_BC_E3_83_B3_E3_83_96_E3_83_AA_E3_83_83_E3_83_84_list.html
%E3%82%A2%E3%82%A6%E3%83%88%E3%83%90%E3%83%BC%E3%83%B3%E3%83%96%E3%83%AA%E3%83%83%E3%83%84,アウトバーンブリッツ,2025-04-19,土,https://min-repo.com/2307245/,2307245,,,39480,115,2584,"◯スマスロ マギアレコード 魔法少女まどか☆マギカ外伝
▲Lパチスロからくりサーカス",2026-05-13T14:23:03,data/raw/2026-05-13/_E3_82_A2_E3_82_A6_E3_83_88_E3_83_90_E3_83_BC_E3_83_B3_E3_83_96_E3_83_AA_E3_83_83_E3_83_84_list.html
%E3%82%A2%E3%82%A6%E3%83%88%E3%83%90%E3%83%BC%E3%83%B3%E3%83%96%E3%83%AA%E3%83%83%E3%83%84,アウトバーンブリッツ,2025-04-18,金,https://min-repo.com/2304582/,2304582,満遍なく設定,1の位が8の日。各機種に満遍なく設定が入る想定。,67462,197,3251,"◯スマスロ マギアレコード 魔法少女まどか☆マギカ外伝
▲スマスロ バイオハザード5
◯末尾ゾロ目",2026-05-13T14:23:03,data/raw/2026-05-13/_E3_82_A2_E3_82_A6_E3_83_88_E3_83_90_E3_83_BC_E3_83_B3_E3_83_96_E3_83_AA_E3_83_83_E3_83_84_list.html
%E3%82%A2%E3%82%A6%E3%83%88%E3%83%90%E3%83%BC%E3%83%B3%E3%83%96%E3%83%AA%E3%83%83%E3%83%84,アウトバーンブリッツ,2025-04-17,木,https://min-repo.com/2302866/,2302866,,,6799,20,2064,"☆Lゴジラ対エヴァンゲリオン
▲スマスロモンキーターンV",2026-05-13T14:23:03,data/raw/2026-05-13/_E3_82_A2_E3_82_A6_E3_83_88_E3_83_90_E3_83_BC_E3_83_B3_E3_83_96_E3_83_AA_E3_83_83_E3_83_84_list.html
%E3%82%A2%E3%82%A6%E3%83%88%E3%83%90%E3%83%BC%E3%83%B3%E3%83%96%E3%83%AA%E3%83%83%E3%83%84,アウトバーンブリッツ,2025-04-16,水,https://min-repo.com/2300886/,2300886,,,63329,185,2656,"☆スマスロ バイオハザード5
▲スマスロ ゴッドイーター リザレクション",2026-05-13T14:23:03,data/raw/2026-05-13/_E3_82_A2_E3_82_A6_E3_83_88_E3_83_90_E3_83_BC_E3_83_B3_E3_83_96_E3_83_AA_E3_83_83_E3_83_84_list.html
%E3%82%A2%E3%82%A6%E3%83%88%E3%83%90%E3%83%BC%E3%83%B3%E3%83%96%E3%83%AA%E3%83%83%E3%83%84,アウトバーンブリッツ,2025-04-15,火,https://min-repo.com/2298452/,2298452,,,89175,261,3273,"▲Lゴジラ
▲Lパチスロ炎炎ノ消防隊
▲Lパチスロからくりサーカス",2026-05-13T14:23:03,data/raw/2026-05-13/_E3_82_A2_E3_82_A6_E3_83_88_E3_83_90_E3_83_BC_E3_83_B3_E3_83_96_E3_83_AA_E3_83_83_E3_83_84_list.html
%E3%82%A2%E3%82%A6%E3%83%88%E3%83%90%E3%83%BC%E3%83%B3%E3%83%96%E3%83%AA%E3%83%83%E3%83%84,アウトバーンブリッツ,2025-04-14,月,https://min-repo.com/2296230/,2296230,満遍なく設定,1の位が4の日。各機種に満遍なく設定が入る想定。,107397,314,3452,"☆押忍！番長ＺＥＲＯ
◎Lスマスロ北斗の拳
▲スマスロ モンスターハンターライズ
▲スマスロバジリスク～甲賀忍法帖～絆2 天膳 BLACK EDITION",2026-05-13T14:23:03,data/raw/2026-05-13/_E3_82_A2_E3_82_A6_E3_83_88_E3_83_90_E3_83_BC_E3_83_B3_E3_83_96_E3_83_AA_E3_83_83_E3_83_84_list.html
%E3%82%A2%E3%82%A6%E3%83%88%E3%83%90%E3%83%BC%E3%83%B3%E3%83%96%E3%83%AA%E3%83%83%E3%83%84,アウトバーンブリッツ,2025-04-13,日,https://min-repo.com/2294846/,2294846,,,111242,325,3999,"☆押忍！番長ＺＥＲＯ
◯ハッピージャグラーＶＩＩＩ
▲Lゴジラ対エヴァンゲリオン
▲Lパチスロ革命機ヴァルヴレイヴ",2026-05-13T14:23:03,data/raw/2026-05-13/_E3_82_A2_E3_82_A6_E3_83_88_E3_83_90_E3_83_BC_E3_83_B3_E3_83_96_E3_83_AA_E3_83_83_E3_83_84_list.html
%E3%82%A2%E3%82%A6%E3%83%88%E3%83%90%E3%83%BC%E3%83%B3%E3%83%96%E3%83%AA%E3%83%83%E3%83%84,アウトバーンブリッツ,2025-04-12,土,https://min-repo.com/2293110/,2293110,,,117973,345,4451,"☆パチスロ　甲鉄城のカバネリ
◎スマスロ ゴッドイーター リザレクション
▲押忍！番長ＺＥＲＯ
▲チバリヨ2
▲スマスロ モンスターハンターライズ",2026-05-13T14:23:03,data/raw/2026-05-13/_E3_82_A2_E3_82_A6_E3_83_88_E3_83_90_E3_83_BC_E3_83_B3_E3_83_96_E3_83_AA_E3_83_83_E3_83_84_list.html
%E3%82%A2%E3%82%A6%E3%83%88%E3%83%90%E3%83%BC%E3%83%B3%E3%83%96%E3%83%AA%E3%83%83%E3%83%84,アウトバーンブリッツ,2025-03-23,日,https://min-repo.com/2252672/,2252672,,,,,1462,,2026-05-13T14:23:03,data/raw/2026-05-13/_E3_82_A2_E3_82_A6_E3_83_88_E3_83_90_E3_83_BC_E3_83_B3_E3_83_96_E3_83_AA_E3_83_83_E3_83_84_list.html
%E3%82%A2%E3%82%A6%E3%83%88%E3%83%90%E3%83%BC%E3%83%B3%E3%83%96%E3%83%AA%E3%83%83%E3%83%84,アウトバーンブリッツ,2025-03-22,土,https://min-repo.com/2250473/,2250473,,,,,1700,,2026-05-13T14:23:03,data/raw/2026-05-13/_E3_82_A2_E3_82_A6_E3_83_88_E3_83_90_E3_83_BC_E3_83_B3_E3_83_96_E3_83_AA_E3_83_83_E3_83_84_list.html
%E3%82%A2%E3%82%A6%E3%83%88%E3%83%90%E3%83%BC%E3%83%B3%E3%83%96%E3%83%AA%E3%83%83%E3%83%84,アウトバーンブリッツ,2025-03-21,金,https://min-repo.com/2248613/,2248613,,,8041,45,1476,,2026-05-13T14:23:03,data/raw/2026-05-13/_E3_82_A2_E3_82_A6_E3_83_88_E3_83_90_E3_83_BC_E3_83_B3_E3_83_96_E3_83_AA_E3_83_83_E3_83_84_list.html
%E3%82%A2%E3%82%A6%E3%83%88%E3%83%90%E3%83%BC%E3%83%B3%E3%83%96%E3%83%AA%E3%83%83%E3%83%84,アウトバーンブリッツ,2025-03-20,木,https://min-repo.com/2246481/,2246481,,,15524,86,1862,▲Lパチスロからくりサーカス,2026-05-13T14:23:03,data/raw/2026-05-13/_E3_82_A2_E3_82_A6_E3_83_88_E3_83_90_E3_83_BC_E3_83_B3_E3_83_96_E3_83_AA_E3_83_83_E3_83_84_list.html
%E3%82%A2%E3%82%A6%E3%83%88%E3%83%90%E3%83%BC%E3%83%B3%E3%83%96%E3%83%AA%E3%83%83%E3%83%84,アウトバーンブリッツ,2025-03-19,水,https://min-repo.com/2243864/,2243864,,,,,1650,,2026-05-13T14:23:03,data/raw/2026-05-13/_E3_82_A2_E3_82_A6_E3_83_88_E3_83_90_E3_83_BC_E3_83_B3_E3_83_96_E3_83_AA_E3_83_83_E3_83_84_list.html
%E3%82%A2%E3%82%A6%E3%83%88%E3%83%90%E3%83%BC%E3%83%B3%E3%83%96%E3%83%AA%E3%83%83%E3%83%84,アウトバーンブリッツ,2025-03-18,火,https://min-repo.com/2240932/,2240932,満遍なく設定,1の位が8の日。各機種に満遍なく設定が入る想定。,4268,24,2661,▲Lパチスロ炎炎ノ消防隊,2026-05-13T14:23:03,data/raw/2026-05-13/_E3_82_A2_E3_82_A6_E3_83_88_E3_83_90_E3_83_BC_E3_83_B3_E3_83_96_E3_83_AA_E3_83_83_E3_83_84_list.html
%E3%82%A2%E3%82%A6%E3%83%88%E3%83%90%E3%83%BC%E3%83%B3%E3%83%96%E3%83%AA%E3%83%83%E3%83%84,アウトバーンブリッツ,2025-03-17,月,https://min-repo.com/2240322/,2240322,,,3844,21,1991,,2026-05-13T14:23:03,data/raw/2026-05-13/_E3_82_A2_E3_82_A6_E3_83_88_E3_83_90_E3_83_BC_E3_83_B3_E3_83_96_E3_83_AA_E3_83_83_E3_83_84_list.html
%E3%82%A2%E3%82%A6%E3%83%88%E3%83%90%E3%83%BC%E3%83%B3%E3%83%96%E3%83%AA%E3%83%83%E3%83%84,アウトバーンブリッツ,2025-03-16,日,https://min-repo.com/2238061/,2238061,,,,,2108,,2026-05-13T14:23:03,data/raw/2026-05-13/_E3_82_A2_E3_82_A6_E3_83_88_E3_83_90_E3_83_BC_E3_83_B3_E3_83_96_E3_83_AA_E3_83_83_E3_83_84_list.html
%E3%82%A2%E3%82%A6%E3%83%88%E3%83%90%E3%83%BC%E3%83%B3%E3%83%96%E3%83%AA%E3%83%83%E3%83%84,アウトバーンブリッツ,2025-03-15,土,https://min-repo.com/2235575/,2235575,,,,,2044,,2026-05-13T14:23:03,data/raw/2026-05-13/_E3_82_A2_E3_82_A6_E3_83_88_E3_83_90_E3_83_BC_E3_83_B3_E3_83_96_E3_83_AA_E3_83_83_E3_83_84_list.html
%E3%82%A2%E3%82%A6%E3%83%88%E3%83%90%E3%83%BC%E3%83%B3%E3%83%96%E3%83%AA%E3%83%83%E3%83%84,アウトバーンブリッツ,2025-03-14,金,https://min-repo.com/2232375/,2232375,満遍なく設定,1の位が4の日。各機種に満遍なく設定が入る想定。,,,2936,◯押忍！番長ＺＥＲＯ,2026-05-13T14:23:03,data/raw/2026-05-13/_E3_82_A2_E3_82_A6_E3_83_88_E3_83_90_E3_83_BC_E3_83_B3_E3_83_96_E3_83_AA_E3_83_83_E3_83_84_list.html
%E3%82%A2%E3%82%A6%E3%83%88%E3%83%90%E3%83%BC%E3%83%B3%E3%83%96%E3%83%AA%E3%83%83%E3%83%84,アウトバーンブリッツ,2025-03-13,木,https://min-repo.com/2231673/,2231673,,,,,1470,,2026-05-13T14:23:03,data/raw/2026-05-13/_E3_82_A2_E3_82_A6_E3_83_88_E3_83_90_E3_83_BC_E3_83_B3_E3_83_96_E3_83_AA_E3_83_83_E3_83_84_list.html
%E3%82%A2%E3%82%A6%E3%83%88%E3%83%90%E3%83%BC%E3%83%B3%E3%83%96%E3%83%AA%E3%83%83%E3%83%84,アウトバーンブリッツ,2025-03-12,水,https://min-repo.com/2229738/,2229738,,,19816,110,1558,,2026-05-13T14:23:03,data/raw/2026-05-13/_E3_82_A2_E3_82_A6_E3_83_88_E3_83_90_E3_83_BC_E3_83_B3_E3_83_96_E3_83_AA_E3_83_83_E3_83_84_list.html
%E3%82%A2%E3%82%A6%E3%83%88%E3%83%90%E3%83%BC%E3%83%B3%E3%83%96%E3%83%AA%E3%83%83%E3%83%84,アウトバーンブリッツ,2025-03-11,火,https://min-repo.com/2227806/,2227806,,,19117,106,1725,,2026-05-13T14:23:03,data/raw/2026-05-13/_E3_82_A2_E3_82_A6_E3_83_88_E3_83_90_E3_83_BC_E3_83_B3_E3_83_96_E3_83_AA_E3_83_83_E3_83_84_list.html
%E3%82%A2%E3%82%A6%E3%83%88%E3%83%90%E3%83%BC%E3%83%B3%E3%83%96%E3%83%AA%E3%83%83%E3%83%84,アウトバーンブリッツ,2025-03-10,月,https://min-repo.com/2225695/,2225695,,,,,1411,,2026-05-13T14:23:03,data/raw/2026-05-13/_E3_82_A2_E3_82_A6_E3_83_88_E3_83_90_E3_83_BC_E3_83_B3_E3_83_96_E3_83_AA_E3_83_83_E3_83_84_list.html
%E3%82%A2%E3%82%A6%E3%83%88%E3%83%90%E3%83%BC%E3%83%B3%E3%83%96%E3%83%AA%E3%83%83%E3%83%84,アウトバーンブリッツ,2025-03-09,日,https://min-repo.com/2223300/,2223300,,,,,1936,,2026-05-13T14:23:03,data/raw/2026-05-13/_E3_82_A2_E3_82_A6_E3_83_88_E3_83_90_E3_83_BC_E3_83_B3_E3_83_96_E3_83_AA_E3_83_83_E3_83_84_list.html
%E3%82%A2%E3%82%A6%E3%83%88%E3%83%90%E3%83%BC%E3%83%B3%E3%83%96%E3%83%AA%E3%83%83%E3%83%84,アウトバーンブリッツ,2025-03-08,土,https://min-repo.com/2220522/,2220522,満遍なく設定,1の位が8の日。各機種に満遍なく設定が入る想定。,,,3364,▲スマスロモンキーターンV,2026-05-13T14:23:03,data/raw/2026-05-13/_E3_82_A2_E3_82_A6_E3_83_88_E3_83_90_E3_83_BC_E3_83_B3_E3_83_96_E3_83_AA_E3_83_83_E3_83_84_list.html
%E3%82%A2%E3%82%A6%E3%83%88%E3%83%90%E3%83%BC%E3%83%B3%E3%83%96%E3%83%AA%E3%83%83%E3%83%84,アウトバーンブリッツ,2025-03-07,金,https://min-repo.com/2219417/,2219417,,,,,1761,,2026-05-13T14:23:03,data/raw/2026-05-13/_E3_82_A2_E3_82_A6_E3_83_88_E3_83_90_E3_83_BC_E3_83_B3_E3_83_96_E3_83_AA_E3_83_83_E3_83_84_list.html
%E3%82%A2%E3%82%A6%E3%83%88%E3%83%90%E3%83%BC%E3%83%B3%E3%83%96%E3%83%AA%E3%83%83%E3%83%84,アウトバーンブリッツ,2025-03-06,木,https://min-repo.com/2216982/,2216982,,,,,1635,,2026-05-13T14:23:03,data/raw/2026-05-13/_E3_82_A2_E3_82_A6_E3_83_88_E3_83_90_E3_83_BC_E3_83_B3_E3_83_96_E3_83_AA_E3_83_83_E3_83_84_list.html
